telemetry_id,machine_id,timestamp,vibration_mm_s,temperature_celsius,current_ampere,pressure_bar,operating_rpm,machine_state
TEL-10001,MCH-COILING-01,2026-07-01 00:00:00,1.56,51.9,35.9,157.3,1436.8,RUNNING
TEL-10002,MCH-COILING-02,2026-07-01 00:00:00,1.68,51.8,38.2,156.7,1447.7,RUNNING
TEL-10003,MCH-HEATTREAT-01,2026-07-01 00:00:00,1.4,853.6,37.1,156.3,0.0,RUNNING
TEL-10004,MCH-TEMPERING-01,2026-07-01 00:00:00,1.57,53.1,37.1,158.9,0.0,RUNNING
TEL-10005,MCH-SHOTPEEN-01,2026-07-01 00:00:00,1.6,53.9,38.7,154.5,0.0,RUNNING
TEL-10006,MCH-STABILIZER-01,2026-07-01 00:00:00,1.15,50.1,37.1,158.8,0.0,RUNNING
TEL-10007,MCH-TESTING-01,2026-07-01 00:00:00,1.53,57.2,37.2,156.6,0.0,RUNNING
TEL-10008,MCH-COILING-01,2026-07-01 01:00:00,1.67,52.5,36.8,160.5,1441.1,RUNNING
TEL-10009,MCH-COILING-02,2026-07-01 01:00:00,1.38,52.6,37.8,155.8,1444.5,RUNNING
TEL-10010,MCH-HEATTREAT-01,2026-07-01 01:00:00,1.03,853.0,37.9,161.3,0.0,RUNNING
TEL-10011,MCH-TEMPERING-01,2026-07-01 01:00:00,1.27,51.1,38.3,159.7,0.0,RUNNING
TEL-10012,MCH-SHOTPEEN-01,2026-07-01 01:00:00,1.51,51.7,38.6,157.8,0.0,RUNNING
TEL-10013,MCH-STABILIZER-01,2026-07-01 01:00:00,1.52,53.1,35.3,159.6,0.0,RUNNING
TEL-10014,MCH-TESTING-01,2026-07-01 01:00:00,1.74,57.6,36.9,153.7,0.0,RUNNING
TEL-10015,MCH-COILING-01,2026-07-01 02:00:00,1.72,50.5,37.0,159.2,1441.1,RUNNING
TEL-10016,MCH-COILING-02,2026-07-01 02:00:00,1.39,53.2,38.5,159.0,1437.8,RUNNING
TEL-10017,MCH-HEATTREAT-01,2026-07-01 02:00:00,1.11,850.0,37.2,159.1,0.0,RUNNING
TEL-10018,MCH-TEMPERING-01,2026-07-01 02:00:00,1.48,52.9,36.8,154.5,0.0,RUNNING
TEL-10019,MCH-SHOTPEEN-01,2026-07-01 02:00:00,1.72,56.5,37.7,158.6,0.0,RUNNING
TEL-10020,MCH-STABILIZER-01,2026-07-01 02:00:00,1.18,49.7,36.2,160.1,0.0,RUNNING
TEL-10021,MCH-TESTING-01,2026-07-01 02:00:00,1.82,57.3,37.1,154.5,0.0,RUNNING
TEL-10022,MCH-COILING-01,2026-07-01 03:00:00,1.81,54.5,36.5,158.6,1439.6,RUNNING
TEL-10023,MCH-COILING-02,2026-07-01 03:00:00,1.63,56.4,38.3,159.3,1435.7,RUNNING
TEL-10024,MCH-HEATTREAT-01,2026-07-01 03:00:00,1.13,856.1,37.3,160.5,0.0,RUNNING
TEL-10025,MCH-TEMPERING-01,2026-07-01 03:00:00,1.29,54.4,35.8,159.7,0.0,RUNNING
TEL-10026,MCH-SHOTPEEN-01,2026-07-01 03:00:00,1.46,56.0,37.5,155.4,0.0,RUNNING
TEL-10027,MCH-STABILIZER-01,2026-07-01 03:00:00,1.21,49.1,35.9,156.7,0.0,RUNNING
TEL-10028,MCH-TESTING-01,2026-07-01 03:00:00,1.86,53.3,38.4,155.4,0.0,RUNNING
TEL-10029,MCH-COILING-01,2026-07-01 04:00:00,1.71,54.8,35.6,160.7,1440.4,RUNNING
TEL-10030,MCH-COILING-02,2026-07-01 04:00:00,1.39,50.8,37.1,158.3,1444.4,RUNNING
TEL-10031,MCH-HEATTREAT-01,2026-07-01 04:00:00,1.2,852.5,36.6,156.9,0.0,RUNNING
TEL-10032,MCH-TEMPERING-01,2026-07-01 04:00:00,1.18,55.3,37.1,158.8,0.0,RUNNING
TEL-10033,MCH-SHOTPEEN-01,2026-07-01 04:00:00,1.63,53.0,36.3,157.5,0.0,RUNNING
TEL-10034,MCH-STABILIZER-01,2026-07-01 04:00:00,1.25,54.4,37.5,156.5,0.0,RUNNING
TEL-10035,MCH-TESTING-01,2026-07-01 04:00:00,1.64,54.1,37.3,153.8,0.0,RUNNING
TEL-10036,MCH-COILING-01,2026-07-01 05:00:00,1.87,53.1,37.9,158.5,1444.0,RUNNING
TEL-10037,MCH-COILING-02,2026-07-01 05:00:00,1.28,51.9,37.1,157.4,1454.6,RUNNING
TEL-10038,MCH-HEATTREAT-01,2026-07-01 05:00:00,1.18,851.4,36.3,160.7,0.0,RUNNING
TEL-10039,MCH-TEMPERING-01,2026-07-01 05:00:00,1.25,49.9,37.0,158.2,0.0,RUNNING
TEL-10040,MCH-SHOTPEEN-01,2026-07-01 05:00:00,1.69,55.5,38.1,154.9,0.0,RUNNING
TEL-10041,MCH-STABILIZER-01,2026-07-01 05:00:00,1.13,50.5,36.7,159.8,0.0,RUNNING
TEL-10042,MCH-TESTING-01,2026-07-01 05:00:00,1.64,55.6,37.0,157.2,0.0,RUNNING
TEL-10043,MCH-COILING-01,2026-07-01 06:00:00,1.6,53.0,35.3,159.4,1458.1,RUNNING
TEL-10044,MCH-COILING-02,2026-07-01 06:00:00,1.45,51.2,38.7,157.1,1436.5,RUNNING
TEL-10045,MCH-HEATTREAT-01,2026-07-01 06:00:00,1.34,853.0,37.3,159.3,0.0,RUNNING
TEL-10046,MCH-TEMPERING-01,2026-07-01 06:00:00,1.42,55.5,38.2,158.1,0.0,RUNNING
TEL-10047,MCH-SHOTPEEN-01,2026-07-01 06:00:00,1.57,56.1,37.7,158.9,0.0,RUNNING
TEL-10048,MCH-STABILIZER-01,2026-07-01 06:00:00,1.31,50.6,36.1,158.6,0.0,RUNNING
TEL-10049,MCH-TESTING-01,2026-07-01 06:00:00,1.69,55.5,37.3,153.5,0.0,RUNNING
TEL-10050,MCH-COILING-01,2026-07-01 07:00:00,1.61,50.8,36.9,155.7,1441.9,RUNNING
TEL-10051,MCH-COILING-02,2026-07-01 07:00:00,1.57,50.5,37.0,157.2,1447.5,RUNNING
TEL-10052,MCH-HEATTREAT-01,2026-07-01 07:00:00,1.17,855.9,36.7,159.5,0.0,RUNNING
TEL-10053,MCH-TEMPERING-01,2026-07-01 07:00:00,1.49,51.8,35.5,156.6,0.0,RUNNING
TEL-10054,MCH-SHOTPEEN-01,2026-07-01 07:00:00,1.71,56.9,37.3,158.0,0.0,RUNNING
TEL-10055,MCH-STABILIZER-01,2026-07-01 07:00:00,1.36,50.3,36.0,157.3,0.0,IDLE
TEL-10056,MCH-TESTING-01,2026-07-01 07:00:00,1.61,55.9,37.7,154.0,0.0,RUNNING
TEL-10057,MCH-COILING-01,2026-07-01 08:00:00,1.55,52.8,35.3,157.2,1451.9,IDLE
TEL-10058,MCH-COILING-02,2026-07-01 08:00:00,1.54,50.9,37.2,154.3,1446.4,RUNNING
TEL-10059,MCH-HEATTREAT-01,2026-07-01 08:00:00,1.13,855.0,36.1,159.8,0.0,RUNNING
TEL-10060,MCH-TEMPERING-01,2026-07-01 08:00:00,1.28,49.9,35.6,157.7,0.0,RUNNING
TEL-10061,MCH-SHOTPEEN-01,2026-07-01 08:00:00,1.51,54.9,38.4,157.5,0.0,RUNNING
TEL-10062,MCH-STABILIZER-01,2026-07-01 08:00:00,1.5,50.2,35.4,155.6,0.0,RUNNING
TEL-10063,MCH-TESTING-01,2026-07-01 08:00:00,1.75,55.1,37.1,157.2,0.0,RUNNING
TEL-10064,MCH-COILING-01,2026-07-01 09:00:00,1.57,52.7,37.5,155.5,1459.6,RUNNING
TEL-10065,MCH-COILING-02,2026-07-01 09:00:00,1.33,50.2,36.8,158.0,1463.7,RUNNING
TEL-10066,MCH-HEATTREAT-01,2026-07-01 09:00:00,1.28,850.5,37.0,159.1,0.0,RUNNING
TEL-10067,MCH-TEMPERING-01,2026-07-01 09:00:00,1.49,54.9,37.3,155.2,0.0,RUNNING
TEL-10068,MCH-SHOTPEEN-01,2026-07-01 09:00:00,1.68,52.9,37.4,155.8,0.0,RUNNING
TEL-10069,MCH-STABILIZER-01,2026-07-01 09:00:00,1.26,54.4,37.8,155.4,0.0,RUNNING
TEL-10070,MCH-TESTING-01,2026-07-01 09:00:00,1.73,56.8,38.6,155.6,0.0,RUNNING
TEL-10071,MCH-COILING-01,2026-07-01 10:00:00,1.88,50.5,37.7,158.1,1449.5,RUNNING
TEL-10072,MCH-COILING-02,2026-07-01 10:00:00,1.58,51.8,38.4,158.9,1437.6,RUNNING
TEL-10073,MCH-HEATTREAT-01,2026-07-01 10:00:00,1.1,853.0,36.7,157.6,0.0,IDLE
TEL-10074,MCH-TEMPERING-01,2026-07-01 10:00:00,1.52,50.5,36.1,159.2,0.0,RUNNING
TEL-10075,MCH-SHOTPEEN-01,2026-07-01 10:00:00,1.72,55.2,36.9,153.6,0.0,RUNNING
TEL-10076,MCH-STABILIZER-01,2026-07-01 10:00:00,1.16,53.6,36.8,159.3,0.0,RUNNING
TEL-10077,MCH-TESTING-01,2026-07-01 10:00:00,1.74,54.6,38.8,153.6,0.0,RUNNING
TEL-10078,MCH-COILING-01,2026-07-01 11:00:00,1.77,50.7,37.0,157.7,1450.9,RUNNING
TEL-10079,MCH-COILING-02,2026-07-01 11:00:00,1.58,52.2,37.9,155.6,1442.5,RUNNING
TEL-10080,MCH-HEATTREAT-01,2026-07-01 11:00:00,1.08,850.8,36.5,159.9,0.0,RUNNING
TEL-10081,MCH-TEMPERING-01,2026-07-01 11:00:00,1.27,52.5,37.7,160.3,0.0,RUNNING
TEL-10082,MCH-SHOTPEEN-01,2026-07-01 11:00:00,1.48,51.3,36.7,154.9,0.0,RUNNING
TEL-10083,MCH-STABILIZER-01,2026-07-01 11:00:00,1.13,52.4,36.1,160.6,0.0,RUNNING
TEL-10084,MCH-TESTING-01,2026-07-01 11:00:00,1.76,52.3,39.1,156.0,0.0,RUNNING
TEL-10085,MCH-COILING-01,2026-07-01 12:00:00,1.73,51.8,36.6,156.0,1436.5,RUNNING
TEL-10086,MCH-COILING-02,2026-07-01 12:00:00,1.47,55.4,37.0,154.4,1453.9,RUNNING
TEL-10087,MCH-HEATTREAT-01,2026-07-01 12:00:00,1.06,853.7,35.8,161.3,0.0,RUNNING
TEL-10088,MCH-TEMPERING-01,2026-07-01 12:00:00,1.49,53.3,37.9,155.8,0.0,RUNNING
TEL-10089,MCH-SHOTPEEN-01,2026-07-01 12:00:00,1.55,53.5,38.7,159.5,0.0,RUNNING
TEL-10090,MCH-STABILIZER-01,2026-07-01 12:00:00,1.37,52.9,37.5,160.4,0.0,RUNNING
TEL-10091,MCH-TESTING-01,2026-07-01 12:00:00,1.56,55.8,36.9,154.1,0.0,RUNNING
TEL-10092,MCH-COILING-01,2026-07-01 13:00:00,1.5,51.7,37.0,156.6,1441.9,RUNNING
TEL-10093,MCH-COILING-02,2026-07-01 13:00:00,1.56,53.0,37.9,159.5,1458.6,RUNNING
TEL-10094,MCH-HEATTREAT-01,2026-07-01 13:00:00,1.26,856.1,36.2,158.6,0.0,RUNNING
TEL-10095,MCH-TEMPERING-01,2026-07-01 13:00:00,1.55,54.7,35.7,155.4,0.0,RUNNING
TEL-10096,MCH-SHOTPEEN-01,2026-07-01 13:00:00,1.67,54.4,37.0,154.3,0.0,RUNNING
TEL-10097,MCH-STABILIZER-01,2026-07-01 13:00:00,1.4,55.0,36.8,157.7,0.0,RUNNING
TEL-10098,MCH-TESTING-01,2026-07-01 13:00:00,1.49,54.3,37.4,154.5,0.0,RUNNING
TEL-10099,MCH-COILING-01,2026-07-01 14:00:00,1.88,54.2,37.0,160.6,1465.0,RUNNING
TEL-10100,MCH-COILING-02,2026-07-01 14:00:00,1.39,50.3,38.1,156.8,1454.5,RUNNING
TEL-10101,MCH-HEATTREAT-01,2026-07-01 14:00:00,1.07,853.8,36.8,158.3,0.0,RUNNING
TEL-10102,MCH-TEMPERING-01,2026-07-01 14:00:00,1.32,51.5,37.5,159.6,0.0,RUNNING
TEL-10103,MCH-SHOTPEEN-01,2026-07-01 14:00:00,1.64,52.5,38.9,158.4,0.0,RUNNING
TEL-10104,MCH-STABILIZER-01,2026-07-01 14:00:00,1.3,50.9,36.3,160.6,0.0,RUNNING
TEL-10105,MCH-TESTING-01,2026-07-01 14:00:00,1.68,57.9,38.4,156.3,0.0,RUNNING
TEL-10106,MCH-COILING-01,2026-07-01 15:00:00,1.57,51.1,37.5,158.6,1457.8,RUNNING
TEL-10107,MCH-COILING-02,2026-07-01 15:00:00,1.5,56.1,37.1,158.2,1438.6,RUNNING
TEL-10108,MCH-HEATTREAT-01,2026-07-01 15:00:00,1.24,851.6,35.4,158.6,0.0,RUNNING
TEL-10109,MCH-TEMPERING-01,2026-07-01 15:00:00,1.22,55.8,38.2,157.2,0.0,RUNNING
TEL-10110,MCH-SHOTPEEN-01,2026-07-01 15:00:00,1.7,53.9,38.2,156.6,0.0,RUNNING
TEL-10111,MCH-STABILIZER-01,2026-07-01 15:00:00,1.46,55.3,36.0,158.0,0.0,RUNNING
TEL-10112,MCH-TESTING-01,2026-07-01 15:00:00,1.85,54.8,39.1,158.2,0.0,RUNNING
TEL-10113,MCH-COILING-01,2026-07-01 16:00:00,1.81,51.4,38.0,157.9,1459.6,RUNNING
TEL-10114,MCH-COILING-02,2026-07-01 16:00:00,1.4,53.9,38.8,156.9,1439.5,RUNNING
TEL-10115,MCH-HEATTREAT-01,2026-07-01 16:00:00,1.14,853.6,36.5,158.1,0.0,RUNNING
TEL-10116,MCH-TEMPERING-01,2026-07-01 16:00:00,1.26,53.9,37.2,155.8,0.0,RUNNING
TEL-10117,MCH-SHOTPEEN-01,2026-07-01 16:00:00,1.38,55.5,38.2,158.4,0.0,RUNNING
TEL-10118,MCH-STABILIZER-01,2026-07-01 16:00:00,1.39,54.2,38.3,157.7,0.0,IDLE
TEL-10119,MCH-TESTING-01,2026-07-01 16:00:00,1.68,55.3,39.1,158.3,0.0,RUNNING
TEL-10120,MCH-COILING-01,2026-07-01 17:00:00,1.71,51.7,37.4,157.3,1454.6,RUNNING
TEL-10121,MCH-COILING-02,2026-07-01 17:00:00,1.47,56.4,36.8,158.1,1454.5,RUNNING
TEL-10122,MCH-HEATTREAT-01,2026-07-01 17:00:00,1.34,855.6,36.1,157.2,0.0,RUNNING
TEL-10123,MCH-TEMPERING-01,2026-07-01 17:00:00,1.49,55.0,35.6,154.9,0.0,RUNNING
TEL-10124,MCH-SHOTPEEN-01,2026-07-01 17:00:00,1.73,57.1,38.3,156.2,0.0,RUNNING
TEL-10125,MCH-STABILIZER-01,2026-07-01 17:00:00,1.38,54.6,36.6,158.9,0.0,RUNNING
TEL-10126,MCH-TESTING-01,2026-07-01 17:00:00,1.5,56.6,37.3,155.3,0.0,RUNNING
TEL-10127,MCH-COILING-01,2026-07-01 18:00:00,1.71,52.4,37.6,155.9,1437.4,RUNNING
TEL-10128,MCH-COILING-02,2026-07-01 18:00:00,1.53,51.6,38.6,154.8,1448.8,RUNNING
TEL-10129,MCH-HEATTREAT-01,2026-07-01 18:00:00,1.1,850.1,37.3,160.7,0.0,RUNNING
TEL-10130,MCH-TEMPERING-01,2026-07-01 18:00:00,1.25,52.2,36.5,158.0,0.0,RUNNING
TEL-10131,MCH-SHOTPEEN-01,2026-07-01 18:00:00,1.54,52.3,38.6,154.8,0.0,RUNNING
TEL-10132,MCH-STABILIZER-01,2026-07-01 18:00:00,1.32,50.4,37.0,158.2,0.0,RUNNING
TEL-10133,MCH-TESTING-01,2026-07-01 18:00:00,1.6,57.8,38.4,154.7,0.0,RUNNING
TEL-10134,MCH-COILING-01,2026-07-01 19:00:00,1.77,53.6,35.4,158.5,1449.9,RUNNING
TEL-10135,MCH-COILING-02,2026-07-01 19:00:00,1.4,55.2,37.6,156.1,1454.1,RUNNING
TEL-10136,MCH-HEATTREAT-01,2026-07-01 19:00:00,1.27,854.7,36.9,160.4,0.0,RUNNING
TEL-10137,MCH-TEMPERING-01,2026-07-01 19:00:00,1.54,53.5,36.4,157.1,0.0,RUNNING
TEL-10138,MCH-SHOTPEEN-01,2026-07-01 19:00:00,1.66,51.2,37.0,158.0,0.0,RUNNING
TEL-10139,MCH-STABILIZER-01,2026-07-01 19:00:00,1.17,52.4,38.2,157.9,0.0,RUNNING
TEL-10140,MCH-TESTING-01,2026-07-01 19:00:00,1.81,53.1,38.9,155.9,0.0,RUNNING
TEL-10141,MCH-COILING-01,2026-07-01 20:00:00,1.8,50.9,35.6,160.6,1439.2,RUNNING
TEL-10142,MCH-COILING-02,2026-07-01 20:00:00,1.63,54.8,38.8,159.8,1459.1,RUNNING
TEL-10143,MCH-HEATTREAT-01,2026-07-01 20:00:00,1.32,850.1,36.5,158.1,0.0,RUNNING
TEL-10144,MCH-TEMPERING-01,2026-07-01 20:00:00,1.45,53.1,38.0,160.1,0.0,RUNNING
TEL-10145,MCH-SHOTPEEN-01,2026-07-01 20:00:00,1.46,50.8,38.7,156.9,0.0,RUNNING
TEL-10146,MCH-STABILIZER-01,2026-07-01 20:00:00,1.21,49.3,37.8,160.2,0.0,RUNNING
TEL-10147,MCH-TESTING-01,2026-07-01 20:00:00,1.64,52.4,39.3,154.9,0.0,RUNNING
TEL-10148,MCH-COILING-01,2026-07-01 21:00:00,1.54,54.5,35.6,157.6,1455.1,RUNNING
TEL-10149,MCH-COILING-02,2026-07-01 21:00:00,1.66,52.8,38.1,154.9,1447.4,RUNNING
TEL-10150,MCH-HEATTREAT-01,2026-07-01 21:00:00,1.19,852.7,37.8,155.5,0.0,RUNNING
TEL-10151,MCH-TEMPERING-01,2026-07-01 21:00:00,1.36,55.5,38.1,155.0,0.0,RUNNING
TEL-10152,MCH-SHOTPEEN-01,2026-07-01 21:00:00,1.58,57.0,37.2,156.0,0.0,RUNNING
TEL-10153,MCH-STABILIZER-01,2026-07-01 21:00:00,1.17,54.4,36.7,158.7,0.0,RUNNING
TEL-10154,MCH-TESTING-01,2026-07-01 21:00:00,1.72,51.6,38.8,154.5,0.0,RUNNING
TEL-10155,MCH-COILING-01,2026-07-01 22:00:00,1.72,49.2,37.5,156.1,1441.5,RUNNING
TEL-10156,MCH-COILING-02,2026-07-01 22:00:00,1.41,51.0,38.5,154.0,1460.8,RUNNING
TEL-10157,MCH-HEATTREAT-01,2026-07-01 22:00:00,1.05,851.6,35.4,159.3,0.0,IDLE
TEL-10158,MCH-TEMPERING-01,2026-07-01 22:00:00,1.19,54.5,36.2,156.4,0.0,RUNNING
TEL-10159,MCH-SHOTPEEN-01,2026-07-01 22:00:00,1.39,55.5,37.7,158.0,0.0,RUNNING
TEL-10160,MCH-STABILIZER-01,2026-07-01 22:00:00,1.43,52.2,35.6,157.8,0.0,RUNNING
TEL-10161,MCH-TESTING-01,2026-07-01 22:00:00,1.5,56.6,39.0,156.2,0.0,RUNNING
TEL-10162,MCH-COILING-01,2026-07-01 23:00:00,1.88,49.1,36.7,157.3,1455.6,RUNNING
TEL-10163,MCH-COILING-02,2026-07-01 23:00:00,1.65,50.5,36.1,157.6,1437.0,RUNNING
TEL-10164,MCH-HEATTREAT-01,2026-07-01 23:00:00,1.25,853.6,35.9,161.3,0.0,RUNNING
TEL-10165,MCH-TEMPERING-01,2026-07-01 23:00:00,1.36,53.3,35.8,158.7,0.0,RUNNING
TEL-10166,MCH-SHOTPEEN-01,2026-07-01 23:00:00,1.63,55.7,38.3,154.9,0.0,RUNNING
TEL-10167,MCH-STABILIZER-01,2026-07-01 23:00:00,1.21,51.1,36.7,157.2,0.0,RUNNING
TEL-10168,MCH-TESTING-01,2026-07-01 23:00:00,1.65,55.8,37.6,153.9,0.0,RUNNING
TEL-10169,MCH-COILING-01,2026-07-02 00:00:00,1.84,49.9,36.6,159.9,1445.3,RUNNING
TEL-10170,MCH-COILING-02,2026-07-02 00:00:00,1.46,57.3,36.6,155.3,1458.6,RUNNING
TEL-10171,MCH-HEATTREAT-01,2026-07-02 00:00:00,1.14,854.3,36.3,159.6,0.0,RUNNING
TEL-10172,MCH-TEMPERING-01,2026-07-02 00:00:00,1.52,53.9,36.3,155.1,0.0,RUNNING
TEL-10173,MCH-SHOTPEEN-01,2026-07-02 00:00:00,1.76,57.6,38.7,153.1,0.0,RUNNING
TEL-10174,MCH-STABILIZER-01,2026-07-02 00:00:00,1.46,55.6,37.3,159.0,0.0,RUNNING
TEL-10175,MCH-TESTING-01,2026-07-02 00:00:00,1.63,53.4,39.5,157.5,0.0,RUNNING
TEL-10176,MCH-COILING-01,2026-07-02 01:00:00,1.72,54.2,37.4,156.8,1458.1,RUNNING
TEL-10177,MCH-COILING-02,2026-07-02 01:00:00,1.58,53.5,36.6,154.7,1453.1,RUNNING
TEL-10178,MCH-HEATTREAT-01,2026-07-02 01:00:00,0.95,852.6,35.8,161.3,0.0,RUNNING
TEL-10179,MCH-TEMPERING-01,2026-07-02 01:00:00,1.48,50.8,36.0,155.0,0.0,RUNNING
TEL-10180,MCH-SHOTPEEN-01,2026-07-02 01:00:00,1.72,57.1,36.8,158.3,0.0,RUNNING
TEL-10181,MCH-STABILIZER-01,2026-07-02 01:00:00,1.53,55.3,36.7,156.9,0.0,RUNNING
TEL-10182,MCH-TESTING-01,2026-07-02 01:00:00,1.69,52.4,37.3,154.7,0.0,RUNNING
TEL-10183,MCH-COILING-01,2026-07-02 02:00:00,1.93,51.9,36.1,154.4,1462.5,RUNNING
TEL-10184,MCH-COILING-02,2026-07-02 02:00:00,1.71,55.7,37.5,157.2,1462.2,IDLE
TEL-10185,MCH-HEATTREAT-01,2026-07-02 02:00:00,1.01,850.5,37.5,159.3,0.0,RUNNING
TEL-10186,MCH-TEMPERING-01,2026-07-02 02:00:00,1.58,51.5,36.2,155.4,0.0,RUNNING
TEL-10187,MCH-SHOTPEEN-01,2026-07-02 02:00:00,1.76,52.1,39.1,155.9,0.0,RUNNING
TEL-10188,MCH-STABILIZER-01,2026-07-02 02:00:00,1.43,53.0,37.6,156.2,0.0,IDLE
TEL-10189,MCH-TESTING-01,2026-07-02 02:00:00,1.68,55.6,37.2,156.8,0.0,RUNNING
TEL-10190,MCH-COILING-01,2026-07-02 03:00:00,1.78,55.9,37.3,158.9,1450.2,IDLE
TEL-10191,MCH-COILING-02,2026-07-02 03:00:00,1.73,51.0,37.3,155.7,1457.4,RUNNING
TEL-10192,MCH-HEATTREAT-01,2026-07-02 03:00:00,0.95,851.1,36.7,156.3,0.0,RUNNING
TEL-10193,MCH-TEMPERING-01,2026-07-02 03:00:00,1.57,50.8,36.8,156.0,0.0,RUNNING
TEL-10194,MCH-SHOTPEEN-01,2026-07-02 03:00:00,1.84,56.2,39.5,155.7,0.0,RUNNING
TEL-10195,MCH-STABILIZER-01,2026-07-02 03:00:00,1.23,53.9,38.3,154.7,0.0,RUNNING
TEL-10196,MCH-TESTING-01,2026-07-02 03:00:00,1.85,57.6,37.6,154.6,0.0,RUNNING
TEL-10197,MCH-COILING-01,2026-07-02 04:00:00,1.97,52.8,35.8,158.0,1443.6,RUNNING
TEL-10198,MCH-COILING-02,2026-07-02 04:00:00,1.4,55.0,37.0,158.3,1448.1,RUNNING
TEL-10199,MCH-HEATTREAT-01,2026-07-02 04:00:00,1.1,855.7,35.7,156.8,0.0,RUNNING
TEL-10200,MCH-TEMPERING-01,2026-07-02 04:00:00,1.42,55.2,36.6,154.5,0.0,RUNNING
TEL-10201,MCH-SHOTPEEN-01,2026-07-02 04:00:00,1.68,58.2,37.1,154.6,0.0,RUNNING
TEL-10202,MCH-STABILIZER-01,2026-07-02 04:00:00,1.31,51.2,36.8,158.8,0.0,RUNNING
TEL-10203,MCH-TESTING-01,2026-07-02 04:00:00,1.71,54.8,38.8,158.2,0.0,RUNNING
TEL-10204,MCH-COILING-01,2026-07-02 05:00:00,1.81,53.9,38.1,154.5,1455.1,RUNNING
TEL-10205,MCH-COILING-02,2026-07-02 05:00:00,1.59,55.6,36.6,153.7,1460.5,RUNNING
TEL-10206,MCH-HEATTREAT-01,2026-07-02 05:00:00,1.1,850.3,35.4,159.5,0.0,RUNNING
TEL-10207,MCH-TEMPERING-01,2026-07-02 05:00:00,1.65,50.2,36.2,156.7,0.0,RUNNING
TEL-10208,MCH-SHOTPEEN-01,2026-07-02 05:00:00,1.69,52.2,37.0,155.1,0.0,RUNNING
TEL-10209,MCH-STABILIZER-01,2026-07-02 05:00:00,1.29,55.5,35.6,155.6,0.0,RUNNING
TEL-10210,MCH-TESTING-01,2026-07-02 05:00:00,1.9,52.6,39.0,157.0,0.0,RUNNING
TEL-10211,MCH-COILING-01,2026-07-02 06:00:00,1.89,54.3,38.7,155.4,1439.1,RUNNING
TEL-10212,MCH-COILING-02,2026-07-02 06:00:00,1.45,55.4,39.1,158.4,1464.0,RUNNING
TEL-10213,MCH-HEATTREAT-01,2026-07-02 06:00:00,1.19,854.1,36.3,157.4,0.0,RUNNING
TEL-10214,MCH-TEMPERING-01,2026-07-02 06:00:00,1.33,54.6,37.9,155.1,0.0,RUNNING
TEL-10215,MCH-SHOTPEEN-01,2026-07-02 06:00:00,1.6,58.1,38.9,154.3,0.0,RUNNING
TEL-10216,MCH-STABILIZER-01,2026-07-02 06:00:00,1.32,53.0,36.9,160.4,0.0,RUNNING
TEL-10217,MCH-TESTING-01,2026-07-02 06:00:00,1.89,52.3,37.8,157.0,0.0,RUNNING
TEL-10218,MCH-COILING-01,2026-07-02 07:00:00,1.8,52.4,37.4,154.9,1444.5,RUNNING
TEL-10219,MCH-COILING-02,2026-07-02 07:00:00,1.57,54.1,36.5,158.5,1451.5,RUNNING
TEL-10220,MCH-HEATTREAT-01,2026-07-02 07:00:00,1.23,850.3,36.2,160.9,0.0,RUNNING
TEL-10221,MCH-TEMPERING-01,2026-07-02 07:00:00,1.48,52.0,36.3,159.6,0.0,RUNNING
TEL-10222,MCH-SHOTPEEN-01,2026-07-02 07:00:00,1.89,55.1,37.4,153.3,0.0,RUNNING
TEL-10223,MCH-STABILIZER-01,2026-07-02 07:00:00,1.56,51.1,37.4,158.2,0.0,RUNNING
TEL-10224,MCH-TESTING-01,2026-07-02 07:00:00,1.79,55.7,38.4,153.8,0.0,RUNNING
TEL-10225,MCH-COILING-01,2026-07-02 08:00:00,2.0,51.9,38.5,154.4,1460.9,RUNNING
TEL-10226,MCH-COILING-02,2026-07-02 08:00:00,1.76,55.8,36.9,154.8,1452.2,RUNNING
TEL-10227,MCH-HEATTREAT-01,2026-07-02 08:00:00,0.94,855.3,36.3,159.5,0.0,RUNNING
TEL-10228,MCH-TEMPERING-01,2026-07-02 08:00:00,1.37,55.2,37.0,156.7,0.0,RUNNING
TEL-10229,MCH-SHOTPEEN-01,2026-07-02 08:00:00,1.57,54.4,38.0,154.9,0.0,RUNNING
TEL-10230,MCH-STABILIZER-01,2026-07-02 08:00:00,1.52,51.4,38.4,156.5,0.0,RUNNING
TEL-10231,MCH-TESTING-01,2026-07-02 08:00:00,1.84,55.2,37.0,154.2,0.0,RUNNING
TEL-10232,MCH-COILING-01,2026-07-02 09:00:00,1.82,50.7,35.8,159.8,1460.9,RUNNING
TEL-10233,MCH-COILING-02,2026-07-02 09:00:00,1.77,56.6,38.6,159.1,1456.6,RUNNING
TEL-10234,MCH-HEATTREAT-01,2026-07-02 09:00:00,0.99,856.0,36.1,160.9,0.0,RUNNING
TEL-10235,MCH-TEMPERING-01,2026-07-02 09:00:00,1.31,52.5,37.2,155.5,0.0,RUNNING
TEL-10236,MCH-SHOTPEEN-01,2026-07-02 09:00:00,1.53,53.5,38.3,157.9,0.0,RUNNING
TEL-10237,MCH-STABILIZER-01,2026-07-02 09:00:00,1.29,49.3,35.8,155.3,0.0,RUNNING
TEL-10238,MCH-TESTING-01,2026-07-02 09:00:00,1.68,54.5,36.8,153.1,0.0,RUNNING
TEL-10239,MCH-COILING-01,2026-07-02 10:00:00,1.79,51.6,36.8,156.9,1451.5,RUNNING
TEL-10240,MCH-COILING-02,2026-07-02 10:00:00,1.63,54.7,36.5,154.1,1446.2,RUNNING
TEL-10241,MCH-HEATTREAT-01,2026-07-02 10:00:00,1.15,851.9,35.1,159.3,0.0,RUNNING
TEL-10242,MCH-TEMPERING-01,2026-07-02 10:00:00,1.29,50.2,37.9,158.8,0.0,RUNNING
TEL-10243,MCH-SHOTPEEN-01,2026-07-02 10:00:00,1.57,57.5,37.0,158.5,0.0,RUNNING
TEL-10244,MCH-STABILIZER-01,2026-07-02 10:00:00,1.33,53.3,38.0,158.0,0.0,RUNNING
TEL-10245,MCH-TESTING-01,2026-07-02 10:00:00,1.74,55.1,38.3,155.6,0.0,IDLE
TEL-10246,MCH-COILING-01,2026-07-02 11:00:00,1.77,50.5,36.9,156.0,1462.0,RUNNING
TEL-10247,MCH-COILING-02,2026-07-02 11:00:00,1.63,54.6,36.9,157.4,1464.2,RUNNING
TEL-10248,MCH-HEATTREAT-01,2026-07-02 11:00:00,1.02,849.8,36.1,158.8,0.0,RUNNING
TEL-10249,MCH-TEMPERING-01,2026-07-02 11:00:00,1.58,52.4,38.3,155.5,0.0,RUNNING
TEL-10250,MCH-SHOTPEEN-01,2026-07-02 11:00:00,1.79,52.9,37.9,155.4,0.0,RUNNING
TEL-10251,MCH-STABILIZER-01,2026-07-02 11:00:00,1.26,52.5,37.3,157.3,0.0,RUNNING
TEL-10252,MCH-TESTING-01,2026-07-02 11:00:00,1.83,56.5,38.2,156.1,0.0,RUNNING
TEL-10253,MCH-COILING-01,2026-07-02 12:00:00,1.83,52.2,38.6,156.9,1451.0,RUNNING
TEL-10254,MCH-COILING-02,2026-07-02 12:00:00,1.65,56.4,38.2,158.3,1442.9,RUNNING
TEL-10255,MCH-HEATTREAT-01,2026-07-02 12:00:00,1.31,851.3,35.6,161.3,0.0,RUNNING
TEL-10256,MCH-TEMPERING-01,2026-07-02 12:00:00,1.58,54.6,37.9,157.0,0.0,RUNNING
TEL-10257,MCH-SHOTPEEN-01,2026-07-02 12:00:00,1.74,57.8,38.7,154.6,0.0,RUNNING
TEL-10258,MCH-STABILIZER-01,2026-07-02 12:00:00,1.39,55.1,36.7,156.5,0.0,RUNNING
TEL-10259,MCH-TESTING-01,2026-07-02 12:00:00,1.59,52.2,39.5,153.2,0.0,RUNNING
TEL-10260,MCH-COILING-01,2026-07-02 13:00:00,1.9,54.6,36.3,159.1,1443.1,RUNNING
TEL-10261,MCH-COILING-02,2026-07-02 13:00:00,1.49,51.5,38.4,154.9,1436.5,RUNNING
TEL-10262,MCH-HEATTREAT-01,2026-07-02 13:00:00,1.02,851.0,35.0,157.7,0.0,RUNNING
TEL-10263,MCH-TEMPERING-01,2026-07-02 13:00:00,1.54,50.9,38.7,159.9,0.0,RUNNING
TEL-10264,MCH-SHOTPEEN-01,2026-07-02 13:00:00,1.77,57.4,38.0,156.8,0.0,RUNNING
TEL-10265,MCH-STABILIZER-01,2026-07-02 13:00:00,1.29,51.1,35.7,159.1,0.0,RUNNING
TEL-10266,MCH-TESTING-01,2026-07-02 13:00:00,1.63,56.7,39.2,153.0,0.0,RUNNING
TEL-10267,MCH-COILING-01,2026-07-02 14:00:00,1.81,55.2,38.5,154.4,1460.1,RUNNING
TEL-10268,MCH-COILING-02,2026-07-02 14:00:00,1.46,55.6,38.8,155.2,1436.1,RUNNING
TEL-10269,MCH-HEATTREAT-01,2026-07-02 14:00:00,1.17,855.5,35.7,158.4,0.0,RUNNING
TEL-10270,MCH-TEMPERING-01,2026-07-02 14:00:00,1.48,55.8,36.2,157.0,0.0,RUNNING
TEL-10271,MCH-SHOTPEEN-01,2026-07-02 14:00:00,1.84,53.9,38.8,156.8,0.0,RUNNING
TEL-10272,MCH-STABILIZER-01,2026-07-02 14:00:00,1.18,51.5,36.4,158.5,0.0,RUNNING
TEL-10273,MCH-TESTING-01,2026-07-02 14:00:00,1.78,56.0,37.9,155.3,0.0,RUNNING
TEL-10274,MCH-COILING-01,2026-07-02 15:00:00,1.8,50.4,38.6,157.0,1463.1,IDLE
TEL-10275,MCH-COILING-02,2026-07-02 15:00:00,1.53,53.7,36.9,155.5,1452.5,RUNNING
TEL-10276,MCH-HEATTREAT-01,2026-07-02 15:00:00,1.03,851.8,35.4,159.7,0.0,RUNNING
TEL-10277,MCH-TEMPERING-01,2026-07-02 15:00:00,1.34,54.4,38.6,159.3,0.0,RUNNING
TEL-10278,MCH-SHOTPEEN-01,2026-07-02 15:00:00,1.79,55.9,39.4,155.1,0.0,RUNNING
TEL-10279,MCH-STABILIZER-01,2026-07-02 15:00:00,1.56,52.4,36.8,160.4,0.0,RUNNING
TEL-10280,MCH-TESTING-01,2026-07-02 15:00:00,1.82,57.8,38.9,157.6,0.0,RUNNING
TEL-10281,MCH-COILING-01,2026-07-02 16:00:00,1.95,54.2,37.5,158.9,1450.8,RUNNING
TEL-10282,MCH-COILING-02,2026-07-02 16:00:00,1.53,56.7,36.5,158.5,1462.1,RUNNING
TEL-10283,MCH-HEATTREAT-01,2026-07-02 16:00:00,1.14,850.6,37.2,158.3,0.0,RUNNING
TEL-10284,MCH-TEMPERING-01,2026-07-02 16:00:00,1.56,53.2,38.5,156.7,0.0,RUNNING
TEL-10285,MCH-SHOTPEEN-01,2026-07-02 16:00:00,1.56,54.4,38.2,156.2,0.0,RUNNING
TEL-10286,MCH-STABILIZER-01,2026-07-02 16:00:00,1.3,49.4,36.2,154.5,0.0,RUNNING
TEL-10287,MCH-TESTING-01,2026-07-02 16:00:00,1.57,54.6,38.7,156.0,0.0,RUNNING
TEL-10288,MCH-COILING-01,2026-07-02 17:00:00,2.0,56.2,37.1,155.9,1440.4,RUNNING
TEL-10289,MCH-COILING-02,2026-07-02 17:00:00,1.64,55.5,39.0,155.7,1461.7,RUNNING
TEL-10290,MCH-HEATTREAT-01,2026-07-02 17:00:00,1.29,851.9,34.9,161.5,0.0,RUNNING
TEL-10291,MCH-TEMPERING-01,2026-07-02 17:00:00,1.32,55.6,36.1,160.0,0.0,RUNNING
TEL-10292,MCH-SHOTPEEN-01,2026-07-02 17:00:00,1.56,58.1,39.1,157.4,0.0,RUNNING
TEL-10293,MCH-STABILIZER-01,2026-07-02 17:00:00,1.36,54.0,36.8,156.8,0.0,RUNNING
TEL-10294,MCH-TESTING-01,2026-07-02 17:00:00,1.72,52.9,37.2,158.0,0.0,RUNNING
TEL-10295,MCH-COILING-01,2026-07-02 18:00:00,1.65,54.0,37.5,159.8,1461.7,RUNNING
TEL-10296,MCH-COILING-02,2026-07-02 18:00:00,1.41,54.6,37.5,157.5,1461.2,RUNNING
TEL-10297,MCH-HEATTREAT-01,2026-07-02 18:00:00,0.94,852.3,36.3,160.2,0.0,RUNNING
TEL-10298,MCH-TEMPERING-01,2026-07-02 18:00:00,1.33,56.4,36.5,159.5,0.0,RUNNING
TEL-10299,MCH-SHOTPEEN-01,2026-07-02 18:00:00,1.74,56.7,39.0,154.3,0.0,RUNNING
TEL-10300,MCH-STABILIZER-01,2026-07-02 18:00:00,1.57,52.7,36.7,156.1,0.0,RUNNING
TEL-10301,MCH-TESTING-01,2026-07-02 18:00:00,1.77,56.7,37.2,156.8,0.0,RUNNING
TEL-10302,MCH-COILING-01,2026-07-02 19:00:00,1.66,52.0,37.6,156.5,1450.7,RUNNING
TEL-10303,MCH-COILING-02,2026-07-02 19:00:00,1.54,52.7,36.7,156.7,1442.2,RUNNING
TEL-10304,MCH-HEATTREAT-01,2026-07-02 19:00:00,1.27,850.4,36.1,156.0,0.0,RUNNING
TEL-10305,MCH-TEMPERING-01,2026-07-02 19:00:00,1.44,53.4,37.0,155.5,0.0,RUNNING
TEL-10306,MCH-SHOTPEEN-01,2026-07-02 19:00:00,1.54,54.6,37.7,156.1,0.0,RUNNING
TEL-10307,MCH-STABILIZER-01,2026-07-02 19:00:00,1.2,51.7,37.3,154.7,0.0,RUNNING
TEL-10308,MCH-TESTING-01,2026-07-02 19:00:00,1.86,55.7,38.6,154.1,0.0,RUNNING
TEL-10309,MCH-COILING-01,2026-07-02 20:00:00,2.0,51.7,38.4,155.4,1440.7,RUNNING
TEL-10310,MCH-COILING-02,2026-07-02 20:00:00,1.68,55.7,38.9,157.7,1456.1,RUNNING
TEL-10311,MCH-HEATTREAT-01,2026-07-02 20:00:00,1.02,851.6,35.5,158.5,0.0,RUNNING
TEL-10312,MCH-TEMPERING-01,2026-07-02 20:00:00,1.39,52.3,38.4,156.8,0.0,RUNNING
TEL-10313,MCH-SHOTPEEN-01,2026-07-02 20:00:00,1.8,56.7,37.5,154.1,0.0,RUNNING
TEL-10314,MCH-STABILIZER-01,2026-07-02 20:00:00,1.19,54.9,37.7,154.6,0.0,RUNNING
TEL-10315,MCH-TESTING-01,2026-07-02 20:00:00,1.77,56.6,37.5,153.9,0.0,RUNNING
TEL-10316,MCH-COILING-01,2026-07-02 21:00:00,1.87,51.3,37.3,159.8,1445.1,RUNNING
TEL-10317,MCH-COILING-02,2026-07-02 21:00:00,1.58,55.5,38.4,156.3,1457.0,RUNNING
TEL-10318,MCH-HEATTREAT-01,2026-07-02 21:00:00,0.98,853.0,35.2,161.0,0.0,RUNNING
TEL-10319,MCH-TEMPERING-01,2026-07-02 21:00:00,1.65,53.4,38.3,154.5,0.0,RUNNING
TEL-10320,MCH-SHOTPEEN-01,2026-07-02 21:00:00,1.53,51.7,37.0,156.6,0.0,RUNNING
TEL-10321,MCH-STABILIZER-01,2026-07-02 21:00:00,1.24,50.7,36.9,154.8,0.0,RUNNING
TEL-10322,MCH-TESTING-01,2026-07-02 21:00:00,1.91,57.8,38.6,152.8,0.0,RUNNING
TEL-10323,MCH-COILING-01,2026-07-02 22:00:00,1.8,49.9,37.9,157.4,1443.6,RUNNING
TEL-10324,MCH-COILING-02,2026-07-02 22:00:00,1.66,53.6,39.0,154.6,1462.5,RUNNING
TEL-10325,MCH-HEATTREAT-01,2026-07-02 22:00:00,1.02,853.5,35.4,157.8,0.0,RUNNING
TEL-10326,MCH-TEMPERING-01,2026-07-02 22:00:00,1.3,56.2,37.2,155.5,0.0,RUNNING
TEL-10327,MCH-SHOTPEEN-01,2026-07-02 22:00:00,1.63,57.1,36.8,158.8,0.0,RUNNING
TEL-10328,MCH-STABILIZER-01,2026-07-02 22:00:00,1.19,51.9,36.6,157.3,0.0,RUNNING
TEL-10329,MCH-TESTING-01,2026-07-02 22:00:00,1.82,52.4,39.2,156.6,0.0,RUNNING
TEL-10330,MCH-COILING-01,2026-07-02 23:00:00,2.03,56.1,38.4,159.7,1441.9,RUNNING
TEL-10331,MCH-COILING-02,2026-07-02 23:00:00,1.66,54.4,37.0,159.0,1455.5,RUNNING
TEL-10332,MCH-HEATTREAT-01,2026-07-02 23:00:00,1.14,853.8,35.2,160.8,0.0,IDLE
TEL-10333,MCH-TEMPERING-01,2026-07-02 23:00:00,1.35,50.9,38.3,158.9,0.0,RUNNING
TEL-10334,MCH-SHOTPEEN-01,2026-07-02 23:00:00,1.63,55.4,38.3,158.0,0.0,RUNNING
TEL-10335,MCH-STABILIZER-01,2026-07-02 23:00:00,1.39,51.8,37.7,159.2,0.0,RUNNING
TEL-10336,MCH-TESTING-01,2026-07-02 23:00:00,1.57,56.7,37.7,153.3,0.0,RUNNING
TEL-10337,MCH-COILING-01,2026-07-03 00:00:00,1.82,54.9,38.4,159.2,1452.7,RUNNING
TEL-10338,MCH-COILING-02,2026-07-03 00:00:00,1.65,53.4,37.0,155.0,1439.2,RUNNING
TEL-10339,MCH-HEATTREAT-01,2026-07-03 00:00:00,1.26,853.9,36.3,158.1,0.0,RUNNING
TEL-10340,MCH-TEMPERING-01,2026-07-03 00:00:00,1.77,57.0,36.7,154.4,0.0,RUNNING
TEL-10341,MCH-SHOTPEEN-01,2026-07-03 00:00:00,1.65,57.6,38.6,157.8,0.0,RUNNING
TEL-10342,MCH-STABILIZER-01,2026-07-03 00:00:00,1.5,51.5,37.1,157.2,0.0,RUNNING
TEL-10343,MCH-TESTING-01,2026-07-03 00:00:00,1.78,55.6,39.0,155.0,0.0,RUNNING
TEL-10344,MCH-COILING-01,2026-07-03 01:00:00,1.98,55.7,36.7,153.8,1441.7,RUNNING
TEL-10345,MCH-COILING-02,2026-07-03 01:00:00,1.84,55.5,38.9,155.8,1450.3,RUNNING
TEL-10346,MCH-HEATTREAT-01,2026-07-03 01:00:00,1.13,853.7,38.0,158.5,0.0,RUNNING
TEL-10347,MCH-TEMPERING-01,2026-07-03 01:00:00,1.71,53.8,36.9,155.9,0.0,RUNNING
TEL-10348,MCH-SHOTPEEN-01,2026-07-03 01:00:00,1.83,53.8,39.4,152.8,0.0,RUNNING
TEL-10349,MCH-STABILIZER-01,2026-07-03 01:00:00,1.66,50.8,38.5,154.5,0.0,RUNNING
TEL-10350,MCH-TESTING-01,2026-07-03 01:00:00,1.7,57.2,39.0,157.5,0.0,RUNNING
TEL-10351,MCH-COILING-01,2026-07-03 02:00:00,1.92,54.5,38.4,158.5,1459.2,RUNNING
TEL-10352,MCH-COILING-02,2026-07-03 02:00:00,1.74,55.7,37.1,158.7,1443.8,RUNNING
TEL-10353,MCH-HEATTREAT-01,2026-07-03 02:00:00,1.41,853.5,37.7,160.1,0.0,RUNNING
TEL-10354,MCH-TEMPERING-01,2026-07-03 02:00:00,1.7,53.6,36.4,155.0,0.0,RUNNING
TEL-10355,MCH-SHOTPEEN-01,2026-07-03 02:00:00,1.85,53.0,37.2,154.5,0.0,RUNNING
TEL-10356,MCH-STABILIZER-01,2026-07-03 02:00:00,1.65,52.8,36.3,157.6,0.0,RUNNING
TEL-10357,MCH-TESTING-01,2026-07-03 02:00:00,1.76,52.9,39.3,157.0,0.0,RUNNING
TEL-10358,MCH-COILING-01,2026-07-03 03:00:00,2.05,55.1,38.7,156.4,1449.6,RUNNING
TEL-10359,MCH-COILING-02,2026-07-03 03:00:00,1.87,57.3,36.9,158.6,1454.0,RUNNING
TEL-10360,MCH-HEATTREAT-01,2026-07-03 03:00:00,1.36,855.4,36.2,161.0,0.0,RUNNING
TEL-10361,MCH-TEMPERING-01,2026-07-03 03:00:00,1.6,53.0,37.1,156.7,0.0,RUNNING
TEL-10362,MCH-SHOTPEEN-01,2026-07-03 03:00:00,1.91,57.3,39.4,157.1,0.0,IDLE
TEL-10363,MCH-STABILIZER-01,2026-07-03 03:00:00,1.56,55.7,36.0,159.4,0.0,RUNNING
TEL-10364,MCH-TESTING-01,2026-07-03 03:00:00,1.8,58.9,38.2,158.3,0.0,RUNNING
TEL-10365,MCH-COILING-01,2026-07-03 04:00:00,2.1,52.5,38.7,158.9,1437.8,RUNNING
TEL-10366,MCH-COILING-02,2026-07-03 04:00:00,1.56,56.1,38.5,153.1,1453.8,RUNNING
TEL-10367,MCH-HEATTREAT-01,2026-07-03 04:00:00,1.33,853.0,35.3,155.8,0.0,RUNNING
TEL-10368,MCH-TEMPERING-01,2026-07-03 04:00:00,1.43,54.8,37.8,156.1,0.0,IDLE
TEL-10369,MCH-SHOTPEEN-01,2026-07-03 04:00:00,1.71,52.9,39.3,156.7,0.0,RUNNING
TEL-10370,MCH-STABILIZER-01,2026-07-03 04:00:00,1.4,50.8,38.3,154.4,0.0,RUNNING
TEL-10371,MCH-TESTING-01,2026-07-03 04:00:00,1.73,54.9,39.3,157.6,0.0,RUNNING
TEL-10372,MCH-COILING-01,2026-07-03 05:00:00,2.02,51.0,37.7,157.3,1439.9,RUNNING
TEL-10373,MCH-COILING-02,2026-07-03 05:00:00,1.61,56.7,39.4,156.5,1448.3,RUNNING
TEL-10374,MCH-HEATTREAT-01,2026-07-03 05:00:00,1.38,851.1,35.4,159.6,0.0,RUNNING
TEL-10375,MCH-TEMPERING-01,2026-07-03 05:00:00,1.58,56.1,37.0,157.3,0.0,RUNNING
TEL-10376,MCH-SHOTPEEN-01,2026-07-03 05:00:00,1.81,56.8,37.6,158.2,0.0,IDLE
TEL-10377,MCH-STABILIZER-01,2026-07-03 05:00:00,1.65,56.0,36.5,157.5,0.0,RUNNING
TEL-10378,MCH-TESTING-01,2026-07-03 05:00:00,1.77,56.6,39.2,157.1,0.0,RUNNING
TEL-10379,MCH-COILING-01,2026-07-03 06:00:00,1.9,52.1,38.0,154.1,1461.7,IDLE
TEL-10380,MCH-COILING-02,2026-07-03 06:00:00,1.67,53.9,37.8,157.8,1447.6,RUNNING
TEL-10381,MCH-HEATTREAT-01,2026-07-03 06:00:00,1.09,853.3,38.0,155.6,0.0,RUNNING
TEL-10382,MCH-TEMPERING-01,2026-07-03 06:00:00,1.41,52.3,39.0,159.1,0.0,RUNNING
TEL-10383,MCH-SHOTPEEN-01,2026-07-03 06:00:00,1.69,56.8,39.1,155.1,0.0,RUNNING
TEL-10384,MCH-STABILIZER-01,2026-07-03 06:00:00,1.57,53.8,36.4,154.3,0.0,RUNNING
TEL-10385,MCH-TESTING-01,2026-07-03 06:00:00,1.98,58.8,37.3,154.3,0.0,RUNNING
TEL-10386,MCH-COILING-01,2026-07-03 07:00:00,2.06,54.8,38.0,155.5,1448.1,RUNNING
TEL-10387,MCH-COILING-02,2026-07-03 07:00:00,1.62,53.4,39.4,153.5,1453.4,RUNNING
TEL-10388,MCH-HEATTREAT-01,2026-07-03 07:00:00,1.29,854.5,35.5,155.3,0.0,RUNNING
TEL-10389,MCH-TEMPERING-01,2026-07-03 07:00:00,1.41,54.2,37.3,156.5,0.0,RUNNING
TEL-10390,MCH-SHOTPEEN-01,2026-07-03 07:00:00,1.68,54.6,39.0,157.8,0.0,RUNNING
TEL-10391,MCH-STABILIZER-01,2026-07-03 07:00:00,1.36,56.1,36.9,156.4,0.0,RUNNING
TEL-10392,MCH-TESTING-01,2026-07-03 07:00:00,1.72,58.8,38.8,155.4,0.0,RUNNING
TEL-10393,MCH-COILING-01,2026-07-03 08:00:00,1.77,56.1,36.5,154.6,1458.2,RUNNING
TEL-10394,MCH-COILING-02,2026-07-03 08:00:00,1.8,52.6,38.8,152.8,1460.8,IDLE
TEL-10395,MCH-HEATTREAT-01,2026-07-03 08:00:00,1.04,852.6,37.8,156.3,0.0,RUNNING
TEL-10396,MCH-TEMPERING-01,2026-07-03 08:00:00,1.42,56.1,38.4,157.3,0.0,RUNNING
TEL-10397,MCH-SHOTPEEN-01,2026-07-03 08:00:00,1.67,58.1,37.7,157.5,0.0,RUNNING
TEL-10398,MCH-STABILIZER-01,2026-07-03 08:00:00,1.36,54.6,36.1,155.2,0.0,RUNNING
TEL-10399,MCH-TESTING-01,2026-07-03 08:00:00,1.63,55.0,39.5,157.6,0.0,RUNNING
TEL-10400,MCH-COILING-01,2026-07-03 09:00:00,1.87,51.1,37.4,155.9,1443.7,RUNNING
TEL-10401,MCH-COILING-02,2026-07-03 09:00:00,1.82,53.4,37.7,158.6,1464.9,RUNNING
TEL-10402,MCH-HEATTREAT-01,2026-07-03 09:00:00,1.32,853.8,37.4,156.1,0.0,RUNNING
TEL-10403,MCH-TEMPERING-01,2026-07-03 09:00:00,1.41,54.4,38.1,157.5,0.0,IDLE
TEL-10404,MCH-SHOTPEEN-01,2026-07-03 09:00:00,1.71,57.1,37.9,157.0,0.0,RUNNING
TEL-10405,MCH-STABILIZER-01,2026-07-03 09:00:00,1.39,56.6,37.2,159.6,0.0,RUNNING
TEL-10406,MCH-TESTING-01,2026-07-03 09:00:00,1.67,54.3,37.0,153.8,0.0,RUNNING
TEL-10407,MCH-COILING-01,2026-07-03 10:00:00,1.92,56.4,37.4,158.1,1452.4,RUNNING
TEL-10408,MCH-COILING-02,2026-07-03 10:00:00,1.78,54.4,38.4,153.2,1454.9,RUNNING
TEL-10409,MCH-HEATTREAT-01,2026-07-03 10:00:00,1.14,855.7,37.8,157.6,0.0,RUNNING
TEL-10410,MCH-TEMPERING-01,2026-07-03 10:00:00,1.53,53.9,36.9,159.0,0.0,RUNNING
TEL-10411,MCH-SHOTPEEN-01,2026-07-03 10:00:00,1.88,52.9,37.1,155.3,0.0,RUNNING
TEL-10412,MCH-STABILIZER-01,2026-07-03 10:00:00,1.36,52.6,38.2,156.5,0.0,RUNNING
TEL-10413,MCH-TESTING-01,2026-07-03 10:00:00,1.95,53.0,39.3,154.2,0.0,RUNNING
TEL-10414,MCH-COILING-01,2026-07-03 11:00:00,1.99,51.9,38.6,154.5,1456.3,RUNNING
TEL-10415,MCH-COILING-02,2026-07-03 11:00:00,1.68,52.1,37.5,157.7,1440.2,RUNNING
TEL-10416,MCH-HEATTREAT-01,2026-07-03 11:00:00,1.37,853.8,36.6,155.8,0.0,RUNNING
TEL-10417,MCH-TEMPERING-01,2026-07-03 11:00:00,1.72,51.7,36.4,158.1,0.0,RUNNING
TEL-10418,MCH-SHOTPEEN-01,2026-07-03 11:00:00,1.65,54.7,38.8,158.2,0.0,RUNNING
TEL-10419,MCH-STABILIZER-01,2026-07-03 11:00:00,1.55,56.2,36.1,159.8,0.0,RUNNING
TEL-10420,MCH-TESTING-01,2026-07-03 11:00:00,1.87,57.7,37.2,157.5,0.0,RUNNING
TEL-10421,MCH-COILING-01,2026-07-03 12:00:00,1.8,56.7,36.2,159.2,1448.0,RUNNING
TEL-10422,MCH-COILING-02,2026-07-03 12:00:00,1.72,54.3,37.9,154.9,1462.2,RUNNING
TEL-10423,MCH-HEATTREAT-01,2026-07-03 12:00:00,1.2,851.2,36.8,158.9,0.0,RUNNING
TEL-10424,MCH-TEMPERING-01,2026-07-03 12:00:00,1.6,56.7,37.6,153.9,0.0,RUNNING
TEL-10425,MCH-SHOTPEEN-01,2026-07-03 12:00:00,1.74,56.3,39.1,154.1,0.0,RUNNING
TEL-10426,MCH-STABILIZER-01,2026-07-03 12:00:00,1.53,50.4,37.1,158.1,0.0,RUNNING
TEL-10427,MCH-TESTING-01,2026-07-03 12:00:00,1.93,54.7,38.6,154.3,0.0,RUNNING
TEL-10428,MCH-COILING-01,2026-07-03 13:00:00,1.76,54.4,36.1,158.5,1443.4,RUNNING
TEL-10429,MCH-COILING-02,2026-07-03 13:00:00,1.71,54.1,38.4,154.2,1439.8,RUNNING
TEL-10430,MCH-HEATTREAT-01,2026-07-03 13:00:00,1.12,853.7,37.4,159.6,0.0,RUNNING
TEL-10431,MCH-TEMPERING-01,2026-07-03 13:00:00,1.78,54.7,39.2,155.7,0.0,RUNNING
TEL-10432,MCH-SHOTPEEN-01,2026-07-03 13:00:00,1.97,53.3,37.5,154.5,0.0,RUNNING
TEL-10433,MCH-STABILIZER-01,2026-07-03 13:00:00,1.45,54.1,38.0,155.9,0.0,RUNNING
TEL-10434,MCH-TESTING-01,2026-07-03 13:00:00,1.67,58.6,39.4,157.2,0.0,RUNNING
TEL-10435,MCH-COILING-01,2026-07-03 14:00:00,1.97,51.7,36.2,154.0,1453.0,IDLE
TEL-10436,MCH-COILING-02,2026-07-03 14:00:00,1.72,54.0,38.4,157.6,1445.2,RUNNING
TEL-10437,MCH-HEATTREAT-01,2026-07-03 14:00:00,1.35,855.8,35.2,156.1,0.0,RUNNING
TEL-10438,MCH-TEMPERING-01,2026-07-03 14:00:00,1.46,51.6,37.8,155.6,0.0,RUNNING
TEL-10439,MCH-SHOTPEEN-01,2026-07-03 14:00:00,1.85,56.4,38.5,154.6,0.0,RUNNING
TEL-10440,MCH-STABILIZER-01,2026-07-03 14:00:00,1.7,55.0,37.2,157.7,0.0,RUNNING
TEL-10441,MCH-TESTING-01,2026-07-03 14:00:00,1.74,57.0,38.6,157.7,0.0,RUNNING
TEL-10442,MCH-COILING-01,2026-07-03 15:00:00,1.89,54.9,38.5,155.9,1457.0,RUNNING
TEL-10443,MCH-COILING-02,2026-07-03 15:00:00,1.6,51.8,38.7,156.2,1460.5,RUNNING
TEL-10444,MCH-HEATTREAT-01,2026-07-03 15:00:00,1.25,851.4,36.0,160.1,0.0,RUNNING
TEL-10445,MCH-TEMPERING-01,2026-07-03 15:00:00,1.66,51.6,37.7,155.4,0.0,RUNNING
TEL-10446,MCH-SHOTPEEN-01,2026-07-03 15:00:00,1.71,54.2,38.7,158.4,0.0,RUNNING
TEL-10447,MCH-STABILIZER-01,2026-07-03 15:00:00,1.58,55.0,36.9,153.9,0.0,RUNNING
TEL-10448,MCH-TESTING-01,2026-07-03 15:00:00,1.89,54.7,39.2,156.7,0.0,IDLE
TEL-10449,MCH-COILING-01,2026-07-03 16:00:00,1.93,53.3,36.5,156.1,1461.5,RUNNING
TEL-10450,MCH-COILING-02,2026-07-03 16:00:00,1.68,57.2,39.0,156.3,1457.7,RUNNING
TEL-10451,MCH-HEATTREAT-01,2026-07-03 16:00:00,1.21,855.4,35.1,155.3,0.0,RUNNING
TEL-10452,MCH-TEMPERING-01,2026-07-03 16:00:00,1.45,53.1,38.9,154.3,0.0,RUNNING
TEL-10453,MCH-SHOTPEEN-01,2026-07-03 16:00:00,1.95,58.5,37.8,158.5,0.0,RUNNING
TEL-10454,MCH-STABILIZER-01,2026-07-03 16:00:00,1.59,53.1,37.9,157.5,0.0,RUNNING
TEL-10455,MCH-TESTING-01,2026-07-03 16:00:00,1.64,54.6,39.8,154.8,0.0,RUNNING
TEL-10456,MCH-COILING-01,2026-07-03 17:00:00,2.12,54.1,38.0,155.4,1437.9,RUNNING
TEL-10457,MCH-COILING-02,2026-07-03 17:00:00,1.75,55.0,36.8,152.8,1437.6,RUNNING
TEL-10458,MCH-HEATTREAT-01,2026-07-03 17:00:00,1.27,853.3,35.3,156.4,0.0,RUNNING
TEL-10459,MCH-TEMPERING-01,2026-07-03 17:00:00,1.79,54.0,36.6,158.1,0.0,RUNNING
TEL-10460,MCH-SHOTPEEN-01,2026-07-03 17:00:00,1.93,53.9,38.7,154.9,0.0,RUNNING
TEL-10461,MCH-STABILIZER-01,2026-07-03 17:00:00,1.46,51.5,36.0,156.5,0.0,RUNNING
TEL-10462,MCH-TESTING-01,2026-07-03 17:00:00,1.95,56.1,37.3,156.6,0.0,RUNNING
TEL-10463,MCH-COILING-01,2026-07-03 18:00:00,2.02,55.8,37.3,158.2,1441.8,RUNNING
TEL-10464,MCH-COILING-02,2026-07-03 18:00:00,1.68,55.2,39.5,156.9,1463.1,RUNNING
TEL-10465,MCH-HEATTREAT-01,2026-07-03 18:00:00,1.12,852.1,36.2,160.3,0.0,IDLE
TEL-10466,MCH-TEMPERING-01,2026-07-03 18:00:00,1.63,54.3,37.9,159.3,0.0,RUNNING
TEL-10467,MCH-SHOTPEEN-01,2026-07-03 18:00:00,1.95,55.1,39.6,153.6,0.0,RUNNING
TEL-10468,MCH-STABILIZER-01,2026-07-03 18:00:00,1.39,50.5,36.1,157.9,0.0,RUNNING
TEL-10469,MCH-TESTING-01,2026-07-03 18:00:00,1.94,53.4,38.7,154.3,0.0,RUNNING
TEL-10470,MCH-COILING-01,2026-07-03 19:00:00,2.07,51.1,37.7,157.0,1460.7,RUNNING
TEL-10471,MCH-COILING-02,2026-07-03 19:00:00,1.89,51.9,38.7,156.3,1458.5,RUNNING
TEL-10472,MCH-HEATTREAT-01,2026-07-03 19:00:00,1.08,853.9,36.7,161.0,0.0,RUNNING
TEL-10473,MCH-TEMPERING-01,2026-07-03 19:00:00,1.45,56.0,38.6,158.6,0.0,RUNNING
TEL-10474,MCH-SHOTPEEN-01,2026-07-03 19:00:00,1.92,53.9,38.7,156.0,0.0,RUNNING
TEL-10475,MCH-STABILIZER-01,2026-07-03 19:00:00,1.38,52.9,37.8,157.9,0.0,RUNNING
TEL-10476,MCH-TESTING-01,2026-07-03 19:00:00,1.77,58.2,39.0,152.7,0.0,RUNNING
TEL-10477,MCH-COILING-01,2026-07-03 20:00:00,1.86,53.0,37.1,158.4,1444.3,RUNNING
TEL-10478,MCH-COILING-02,2026-07-03 20:00:00,1.87,56.3,39.5,154.2,1444.0,RUNNING
TEL-10479,MCH-HEATTREAT-01,2026-07-03 20:00:00,1.33,852.3,37.2,158.8,0.0,RUNNING
TEL-10480,MCH-TEMPERING-01,2026-07-03 20:00:00,1.58,56.9,37.4,156.3,0.0,RUNNING
TEL-10481,MCH-SHOTPEEN-01,2026-07-03 20:00:00,1.72,52.5,39.1,153.0,0.0,RUNNING
TEL-10482,MCH-STABILIZER-01,2026-07-03 20:00:00,1.47,55.3,37.5,157.2,0.0,RUNNING
TEL-10483,MCH-TESTING-01,2026-07-03 20:00:00,1.96,53.7,37.1,152.6,0.0,RUNNING
TEL-10484,MCH-COILING-01,2026-07-03 21:00:00,1.89,51.8,37.1,156.4,1446.9,RUNNING
TEL-10485,MCH-COILING-02,2026-07-03 21:00:00,1.8,53.4,38.1,155.5,1463.8,RUNNING
TEL-10486,MCH-HEATTREAT-01,2026-07-03 21:00:00,1.25,852.4,37.5,156.8,0.0,RUNNING
TEL-10487,MCH-TEMPERING-01,2026-07-03 21:00:00,1.44,51.1,36.4,158.5,0.0,RUNNING
TEL-10488,MCH-SHOTPEEN-01,2026-07-03 21:00:00,1.66,53.6,37.4,153.8,0.0,RUNNING
TEL-10489,MCH-STABILIZER-01,2026-07-03 21:00:00,1.52,55.9,38.8,157.9,0.0,RUNNING
TEL-10490,MCH-TESTING-01,2026-07-03 21:00:00,1.67,53.6,39.3,153.7,0.0,RUNNING
TEL-10491,MCH-COILING-01,2026-07-03 22:00:00,2.13,55.2,38.2,155.3,1461.9,RUNNING
TEL-10492,MCH-COILING-02,2026-07-03 22:00:00,1.71,53.2,37.5,155.9,1453.7,RUNNING
TEL-10493,MCH-HEATTREAT-01,2026-07-03 22:00:00,1.03,856.7,37.9,160.2,0.0,RUNNING
TEL-10494,MCH-TEMPERING-01,2026-07-03 22:00:00,1.64,52.8,38.3,156.3,0.0,RUNNING
TEL-10495,MCH-SHOTPEEN-01,2026-07-03 22:00:00,1.68,54.3,37.6,156.5,0.0,RUNNING
TEL-10496,MCH-STABILIZER-01,2026-07-03 22:00:00,1.57,51.5,37.5,155.3,0.0,RUNNING
TEL-10497,MCH-TESTING-01,2026-07-03 22:00:00,1.96,57.7,38.1,154.3,0.0,RUNNING
TEL-10498,MCH-COILING-01,2026-07-03 23:00:00,1.76,53.8,36.9,159.1,1447.1,RUNNING
TEL-10499,MCH-COILING-02,2026-07-03 23:00:00,1.76,58.3,39.1,154.9,1456.4,RUNNING
TEL-10500,MCH-HEATTREAT-01,2026-07-03 23:00:00,1.28,853.3,37.8,157.4,0.0,RUNNING
TEL-10501,MCH-TEMPERING-01,2026-07-03 23:00:00,1.47,55.2,37.9,155.1,0.0,RUNNING
TEL-10502,MCH-SHOTPEEN-01,2026-07-03 23:00:00,1.87,56.9,38.4,158.0,0.0,RUNNING
TEL-10503,MCH-STABILIZER-01,2026-07-03 23:00:00,1.67,54.5,36.6,155.2,0.0,RUNNING
TEL-10504,MCH-TESTING-01,2026-07-03 23:00:00,1.78,58.2,38.0,155.9,0.0,RUNNING
TEL-10505,MCH-COILING-01,2026-07-04 00:00:00,2.15,54.2,37.2,155.7,1459.0,RUNNING
TEL-10506,MCH-COILING-02,2026-07-04 00:00:00,2.02,55.8,37.4,155.1,1454.6,RUNNING
TEL-10507,MCH-HEATTREAT-01,2026-07-04 00:00:00,1.2,853.9,35.0,155.7,0.0,RUNNING
TEL-10508,MCH-TEMPERING-01,2026-07-04 00:00:00,1.77,53.8,38.1,154.0,0.0,RUNNING
TEL-10509,MCH-SHOTPEEN-01,2026-07-04 00:00:00,2.1,55.6,37.4,153.2,0.0,RUNNING
TEL-10510,MCH-STABILIZER-01,2026-07-04 00:00:00,1.67,55.3,37.8,157.1,0.0,RUNNING
TEL-10511,MCH-TESTING-01,2026-07-04 00:00:00,1.76,58.1,37.9,154.0,0.0,RUNNING
TEL-10512,MCH-COILING-01,2026-07-04 01:00:00,2.28,53.5,38.1,157.2,1436.4,RUNNING
TEL-10513,MCH-COILING-02,2026-07-04 01:00:00,1.73,57.5,39.2,152.7,1453.3,RUNNING
TEL-10514,MCH-HEATTREAT-01,2026-07-04 01:00:00,1.4,852.8,36.4,159.9,0.0,RUNNING
TEL-10515,MCH-TEMPERING-01,2026-07-04 01:00:00,1.57,54.5,39.4,157.8,0.0,RUNNING
TEL-10516,MCH-SHOTPEEN-01,2026-07-04 01:00:00,2.03,56.1,39.2,157.6,0.0,RUNNING
TEL-10517,MCH-STABILIZER-01,2026-07-04 01:00:00,1.65,54.7,36.5,158.8,0.0,RUNNING
TEL-10518,MCH-TESTING-01,2026-07-04 01:00:00,1.91,56.4,40.0,153.0,0.0,RUNNING
TEL-10519,MCH-COILING-01,2026-07-04 02:00:00,2.19,52.4,37.7,156.5,1461.5,RUNNING
TEL-10520,MCH-COILING-02,2026-07-04 02:00:00,1.83,59.2,39.8,156.7,1443.2,RUNNING
TEL-10521,MCH-HEATTREAT-01,2026-07-04 02:00:00,1.42,853.2,35.4,157.6,0.0,RUNNING
TEL-10522,MCH-TEMPERING-01,2026-07-04 02:00:00,1.82,53.7,38.7,158.0,0.0,RUNNING
TEL-10523,MCH-SHOTPEEN-01,2026-07-04 02:00:00,2.1,57.3,37.8,155.6,0.0,RUNNING
TEL-10524,MCH-STABILIZER-01,2026-07-04 02:00:00,1.59,55.6,39.3,157.1,0.0,RUNNING
TEL-10525,MCH-TESTING-01,2026-07-04 02:00:00,1.91,57.7,38.2,152.6,0.0,RUNNING
TEL-10526,MCH-COILING-01,2026-07-04 03:00:00,2.09,55.3,38.5,155.4,1457.4,RUNNING
TEL-10527,MCH-COILING-02,2026-07-04 03:00:00,1.79,58.4,39.5,155.2,1435.8,RUNNING
TEL-10528,MCH-HEATTREAT-01,2026-07-04 03:00:00,1.3,851.6,37.3,156.1,0.0,RUNNING
TEL-10529,MCH-TEMPERING-01,2026-07-04 03:00:00,1.62,57.2,38.7,154.6,0.0,RUNNING
TEL-10530,MCH-SHOTPEEN-01,2026-07-04 03:00:00,1.73,58.5,37.5,157.1,0.0,RUNNING
TEL-10531,MCH-STABILIZER-01,2026-07-04 03:00:00,1.79,56.1,38.0,154.6,0.0,RUNNING
TEL-10532,MCH-TESTING-01,2026-07-04 03:00:00,2.03,55.0,39.2,157.5,0.0,RUNNING
TEL-10533,MCH-COILING-01,2026-07-04 04:00:00,2.28,57.9,37.4,156.3,1435.4,RUNNING
TEL-10534,MCH-COILING-02,2026-07-04 04:00:00,1.92,58.0,39.7,157.1,1462.3,RUNNING
TEL-10535,MCH-HEATTREAT-01,2026-07-04 04:00:00,1.29,855.2,36.7,158.8,0.0,RUNNING
TEL-10536,MCH-TEMPERING-01,2026-07-04 04:00:00,1.91,53.7,37.1,156.9,0.0,RUNNING
TEL-10537,MCH-SHOTPEEN-01,2026-07-04 04:00:00,1.79,56.6,38.4,154.4,0.0,RUNNING
TEL-10538,MCH-STABILIZER-01,2026-07-04 04:00:00,1.5,55.0,37.1,155.2,0.0,RUNNING
TEL-10539,MCH-TESTING-01,2026-07-04 04:00:00,1.77,54.1,38.2,152.2,0.0,RUNNING
TEL-10540,MCH-COILING-01,2026-07-04 05:00:00,2.14,55.9,38.0,156.4,1445.7,RUNNING
TEL-10541,MCH-COILING-02,2026-07-04 05:00:00,1.8,54.3,37.6,152.5,1450.2,RUNNING
TEL-10542,MCH-HEATTREAT-01,2026-07-04 05:00:00,1.25,850.8,35.7,156.4,0.0,RUNNING
TEL-10543,MCH-TEMPERING-01,2026-07-04 05:00:00,1.67,53.2,38.9,156.0,0.0,RUNNING
TEL-10544,MCH-SHOTPEEN-01,2026-07-04 05:00:00,2.05,59.6,37.3,155.9,0.0,RUNNING
TEL-10545,MCH-STABILIZER-01,2026-07-04 05:00:00,1.81,55.2,38.2,158.9,0.0,RUNNING
TEL-10546,MCH-TESTING-01,2026-07-04 05:00:00,1.84,59.1,40.0,154.2,0.0,RUNNING
TEL-10547,MCH-COILING-01,2026-07-04 06:00:00,2.01,57.5,39.0,155.2,1459.1,RUNNING
TEL-10548,MCH-COILING-02,2026-07-04 06:00:00,1.69,58.7,37.7,155.2,1463.4,RUNNING
TEL-10549,MCH-HEATTREAT-01,2026-07-04 06:00:00,1.41,853.7,35.0,155.6,0.0,RUNNING
TEL-10550,MCH-TEMPERING-01,2026-07-04 06:00:00,1.83,57.4,37.9,153.4,0.0,RUNNING
TEL-10551,MCH-SHOTPEEN-01,2026-07-04 06:00:00,2.0,59.6,39.6,155.7,0.0,RUNNING
TEL-10552,MCH-STABILIZER-01,2026-07-04 06:00:00,1.75,52.2,37.7,155.2,0.0,RUNNING
TEL-10553,MCH-TESTING-01,2026-07-04 06:00:00,1.73,58.3,38.9,155.4,0.0,RUNNING
TEL-10554,MCH-COILING-01,2026-07-04 07:00:00,2.0,54.1,38.4,155.5,1435.5,RUNNING
TEL-10555,MCH-COILING-02,2026-07-04 07:00:00,1.89,57.1,38.9,156.6,1452.6,RUNNING
TEL-10556,MCH-HEATTREAT-01,2026-07-04 07:00:00,1.06,856.3,35.3,159.9,0.0,RUNNING
TEL-10557,MCH-TEMPERING-01,2026-07-04 07:00:00,1.56,56.8,37.9,155.2,0.0,RUNNING
TEL-10558,MCH-SHOTPEEN-01,2026-07-04 07:00:00,1.91,56.7,37.6,154.2,0.0,RUNNING
TEL-10559,MCH-STABILIZER-01,2026-07-04 07:00:00,1.67,57.5,36.8,157.2,0.0,RUNNING
TEL-10560,MCH-TESTING-01,2026-07-04 07:00:00,2.03,57.9,38.3,157.6,0.0,RUNNING
TEL-10561,MCH-COILING-01,2026-07-04 08:00:00,2.12,52.4,36.5,156.5,1451.1,RUNNING
TEL-10562,MCH-COILING-02,2026-07-04 08:00:00,1.8,57.7,39.8,154.1,1447.4,RUNNING
TEL-10563,MCH-HEATTREAT-01,2026-07-04 08:00:00,1.24,851.3,35.7,160.2,0.0,RUNNING
TEL-10564,MCH-TEMPERING-01,2026-07-04 08:00:00,1.6,57.0,39.2,157.9,0.0,RUNNING
TEL-10565,MCH-SHOTPEEN-01,2026-07-04 08:00:00,2.12,56.2,38.9,153.6,0.0,RUNNING
TEL-10566,MCH-STABILIZER-01,2026-07-04 08:00:00,1.49,56.0,37.8,155.2,0.0,RUNNING
TEL-10567,MCH-TESTING-01,2026-07-04 08:00:00,1.97,53.8,39.1,157.3,0.0,RUNNING
TEL-10568,MCH-COILING-01,2026-07-04 09:00:00,2.08,55.6,37.4,156.4,1452.0,RUNNING
TEL-10569,MCH-COILING-02,2026-07-04 09:00:00,1.8,55.7,37.1,153.6,1441.6,RUNNING
TEL-10570,MCH-HEATTREAT-01,2026-07-04 09:00:00,1.21,855.7,35.4,159.6,0.0,RUNNING
TEL-10571,MCH-TEMPERING-01,2026-07-04 09:00:00,1.71,54.1,37.5,156.1,0.0,RUNNING
TEL-10572,MCH-SHOTPEEN-01,2026-07-04 09:00:00,1.96,58.7,39.8,152.7,0.0,RUNNING
TEL-10573,MCH-STABILIZER-01,2026-07-04 09:00:00,1.55,57.0,36.6,153.6,0.0,IDLE
TEL-10574,MCH-TESTING-01,2026-07-04 09:00:00,1.91,53.3,38.9,154.3,0.0,RUNNING
TEL-10575,MCH-COILING-01,2026-07-04 10:00:00,2.26,55.2,38.1,158.9,1449.2,RUNNING
TEL-10576,MCH-COILING-02,2026-07-04 10:00:00,1.82,54.3,39.4,156.5,1443.7,RUNNING
TEL-10577,MCH-HEATTREAT-01,2026-07-04 10:00:00,1.24,852.8,36.5,159.1,0.0,RUNNING
TEL-10578,MCH-TEMPERING-01,2026-07-04 10:00:00,1.85,55.8,37.1,155.9,0.0,RUNNING
TEL-10579,MCH-SHOTPEEN-01,2026-07-04 10:00:00,1.79,59.4,39.2,157.7,0.0,RUNNING
TEL-10580,MCH-STABILIZER-01,2026-07-04 10:00:00,1.64,53.6,37.0,156.1,0.0,RUNNING
TEL-10581,MCH-TESTING-01,2026-07-04 10:00:00,1.86,53.4,37.8,157.3,0.0,RUNNING
TEL-10582,MCH-COILING-01,2026-07-04 11:00:00,2.08,54.5,36.6,158.8,1444.7,RUNNING
TEL-10583,MCH-COILING-02,2026-07-04 11:00:00,1.88,58.3,39.6,153.7,1451.3,RUNNING
TEL-10584,MCH-HEATTREAT-01,2026-07-04 11:00:00,1.29,852.6,37.0,160.2,0.0,RUNNING
TEL-10585,MCH-TEMPERING-01,2026-07-04 11:00:00,1.67,57.7,38.1,154.9,0.0,RUNNING
TEL-10586,MCH-SHOTPEEN-01,2026-07-04 11:00:00,1.92,56.3,39.0,154.9,0.0,RUNNING
TEL-10587,MCH-STABILIZER-01,2026-07-04 11:00:00,1.51,51.7,38.3,154.4,0.0,RUNNING
TEL-10588,MCH-TESTING-01,2026-07-04 11:00:00,1.86,57.8,37.6,153.3,0.0,RUNNING
TEL-10589,MCH-COILING-01,2026-07-04 12:00:00,2.18,54.7,37.9,154.2,1439.8,RUNNING
TEL-10590,MCH-COILING-02,2026-07-04 12:00:00,1.68,53.2,38.8,153.0,1453.9,IDLE
TEL-10591,MCH-HEATTREAT-01,2026-07-04 12:00:00,1.26,850.6,35.8,156.2,0.0,RUNNING
TEL-10592,MCH-TEMPERING-01,2026-07-04 12:00:00,1.76,55.5,36.7,157.1,0.0,RUNNING
TEL-10593,MCH-SHOTPEEN-01,2026-07-04 12:00:00,1.83,53.8,38.6,157.8,0.0,RUNNING
TEL-10594,MCH-STABILIZER-01,2026-07-04 12:00:00,1.52,56.6,38.2,157.9,0.0,RUNNING
TEL-10595,MCH-TESTING-01,2026-07-04 12:00:00,1.78,57.4,38.0,156.2,0.0,RUNNING
TEL-10596,MCH-COILING-01,2026-07-04 13:00:00,2.08,55.4,37.2,155.3,1438.3,RUNNING
TEL-10597,MCH-COILING-02,2026-07-04 13:00:00,2.02,56.2,38.3,153.0,1437.9,RUNNING
TEL-10598,MCH-HEATTREAT-01,2026-07-04 13:00:00,1.28,850.5,37.4,158.2,0.0,RUNNING
TEL-10599,MCH-TEMPERING-01,2026-07-04 13:00:00,1.72,52.6,38.4,157.8,0.0,RUNNING
TEL-10600,MCH-SHOTPEEN-01,2026-07-04 13:00:00,2.03,57.4,38.8,154.1,0.0,IDLE
TEL-10601,MCH-STABILIZER-01,2026-07-04 13:00:00,1.66,52.7,38.8,157.9,0.0,RUNNING
TEL-10602,MCH-TESTING-01,2026-07-04 13:00:00,1.95,58.0,39.5,156.1,0.0,RUNNING
TEL-10603,MCH-COILING-01,2026-07-04 14:00:00,1.95,54.7,37.2,158.1,1443.5,RUNNING
TEL-10604,MCH-COILING-02,2026-07-04 14:00:00,1.84,54.1,39.2,156.8,1452.3,RUNNING
TEL-10605,MCH-HEATTREAT-01,2026-07-04 14:00:00,1.04,854.5,37.1,157.1,0.0,RUNNING
TEL-10606,MCH-TEMPERING-01,2026-07-04 14:00:00,1.59,56.0,37.4,157.9,0.0,RUNNING
TEL-10607,MCH-SHOTPEEN-01,2026-07-04 14:00:00,1.87,55.0,39.3,156.4,0.0,RUNNING
TEL-10608,MCH-STABILIZER-01,2026-07-04 14:00:00,1.76,54.4,37.5,156.5,0.0,RUNNING
TEL-10609,MCH-TESTING-01,2026-07-04 14:00:00,1.83,55.4,39.3,156.3,0.0,RUNNING
TEL-10610,MCH-COILING-01,2026-07-04 15:00:00,2.16,56.4,37.8,157.1,1439.9,RUNNING
TEL-10611,MCH-COILING-02,2026-07-04 15:00:00,1.84,55.1,38.7,156.3,1456.2,RUNNING
TEL-10612,MCH-HEATTREAT-01,2026-07-04 15:00:00,1.42,850.3,35.3,156.0,0.0,RUNNING
TEL-10613,MCH-TEMPERING-01,2026-07-04 15:00:00,1.7,52.2,37.3,153.3,0.0,IDLE
TEL-10614,MCH-SHOTPEEN-01,2026-07-04 15:00:00,1.88,59.6,39.1,155.0,0.0,RUNNING
TEL-10615,MCH-STABILIZER-01,2026-07-04 15:00:00,1.69,57.4,38.8,157.0,0.0,RUNNING
TEL-10616,MCH-TESTING-01,2026-07-04 15:00:00,1.79,57.4,39.6,153.6,0.0,IDLE
TEL-10617,MCH-COILING-01,2026-07-04 16:00:00,2.13,54.9,37.2,154.0,1436.1,RUNNING
TEL-10618,MCH-COILING-02,2026-07-04 16:00:00,1.68,53.9,40.1,156.8,1445.6,RUNNING
TEL-10619,MCH-HEATTREAT-01,2026-07-04 16:00:00,1.27,853.6,37.2,155.6,0.0,RUNNING
TEL-10620,MCH-TEMPERING-01,2026-07-04 16:00:00,1.64,57.2,39.3,154.9,0.0,RUNNING
TEL-10621,MCH-SHOTPEEN-01,2026-07-04 16:00:00,1.83,57.2,37.8,157.4,0.0,RUNNING
TEL-10622,MCH-STABILIZER-01,2026-07-04 16:00:00,1.55,53.9,36.7,153.6,0.0,RUNNING
TEL-10623,MCH-TESTING-01,2026-07-04 16:00:00,2.09,58.4,40.1,157.2,0.0,RUNNING
TEL-10624,MCH-COILING-01,2026-07-04 17:00:00,2.12,56.1,39.4,156.3,1458.1,RUNNING
TEL-10625,MCH-COILING-02,2026-07-04 17:00:00,2.06,55.9,38.5,155.6,1435.8,RUNNING
TEL-10626,MCH-HEATTREAT-01,2026-07-04 17:00:00,1.06,854.4,38.0,159.2,0.0,RUNNING
TEL-10627,MCH-TEMPERING-01,2026-07-04 17:00:00,1.65,58.0,38.1,152.9,0.0,RUNNING
TEL-10628,MCH-SHOTPEEN-01,2026-07-04 17:00:00,1.82,53.8,39.2,156.8,0.0,RUNNING
TEL-10629,MCH-STABILIZER-01,2026-07-04 17:00:00,1.82,54.3,37.4,158.5,0.0,RUNNING
TEL-10630,MCH-TESTING-01,2026-07-04 17:00:00,2.09,57.6,39.9,154.9,0.0,RUNNING
TEL-10631,MCH-COILING-01,2026-07-04 18:00:00,2.19,57.3,37.1,154.2,1442.5,RUNNING
TEL-10632,MCH-COILING-02,2026-07-04 18:00:00,1.74,53.6,39.8,156.1,1454.9,RUNNING
TEL-10633,MCH-HEATTREAT-01,2026-07-04 18:00:00,1.34,853.8,35.1,158.1,0.0,RUNNING
TEL-10634,MCH-TEMPERING-01,2026-07-04 18:00:00,1.72,58.2,39.3,158.0,0.0,RUNNING
TEL-10635,MCH-SHOTPEEN-01,2026-07-04 18:00:00,2.12,59.2,38.1,153.2,0.0,RUNNING
TEL-10636,MCH-STABILIZER-01,2026-07-04 18:00:00,1.47,56.4,37.8,156.4,0.0,RUNNING
TEL-10637,MCH-TESTING-01,2026-07-04 18:00:00,1.87,57.6,37.7,157.8,0.0,RUNNING
TEL-10638,MCH-COILING-01,2026-07-04 19:00:00,2.08,56.1,36.5,154.2,1452.4,RUNNING
TEL-10639,MCH-COILING-02,2026-07-04 19:00:00,1.92,54.6,38.7,153.5,1449.1,RUNNING
TEL-10640,MCH-HEATTREAT-01,2026-07-04 19:00:00,1.18,853.5,35.7,159.4,0.0,RUNNING
TEL-10641,MCH-TEMPERING-01,2026-07-04 19:00:00,1.87,53.6,37.1,153.6,0.0,RUNNING
TEL-10642,MCH-SHOTPEEN-01,2026-07-04 19:00:00,1.81,53.9,38.0,153.3,0.0,RUNNING
TEL-10643,MCH-STABILIZER-01,2026-07-04 19:00:00,1.6,52.2,39.2,154.1,0.0,RUNNING
TEL-10644,MCH-TESTING-01,2026-07-04 19:00:00,1.78,56.4,40.2,157.0,0.0,RUNNING
TEL-10645,MCH-COILING-01,2026-07-04 20:00:00,2.18,56.7,37.4,156.3,1452.0,RUNNING
TEL-10646,MCH-COILING-02,2026-07-04 20:00:00,1.95,53.3,39.5,154.9,1453.9,RUNNING
TEL-10647,MCH-HEATTREAT-01,2026-07-04 20:00:00,1.17,852.6,36.7,160.8,0.0,RUNNING
TEL-10648,MCH-TEMPERING-01,2026-07-04 20:00:00,1.53,52.6,39.2,158.6,0.0,RUNNING
TEL-10649,MCH-SHOTPEEN-01,2026-07-04 20:00:00,1.95,57.4,37.8,156.5,0.0,RUNNING
TEL-10650,MCH-STABILIZER-01,2026-07-04 20:00:00,1.72,54.4,38.6,158.5,0.0,RUNNING
TEL-10651,MCH-TESTING-01,2026-07-04 20:00:00,1.83,57.3,37.6,152.9,0.0,RUNNING
TEL-10652,MCH-COILING-01,2026-07-04 21:00:00,2.03,55.7,38.2,158.0,1437.1,RUNNING
TEL-10653,MCH-COILING-02,2026-07-04 21:00:00,1.77,54.9,38.0,153.7,1454.3,RUNNING
TEL-10654,MCH-HEATTREAT-01,2026-07-04 21:00:00,1.21,855.9,36.1,158.7,0.0,RUNNING
TEL-10655,MCH-TEMPERING-01,2026-07-04 21:00:00,1.69,53.0,36.7,157.2,0.0,RUNNING
TEL-10656,MCH-SHOTPEEN-01,2026-07-04 21:00:00,2.1,57.8,37.5,152.9,0.0,RUNNING
TEL-10657,MCH-STABILIZER-01,2026-07-04 21:00:00,1.47,57.0,38.0,153.3,0.0,RUNNING
TEL-10658,MCH-TESTING-01,2026-07-04 21:00:00,2.02,53.7,38.0,152.8,0.0,RUNNING
TEL-10659,MCH-COILING-01,2026-07-04 22:00:00,2.25,53.6,37.2,154.6,1453.8,RUNNING
TEL-10660,MCH-COILING-02,2026-07-04 22:00:00,2.01,53.1,39.1,157.2,1444.8,RUNNING
TEL-10661,MCH-HEATTREAT-01,2026-07-04 22:00:00,1.42,853.8,35.8,157.8,0.0,RUNNING
TEL-10662,MCH-TEMPERING-01,2026-07-04 22:00:00,1.8,52.9,38.4,156.6,0.0,RUNNING
TEL-10663,MCH-SHOTPEEN-01,2026-07-04 22:00:00,1.95,56.6,39.1,153.7,0.0,RUNNING
TEL-10664,MCH-STABILIZER-01,2026-07-04 22:00:00,1.66,56.5,37.7,155.4,0.0,RUNNING
TEL-10665,MCH-TESTING-01,2026-07-04 22:00:00,1.83,53.1,39.6,157.0,0.0,RUNNING
TEL-10666,MCH-COILING-01,2026-07-04 23:00:00,2.08,51.6,39.3,158.6,1449.3,IDLE
TEL-10667,MCH-COILING-02,2026-07-04 23:00:00,1.85,54.8,37.8,152.1,1446.2,RUNNING
TEL-10668,MCH-HEATTREAT-01,2026-07-04 23:00:00,1.26,852.8,35.5,159.6,0.0,RUNNING
TEL-10669,MCH-TEMPERING-01,2026-07-04 23:00:00,1.68,53.5,37.9,154.2,0.0,RUNNING
TEL-10670,MCH-SHOTPEEN-01,2026-07-04 23:00:00,2.09,58.5,39.3,153.6,0.0,RUNNING
TEL-10671,MCH-STABILIZER-01,2026-07-04 23:00:00,1.77,53.9,38.9,154.3,0.0,RUNNING
TEL-10672,MCH-TESTING-01,2026-07-04 23:00:00,1.97,57.2,38.0,155.6,0.0,RUNNING
TEL-10673,MCH-COILING-01,2026-07-05 00:00:00,1.33,48.5,35.3,159.5,1452.1,RUNNING
TEL-10674,MCH-COILING-02,2026-07-05 00:00:00,1.79,55.6,38.8,154.6,1462.0,RUNNING
TEL-10675,MCH-HEATTREAT-01,2026-07-05 00:00:00,1.43,851.4,37.2,155.1,0.0,RUNNING
TEL-10676,MCH-TEMPERING-01,2026-07-05 00:00:00,1.75,57.4,39.6,154.5,0.0,RUNNING
TEL-10677,MCH-SHOTPEEN-01,2026-07-05 00:00:00,1.95,59.7,37.8,156.2,0.0,RUNNING
TEL-10678,MCH-STABILIZER-01,2026-07-05 00:00:00,1.9,58.1,38.6,156.4,0.0,RUNNING
TEL-10679,MCH-TESTING-01,2026-07-05 00:00:00,2.03,56.0,39.2,153.3,0.0,RUNNING
TEL-10680,MCH-COILING-01,2026-07-05 01:00:00,1.3,51.2,37.4,161.9,1457.6,RUNNING
TEL-10681,MCH-COILING-02,2026-07-05 01:00:00,1.8,56.3,39.7,152.6,1445.1,RUNNING
TEL-10682,MCH-HEATTREAT-01,2026-07-05 01:00:00,1.4,854.3,36.0,157.2,0.0,RUNNING
TEL-10683,MCH-TEMPERING-01,2026-07-05 01:00:00,1.87,57.2,38.3,153.7,0.0,RUNNING
TEL-10684,MCH-SHOTPEEN-01,2026-07-05 01:00:00,2.0,57.3,40.4,154.7,0.0,RUNNING
TEL-10685,MCH-STABILIZER-01,2026-07-05 01:00:00,1.67,54.9,38.8,156.1,0.0,RUNNING
TEL-10686,MCH-TESTING-01,2026-07-05 01:00:00,1.99,56.3,38.1,153.4,0.0,RUNNING
TEL-10687,MCH-COILING-01,2026-07-05 02:00:00,1.54,47.9,35.4,161.0,1459.1,RUNNING
TEL-10688,MCH-COILING-02,2026-07-05 02:00:00,1.94,59.5,38.1,155.8,1439.7,RUNNING
TEL-10689,MCH-HEATTREAT-01,2026-07-05 02:00:00,1.14,855.6,36.0,158.6,0.0,RUNNING
TEL-10690,MCH-TEMPERING-01,2026-07-05 02:00:00,1.93,54.2,37.8,157.3,0.0,RUNNING
TEL-10691,MCH-SHOTPEEN-01,2026-07-05 02:00:00,1.96,55.8,39.6,152.9,0.0,RUNNING
TEL-10692,MCH-STABILIZER-01,2026-07-05 02:00:00,1.86,55.6,38.6,158.6,0.0,RUNNING
TEL-10693,MCH-TESTING-01,2026-07-05 02:00:00,2.09,56.4,40.3,154.5,0.0,RUNNING
TEL-10694,MCH-COILING-01,2026-07-05 03:00:00,1.26,48.1,36.5,157.7,1448.9,RUNNING
TEL-10695,MCH-COILING-02,2026-07-05 03:00:00,1.79,57.8,39.3,157.1,1445.8,RUNNING
TEL-10696,MCH-HEATTREAT-01,2026-07-05 03:00:00,1.22,856.5,36.4,160.7,0.0,RUNNING
TEL-10697,MCH-TEMPERING-01,2026-07-05 03:00:00,1.88,58.2,38.3,156.1,0.0,RUNNING
TEL-10698,MCH-SHOTPEEN-01,2026-07-05 03:00:00,1.86,59.9,39.1,155.9,0.0,IDLE
TEL-10699,MCH-STABILIZER-01,2026-07-05 03:00:00,1.93,54.1,38.2,157.1,0.0,IDLE
TEL-10700,MCH-TESTING-01,2026-07-05 03:00:00,2.1,56.2,38.5,157.4,0.0,RUNNING
TEL-10701,MCH-COILING-01,2026-07-05 04:00:00,1.34,47.2,35.2,158.4,1465.0,RUNNING
TEL-10702,MCH-COILING-02,2026-07-05 04:00:00,2.14,59.7,38.0,153.7,1446.8,RUNNING
TEL-10703,MCH-HEATTREAT-01,2026-07-05 04:00:00,1.39,854.1,37.3,160.1,0.0,RUNNING
TEL-10704,MCH-TEMPERING-01,2026-07-05 04:00:00,1.76,56.0,38.1,154.3,0.0,RUNNING
TEL-10705,MCH-SHOTPEEN-01,2026-07-05 04:00:00,1.96,54.5,39.4,155.1,0.0,RUNNING
TEL-10706,MCH-STABILIZER-01,2026-07-05 04:00:00,1.64,53.0,38.8,158.0,0.0,RUNNING
TEL-10707,MCH-TESTING-01,2026-07-05 04:00:00,1.99,59.8,39.9,155.3,0.0,RUNNING
TEL-10708,MCH-COILING-01,2026-07-05 05:00:00,1.3,47.3,36.0,160.4,1440.5,RUNNING
TEL-10709,MCH-COILING-02,2026-07-05 05:00:00,1.82,53.7,38.3,157.5,1463.8,RUNNING
TEL-10710,MCH-HEATTREAT-01,2026-07-05 05:00:00,1.4,856.1,37.2,159.3,0.0,RUNNING
TEL-10711,MCH-TEMPERING-01,2026-07-05 05:00:00,1.67,53.1,36.9,158.4,0.0,RUNNING
TEL-10712,MCH-SHOTPEEN-01,2026-07-05 05:00:00,2.02,57.6,39.2,153.0,0.0,IDLE
TEL-10713,MCH-STABILIZER-01,2026-07-05 05:00:00,1.59,57.1,37.1,157.7,0.0,RUNNING
TEL-10714,MCH-TESTING-01,2026-07-05 05:00:00,2.08,55.1,38.7,154.2,0.0,RUNNING
TEL-10715,MCH-COILING-01,2026-07-05 06:00:00,1.32,49.5,37.3,161.7,1463.5,RUNNING
TEL-10716,MCH-COILING-02,2026-07-05 06:00:00,2.03,54.8,38.0,152.7,1463.6,RUNNING
TEL-10717,MCH-HEATTREAT-01,2026-07-05 06:00:00,1.35,855.2,37.8,160.2,0.0,RUNNING
TEL-10718,MCH-TEMPERING-01,2026-07-05 06:00:00,1.9,56.2,39.3,156.8,0.0,RUNNING
TEL-10719,MCH-SHOTPEEN-01,2026-07-05 06:00:00,2.15,57.3,39.0,155.4,0.0,RUNNING
TEL-10720,MCH-STABILIZER-01,2026-07-05 06:00:00,1.58,52.8,38.1,157.9,0.0,RUNNING
TEL-10721,MCH-TESTING-01,2026-07-05 06:00:00,1.92,57.4,40.5,151.6,0.0,RUNNING
TEL-10722,MCH-COILING-01,2026-07-05 07:00:00,1.54,53.1,35.0,158.8,1461.5,RUNNING
TEL-10723,MCH-COILING-02,2026-07-05 07:00:00,1.88,54.6,38.2,157.2,1455.7,RUNNING
TEL-10724,MCH-HEATTREAT-01,2026-07-05 07:00:00,1.29,854.9,35.5,157.8,0.0,RUNNING
TEL-10725,MCH-TEMPERING-01,2026-07-05 07:00:00,1.83,58.1,38.5,154.8,0.0,RUNNING
TEL-10726,MCH-SHOTPEEN-01,2026-07-05 07:00:00,1.79,56.6,40.1,157.0,0.0,RUNNING
TEL-10727,MCH-STABILIZER-01,2026-07-05 07:00:00,1.6,54.2,38.7,156.9,0.0,RUNNING
TEL-10728,MCH-TESTING-01,2026-07-05 07:00:00,2.11,54.5,39.7,155.2,0.0,RUNNING
TEL-10729,MCH-COILING-01,2026-07-05 08:00:00,1.52,51.6,37.3,159.8,1439.8,RUNNING
TEL-10730,MCH-COILING-02,2026-07-05 08:00:00,1.78,54.6,38.4,156.9,1460.9,RUNNING
TEL-10731,MCH-HEATTREAT-01,2026-07-05 08:00:00,1.16,855.7,35.4,156.7,0.0,RUNNING
TEL-10732,MCH-TEMPERING-01,2026-07-05 08:00:00,1.98,54.2,37.4,157.9,0.0,RUNNING
TEL-10733,MCH-SHOTPEEN-01,2026-07-05 08:00:00,1.78,58.6,37.4,154.6,0.0,RUNNING
TEL-10734,MCH-STABILIZER-01,2026-07-05 08:00:00,1.89,56.0,38.2,153.9,0.0,RUNNING
TEL-10735,MCH-TESTING-01,2026-07-05 08:00:00,2.0,56.8,39.4,151.4,0.0,RUNNING
TEL-10736,MCH-COILING-01,2026-07-05 09:00:00,1.35,50.9,36.8,157.4,1440.5,RUNNING
TEL-10737,MCH-COILING-02,2026-07-05 09:00:00,1.9,54.4,37.5,155.1,1453.1,RUNNING
TEL-10738,MCH-HEATTREAT-01,2026-07-05 09:00:00,1.14,851.5,38.2,155.8,0.0,RUNNING
TEL-10739,MCH-TEMPERING-01,2026-07-05 09:00:00,1.86,56.8,38.5,155.8,0.0,RUNNING
TEL-10740,MCH-SHOTPEEN-01,2026-07-05 09:00:00,2.08,56.0,37.5,156.2,0.0,RUNNING
TEL-10741,MCH-STABILIZER-01,2026-07-05 09:00:00,1.92,57.4,39.0,157.7,0.0,RUNNING
TEL-10742,MCH-TESTING-01,2026-07-05 09:00:00,2.01,54.7,40.1,153.4,0.0,RUNNING
TEL-10743,MCH-COILING-01,2026-07-05 10:00:00,1.32,48.2,34.6,159.5,1464.4,RUNNING
TEL-10744,MCH-COILING-02,2026-07-05 10:00:00,1.8,58.2,39.2,156.4,1456.2,RUNNING
TEL-10745,MCH-HEATTREAT-01,2026-07-05 10:00:00,1.44,852.4,37.0,158.6,0.0,RUNNING
TEL-10746,MCH-TEMPERING-01,2026-07-05 10:00:00,1.84,55.5,39.0,155.5,0.0,RUNNING
TEL-10747,MCH-SHOTPEEN-01,2026-07-05 10:00:00,2.13,55.1,38.3,152.8,0.0,RUNNING
TEL-10748,MCH-STABILIZER-01,2026-07-05 10:00:00,1.75,57.3,38.9,153.9,0.0,RUNNING
TEL-10749,MCH-TESTING-01,2026-07-05 10:00:00,1.99,54.2,38.6,156.2,0.0,RUNNING
TEL-10750,MCH-COILING-01,2026-07-05 11:00:00,1.49,51.3,35.2,156.5,1444.0,RUNNING
TEL-10751,MCH-COILING-02,2026-07-05 11:00:00,2.07,54.2,38.4,154.0,1452.1,RUNNING
TEL-10752,MCH-HEATTREAT-01,2026-07-05 11:00:00,1.43,852.0,37.7,160.4,0.0,RUNNING
TEL-10753,MCH-TEMPERING-01,2026-07-05 11:00:00,1.78,52.5,37.2,153.4,0.0,RUNNING
TEL-10754,MCH-SHOTPEEN-01,2026-07-05 11:00:00,2.12,59.4,38.8,156.5,0.0,RUNNING
TEL-10755,MCH-STABILIZER-01,2026-07-05 11:00:00,1.59,55.5,38.4,156.7,0.0,RUNNING
TEL-10756,MCH-TESTING-01,2026-07-05 11:00:00,1.83,57.7,38.5,156.9,0.0,RUNNING
TEL-10757,MCH-COILING-01,2026-07-05 12:00:00,1.26,47.8,36.9,158.2,1446.3,RUNNING
TEL-10758,MCH-COILING-02,2026-07-05 12:00:00,1.83,57.4,37.9,152.4,1458.5,RUNNING
TEL-10759,MCH-HEATTREAT-01,2026-07-05 12:00:00,1.44,855.4,36.1,155.4,0.0,RUNNING
TEL-10760,MCH-TEMPERING-01,2026-07-05 12:00:00,1.74,57.7,37.7,155.6,0.0,RUNNING
TEL-10761,MCH-SHOTPEEN-01,2026-07-05 12:00:00,1.93,53.9,38.0,152.1,0.0,RUNNING
TEL-10762,MCH-STABILIZER-01,2026-07-05 12:00:00,1.88,58.0,37.2,154.7,0.0,RUNNING
TEL-10763,MCH-TESTING-01,2026-07-05 12:00:00,2.17,56.0,38.5,156.0,0.0,RUNNING
TEL-10764,MCH-COILING-01,2026-07-05 13:00:00,1.63,50.2,37.4,157.3,1436.1,RUNNING
TEL-10765,MCH-COILING-02,2026-07-05 13:00:00,2.11,54.3,38.3,151.9,1460.4,RUNNING
TEL-10766,MCH-HEATTREAT-01,2026-07-05 13:00:00,1.23,856.5,35.6,159.4,0.0,RUNNING
TEL-10767,MCH-TEMPERING-01,2026-07-05 13:00:00,1.6,57.2,38.7,153.7,0.0,RUNNING
TEL-10768,MCH-SHOTPEEN-01,2026-07-05 13:00:00,1.89,57.1,39.7,155.6,0.0,RUNNING
TEL-10769,MCH-STABILIZER-01,2026-07-05 13:00:00,1.63,52.8,39.6,156.0,0.0,RUNNING
TEL-10770,MCH-TESTING-01,2026-07-05 13:00:00,2.04,57.5,38.4,157.0,0.0,RUNNING
TEL-10771,MCH-COILING-01,2026-07-05 14:00:00,1.46,47.9,35.3,161.5,1451.2,RUNNING
TEL-10772,MCH-COILING-02,2026-07-05 14:00:00,1.77,59.4,37.5,154.0,1437.6,RUNNING
TEL-10773,MCH-HEATTREAT-01,2026-07-05 14:00:00,1.38,856.5,37.1,159.0,0.0,RUNNING
TEL-10774,MCH-TEMPERING-01,2026-07-05 14:00:00,1.74,54.4,37.4,157.0,0.0,RUNNING
TEL-10775,MCH-SHOTPEEN-01,2026-07-05 14:00:00,1.81,59.6,39.7,155.0,0.0,RUNNING
TEL-10776,MCH-STABILIZER-01,2026-07-05 14:00:00,1.88,56.6,37.0,154.5,0.0,RUNNING
TEL-10777,MCH-TESTING-01,2026-07-05 14:00:00,2.13,57.0,40.4,152.2,0.0,RUNNING
TEL-10778,MCH-COILING-01,2026-07-05 15:00:00,1.34,49.2,34.9,161.6,1444.9,RUNNING
TEL-10779,MCH-COILING-02,2026-07-05 15:00:00,1.89,56.7,37.6,152.3,1449.4,RUNNING
TEL-10780,MCH-HEATTREAT-01,2026-07-05 15:00:00,1.21,853.0,37.0,157.9,0.0,RUNNING
TEL-10781,MCH-TEMPERING-01,2026-07-05 15:00:00,1.88,53.0,38.5,152.9,0.0,RUNNING
TEL-10782,MCH-SHOTPEEN-01,2026-07-05 15:00:00,1.96,57.4,38.1,153.1,0.0,RUNNING
TEL-10783,MCH-STABILIZER-01,2026-07-05 15:00:00,1.76,52.5,37.3,156.8,0.0,RUNNING
TEL-10784,MCH-TESTING-01,2026-07-05 15:00:00,2.21,57.6,38.6,155.5,0.0,RUNNING
TEL-10785,MCH-COILING-01,2026-07-05 16:00:00,1.5,51.6,36.5,161.1,1438.4,RUNNING
TEL-10786,MCH-COILING-02,2026-07-05 16:00:00,1.89,54.1,38.7,153.5,1447.2,RUNNING
TEL-10787,MCH-HEATTREAT-01,2026-07-05 16:00:00,1.38,854.6,37.7,156.8,0.0,RUNNING
TEL-10788,MCH-TEMPERING-01,2026-07-05 16:00:00,1.62,53.7,37.2,156.0,0.0,RUNNING
TEL-10789,MCH-SHOTPEEN-01,2026-07-05 16:00:00,2.1,58.5,39.4,154.3,0.0,RUNNING
TEL-10790,MCH-STABILIZER-01,2026-07-05 16:00:00,1.81,55.0,37.3,157.9,0.0,RUNNING
TEL-10791,MCH-TESTING-01,2026-07-05 16:00:00,2.14,58.4,40.3,157.0,0.0,RUNNING
TEL-10792,MCH-COILING-01,2026-07-05 17:00:00,1.6,53.3,36.1,159.8,1450.3,RUNNING
TEL-10793,MCH-COILING-02,2026-07-05 17:00:00,2.1,53.9,40.1,157.5,1435.0,RUNNING
TEL-10794,MCH-HEATTREAT-01,2026-07-05 17:00:00,1.49,851.5,36.1,155.0,0.0,RUNNING
TEL-10795,MCH-TEMPERING-01,2026-07-05 17:00:00,1.83,56.4,39.0,154.9,0.0,RUNNING
TEL-10796,MCH-SHOTPEEN-01,2026-07-05 17:00:00,1.86,54.7,37.8,154.9,0.0,RUNNING
TEL-10797,MCH-STABILIZER-01,2026-07-05 17:00:00,1.71,54.8,37.6,157.9,0.0,RUNNING
TEL-10798,MCH-TESTING-01,2026-07-05 17:00:00,1.83,58.1,38.0,156.7,0.0,RUNNING
TEL-10799,MCH-COILING-01,2026-07-05 18:00:00,1.62,47.7,34.8,161.0,1460.8,RUNNING
TEL-10800,MCH-COILING-02,2026-07-05 18:00:00,2.04,59.5,39.2,154.4,1447.7,RUNNING
TEL-10801,MCH-HEATTREAT-01,2026-07-05 18:00:00,1.26,852.2,36.5,154.9,0.0,RUNNING
TEL-10802,MCH-TEMPERING-01,2026-07-05 18:00:00,1.89,56.9,37.6,158.0,0.0,RUNNING
TEL-10803,MCH-SHOTPEEN-01,2026-07-05 18:00:00,1.79,53.9,38.9,153.8,0.0,RUNNING
TEL-10804,MCH-STABILIZER-01,2026-07-05 18:00:00,1.95,52.6,38.9,155.8,0.0,RUNNING
TEL-10805,MCH-TESTING-01,2026-07-05 18:00:00,2.12,55.8,39.1,154.5,0.0,RUNNING
TEL-10806,MCH-COILING-01,2026-07-05 19:00:00,1.33,50.9,36.4,160.1,1455.5,RUNNING
TEL-10807,MCH-COILING-02,2026-07-05 19:00:00,1.99,57.5,40.1,154.9,1435.3,RUNNING
TEL-10808,MCH-HEATTREAT-01,2026-07-05 19:00:00,1.46,854.5,36.2,157.0,0.0,RUNNING
TEL-10809,MCH-TEMPERING-01,2026-07-05 19:00:00,1.71,53.4,38.9,156.1,0.0,RUNNING
TEL-10810,MCH-SHOTPEEN-01,2026-07-05 19:00:00,2.09,55.3,39.3,155.1,0.0,RUNNING
TEL-10811,MCH-STABILIZER-01,2026-07-05 19:00:00,1.83,54.0,38.9,152.8,0.0,RUNNING
TEL-10812,MCH-TESTING-01,2026-07-05 19:00:00,1.87,54.4,39.9,152.9,0.0,RUNNING
TEL-10813,MCH-COILING-01,2026-07-05 20:00:00,1.34,48.5,36.6,159.7,1462.3,RUNNING
TEL-10814,MCH-COILING-02,2026-07-05 20:00:00,2.02,55.9,37.9,156.4,1442.1,RUNNING
TEL-10815,MCH-HEATTREAT-01,2026-07-05 20:00:00,1.31,851.0,38.2,160.6,0.0,RUNNING
TEL-10816,MCH-TEMPERING-01,2026-07-05 20:00:00,1.92,57.7,39.1,155.0,0.0,RUNNING
TEL-10817,MCH-SHOTPEEN-01,2026-07-05 20:00:00,2.04,58.3,37.9,155.1,0.0,RUNNING
TEL-10818,MCH-STABILIZER-01,2026-07-05 20:00:00,1.58,53.8,39.2,152.9,0.0,RUNNING
TEL-10819,MCH-TESTING-01,2026-07-05 20:00:00,2.01,57.0,40.4,156.9,0.0,RUNNING
TEL-10820,MCH-COILING-01,2026-07-05 21:00:00,1.51,49.4,35.2,159.3,1448.0,RUNNING
TEL-10821,MCH-COILING-02,2026-07-05 21:00:00,2.08,56.0,38.3,154.8,1463.7,RUNNING
TEL-10822,MCH-HEATTREAT-01,2026-07-05 21:00:00,1.31,853.0,37.8,158.5,0.0,RUNNING
TEL-10823,MCH-TEMPERING-01,2026-07-05 21:00:00,1.7,54.0,39.2,154.0,0.0,RUNNING
TEL-10824,MCH-SHOTPEEN-01,2026-07-05 21:00:00,1.96,58.0,38.1,155.6,0.0,RUNNING
TEL-10825,MCH-STABILIZER-01,2026-07-05 21:00:00,1.77,56.5,39.7,154.5,0.0,IDLE
TEL-10826,MCH-TESTING-01,2026-07-05 21:00:00,1.82,54.4,38.8,154.5,0.0,RUNNING
TEL-10827,MCH-COILING-01,2026-07-05 22:00:00,1.37,51.5,35.1,156.3,1453.6,RUNNING
TEL-10828,MCH-COILING-02,2026-07-05 22:00:00,2.0,59.3,38.0,155.3,1438.7,RUNNING
TEL-10829,MCH-HEATTREAT-01,2026-07-05 22:00:00,1.14,854.7,36.4,159.4,0.0,RUNNING
TEL-10830,MCH-TEMPERING-01,2026-07-05 22:00:00,1.91,53.5,37.1,153.6,0.0,RUNNING
TEL-10831,MCH-SHOTPEEN-01,2026-07-05 22:00:00,2.04,54.1,38.8,157.6,0.0,RUNNING
TEL-10832,MCH-STABILIZER-01,2026-07-05 22:00:00,1.84,56.4,39.0,154.2,0.0,RUNNING
TEL-10833,MCH-TESTING-01,2026-07-05 22:00:00,1.93,54.3,38.7,157.4,0.0,RUNNING
TEL-10834,MCH-COILING-01,2026-07-05 23:00:00,1.56,48.0,34.6,162.0,1441.0,RUNNING
TEL-10835,MCH-COILING-02,2026-07-05 23:00:00,2.02,54.2,39.0,154.3,1453.4,RUNNING
TEL-10836,MCH-HEATTREAT-01,2026-07-05 23:00:00,1.28,852.4,35.3,155.3,0.0,RUNNING
TEL-10837,MCH-TEMPERING-01,2026-07-05 23:00:00,1.9,52.4,38.3,156.4,0.0,IDLE
TEL-10838,MCH-SHOTPEEN-01,2026-07-05 23:00:00,1.79,56.1,37.9,153.6,0.0,RUNNING
TEL-10839,MCH-STABILIZER-01,2026-07-05 23:00:00,1.56,56.7,39.0,155.5,0.0,RUNNING
TEL-10840,MCH-TESTING-01,2026-07-05 23:00:00,2.11,59.2,37.8,152.7,0.0,RUNNING
TEL-10841,MCH-COILING-01,2026-07-06 00:00:00,1.66,52.7,35.0,159.0,1446.5,RUNNING
TEL-10842,MCH-COILING-02,2026-07-06 00:00:00,2.1,56.4,40.0,155.2,1453.4,RUNNING
TEL-10843,MCH-HEATTREAT-01,2026-07-06 00:00:00,0.86,852.9,36.1,158.4,0.0,RUNNING
TEL-10844,MCH-TEMPERING-01,2026-07-06 00:00:00,1.91,59.0,38.3,152.2,0.0,RUNNING
TEL-10845,MCH-SHOTPEEN-01,2026-07-06 00:00:00,1.1,47.7,35.7,159.6,0.0,RUNNING
TEL-10846,MCH-STABILIZER-01,2026-07-06 00:00:00,1.92,58.1,37.6,154.0,0.0,RUNNING
TEL-10847,MCH-TESTING-01,2026-07-06 00:00:00,2.2,59.6,40.2,156.0,0.0,RUNNING
TEL-10848,MCH-COILING-01,2026-07-06 01:00:00,1.71,53.1,35.9,160.6,1450.1,RUNNING
TEL-10849,MCH-COILING-02,2026-07-06 01:00:00,1.91,56.9,39.1,154.1,1459.9,RUNNING
TEL-10850,MCH-HEATTREAT-01,2026-07-06 01:00:00,0.99,853.8,36.9,159.1,0.0,RUNNING
TEL-10851,MCH-TEMPERING-01,2026-07-06 01:00:00,1.97,57.6,40.1,157.2,0.0,RUNNING
TEL-10852,MCH-SHOTPEEN-01,2026-07-06 01:00:00,1.27,48.0,35.8,156.8,0.0,RUNNING
TEL-10853,MCH-STABILIZER-01,2026-07-06 01:00:00,1.73,54.1,37.5,152.9,0.0,RUNNING
TEL-10854,MCH-TESTING-01,2026-07-06 01:00:00,2.02,61.0,38.0,153.3,0.0,RUNNING
TEL-10855,MCH-COILING-01,2026-07-06 02:00:00,1.78,51.2,36.2,159.7,1435.6,RUNNING
TEL-10856,MCH-COILING-02,2026-07-06 02:00:00,1.9,59.7,40.3,154.2,1445.1,RUNNING
TEL-10857,MCH-HEATTREAT-01,2026-07-06 02:00:00,1.04,853.5,35.7,160.4,0.0,RUNNING
TEL-10858,MCH-TEMPERING-01,2026-07-06 02:00:00,1.92,56.1,38.9,157.3,0.0,RUNNING
TEL-10859,MCH-SHOTPEEN-01,2026-07-06 02:00:00,1.23,48.9,35.8,157.5,0.0,RUNNING
TEL-10860,MCH-STABILIZER-01,2026-07-06 02:00:00,1.76,54.9,40.0,155.7,0.0,RUNNING
TEL-10861,MCH-TESTING-01,2026-07-06 02:00:00,2.15,56.0,38.5,155.1,0.0,RUNNING
TEL-10862,MCH-COILING-01,2026-07-06 03:00:00,1.73,49.2,35.3,161.2,1452.2,RUNNING
TEL-10863,MCH-COILING-02,2026-07-06 03:00:00,2.04,55.8,39.9,155.0,1464.3,RUNNING
TEL-10864,MCH-HEATTREAT-01,2026-07-06 03:00:00,0.96,854.8,35.8,157.1,0.0,IDLE
TEL-10865,MCH-TEMPERING-01,2026-07-06 03:00:00,2.08,58.1,40.0,157.5,0.0,RUNNING
TEL-10866,MCH-SHOTPEEN-01,2026-07-06 03:00:00,1.3,51.0,36.2,159.6,0.0,RUNNING
TEL-10867,MCH-STABILIZER-01,2026-07-06 03:00:00,2.05,59.3,39.4,157.9,0.0,RUNNING
TEL-10868,MCH-TESTING-01,2026-07-06 03:00:00,2.26,59.5,40.7,152.8,0.0,RUNNING
TEL-10869,MCH-COILING-01,2026-07-06 04:00:00,1.6,48.4,37.0,156.0,1435.7,RUNNING
TEL-10870,MCH-COILING-02,2026-07-06 04:00:00,1.98,56.8,38.8,154.7,1440.9,RUNNING
TEL-10871,MCH-HEATTREAT-01,2026-07-06 04:00:00,1.09,853.4,34.8,156.9,0.0,RUNNING
TEL-10872,MCH-TEMPERING-01,2026-07-06 04:00:00,1.98,59.3,40.1,154.3,0.0,RUNNING
TEL-10873,MCH-SHOTPEEN-01,2026-07-06 04:00:00,1.16,50.7,34.8,159.7,0.0,RUNNING
TEL-10874,MCH-STABILIZER-01,2026-07-06 04:00:00,1.98,55.8,38.3,152.0,0.0,RUNNING
TEL-10875,MCH-TESTING-01,2026-07-06 04:00:00,2.06,57.7,39.6,152.1,0.0,RUNNING
TEL-10876,MCH-COILING-01,2026-07-06 05:00:00,1.71,50.8,36.3,156.2,1456.8,RUNNING
TEL-10877,MCH-COILING-02,2026-07-06 05:00:00,2.18,57.1,40.3,154.6,1439.3,RUNNING
TEL-10878,MCH-HEATTREAT-01,2026-07-06 05:00:00,1.17,851.8,35.2,162.0,0.0,RUNNING
TEL-10879,MCH-TEMPERING-01,2026-07-06 05:00:00,1.86,53.1,39.1,153.6,0.0,RUNNING
TEL-10880,MCH-SHOTPEEN-01,2026-07-06 05:00:00,1.1,51.1,37.4,156.9,0.0,RUNNING
TEL-10881,MCH-STABILIZER-01,2026-07-06 05:00:00,1.81,56.2,39.6,153.8,0.0,RUNNING
TEL-10882,MCH-TESTING-01,2026-07-06 05:00:00,2.14,59.6,38.6,155.6,0.0,RUNNING
TEL-10883,MCH-COILING-01,2026-07-06 06:00:00,1.53,52.3,36.9,156.0,1455.0,RUNNING
TEL-10884,MCH-COILING-02,2026-07-06 06:00:00,1.96,60.3,39.7,151.2,1457.9,RUNNING
TEL-10885,MCH-HEATTREAT-01,2026-07-06 06:00:00,1.17,852.3,35.3,159.3,0.0,RUNNING
TEL-10886,MCH-TEMPERING-01,2026-07-06 06:00:00,1.81,57.6,40.1,156.8,0.0,RUNNING
TEL-10887,MCH-SHOTPEEN-01,2026-07-06 06:00:00,1.21,47.5,35.4,159.2,0.0,RUNNING
TEL-10888,MCH-STABILIZER-01,2026-07-06 06:00:00,1.88,57.5,38.2,152.3,0.0,RUNNING
TEL-10889,MCH-TESTING-01,2026-07-06 06:00:00,2.2,61.0,38.1,152.6,0.0,RUNNING
TEL-10890,MCH-COILING-01,2026-07-06 07:00:00,1.44,49.4,36.8,159.8,1453.0,RUNNING
TEL-10891,MCH-COILING-02,2026-07-06 07:00:00,2.02,56.5,40.3,155.8,1443.1,RUNNING
TEL-10892,MCH-HEATTREAT-01,2026-07-06 07:00:00,0.92,851.9,35.3,157.3,0.0,RUNNING
TEL-10893,MCH-TEMPERING-01,2026-07-06 07:00:00,1.82,58.2,38.4,157.5,0.0,RUNNING
TEL-10894,MCH-SHOTPEEN-01,2026-07-06 07:00:00,1.0,50.7,37.1,160.5,0.0,RUNNING
TEL-10895,MCH-STABILIZER-01,2026-07-06 07:00:00,1.97,59.2,39.7,156.3,0.0,RUNNING
TEL-10896,MCH-TESTING-01,2026-07-06 07:00:00,2.26,57.5,40.7,151.5,0.0,RUNNING
TEL-10897,MCH-COILING-01,2026-07-06 08:00:00,1.42,50.4,37.0,156.1,1448.3,RUNNING
TEL-10898,MCH-COILING-02,2026-07-06 08:00:00,2.1,60.7,38.3,152.9,1457.3,RUNNING
TEL-10899,MCH-HEATTREAT-01,2026-07-06 08:00:00,0.83,852.9,36.3,158.2,0.0,RUNNING
TEL-10900,MCH-TEMPERING-01,2026-07-06 08:00:00,2.1,55.9,39.5,152.6,0.0,IDLE
TEL-10901,MCH-SHOTPEEN-01,2026-07-06 08:00:00,1.11,50.2,35.2,155.9,0.0,RUNNING
TEL-10902,MCH-STABILIZER-01,2026-07-06 08:00:00,1.93,56.1,39.9,152.2,0.0,RUNNING
TEL-10903,MCH-TESTING-01,2026-07-06 08:00:00,1.94,55.4,38.3,154.4,0.0,RUNNING
TEL-10904,MCH-COILING-01,2026-07-06 09:00:00,1.49,52.5,35.0,156.1,1457.4,RUNNING
TEL-10905,MCH-COILING-02,2026-07-06 09:00:00,2.12,56.7,40.3,155.7,1453.4,RUNNING
TEL-10906,MCH-HEATTREAT-01,2026-07-06 09:00:00,0.8,853.7,36.5,159.6,0.0,RUNNING
TEL-10907,MCH-TEMPERING-01,2026-07-06 09:00:00,2.09,54.2,39.4,152.0,0.0,RUNNING
TEL-10908,MCH-SHOTPEEN-01,2026-07-06 09:00:00,1.28,53.4,37.2,158.6,0.0,RUNNING
TEL-10909,MCH-STABILIZER-01,2026-07-06 09:00:00,1.77,57.4,37.5,157.0,0.0,RUNNING
TEL-10910,MCH-TESTING-01,2026-07-06 09:00:00,2.11,58.1,39.2,155.4,0.0,RUNNING
TEL-10911,MCH-COILING-01,2026-07-06 10:00:00,1.6,51.5,36.4,157.4,1443.6,RUNNING
TEL-10912,MCH-COILING-02,2026-07-06 10:00:00,1.92,57.6,38.9,153.8,1457.1,RUNNING
TEL-10913,MCH-HEATTREAT-01,2026-07-06 10:00:00,1.11,849.9,35.4,162.3,0.0,RUNNING
TEL-10914,MCH-TEMPERING-01,2026-07-06 10:00:00,2.05,58.9,39.6,157.6,0.0,RUNNING
TEL-10915,MCH-SHOTPEEN-01,2026-07-06 10:00:00,0.92,51.8,36.7,158.1,0.0,RUNNING
TEL-10916,MCH-STABILIZER-01,2026-07-06 10:00:00,1.97,53.8,38.3,156.1,0.0,RUNNING
TEL-10917,MCH-TESTING-01,2026-07-06 10:00:00,2.24,60.6,38.4,153.0,0.0,RUNNING
TEL-10918,MCH-COILING-01,2026-07-06 11:00:00,1.49,53.6,36.2,156.7,1447.7,RUNNING
TEL-10919,MCH-COILING-02,2026-07-06 11:00:00,2.2,59.4,39.6,155.6,1459.0,RUNNING
TEL-10920,MCH-HEATTREAT-01,2026-07-06 11:00:00,0.92,852.8,37.1,162.3,0.0,RUNNING
TEL-10921,MCH-TEMPERING-01,2026-07-06 11:00:00,1.76,56.1,37.5,154.9,0.0,RUNNING
TEL-10922,MCH-SHOTPEEN-01,2026-07-06 11:00:00,1.29,47.6,36.9,160.7,0.0,RUNNING
TEL-10923,MCH-STABILIZER-01,2026-07-06 11:00:00,1.71,54.2,39.0,153.9,0.0,RUNNING
TEL-10924,MCH-TESTING-01,2026-07-06 11:00:00,2.19,59.7,39.9,153.9,0.0,RUNNING
TEL-10925,MCH-COILING-01,2026-07-06 12:00:00,1.6,50.0,36.5,158.3,1451.3,RUNNING
TEL-10926,MCH-COILING-02,2026-07-06 12:00:00,2.11,54.6,40.1,157.0,1461.4,RUNNING
TEL-10927,MCH-HEATTREAT-01,2026-07-06 12:00:00,0.96,854.0,35.5,156.6,0.0,RUNNING
TEL-10928,MCH-TEMPERING-01,2026-07-06 12:00:00,1.97,58.2,39.8,152.9,0.0,RUNNING
TEL-10929,MCH-SHOTPEEN-01,2026-07-06 12:00:00,1.04,49.9,36.9,159.1,0.0,RUNNING
TEL-10930,MCH-STABILIZER-01,2026-07-06 12:00:00,1.92,56.5,38.6,155.4,0.0,RUNNING
TEL-10931,MCH-TESTING-01,2026-07-06 12:00:00,1.96,56.5,39.7,153.1,0.0,RUNNING
TEL-10932,MCH-COILING-01,2026-07-06 13:00:00,1.72,50.0,35.1,158.8,1438.8,RUNNING
TEL-10933,MCH-COILING-02,2026-07-06 13:00:00,2.22,58.2,40.1,154.8,1446.4,RUNNING
TEL-10934,MCH-HEATTREAT-01,2026-07-06 13:00:00,1.17,851.1,34.4,157.9,0.0,RUNNING
TEL-10935,MCH-TEMPERING-01,2026-07-06 13:00:00,1.83,53.7,39.2,157.1,0.0,RUNNING
TEL-10936,MCH-SHOTPEEN-01,2026-07-06 13:00:00,0.98,50.9,34.8,159.7,0.0,RUNNING
TEL-10937,MCH-STABILIZER-01,2026-07-06 13:00:00,1.9,55.8,37.2,154.8,0.0,IDLE
TEL-10938,MCH-TESTING-01,2026-07-06 13:00:00,2.07,58.5,38.9,151.4,0.0,RUNNING
TEL-10939,MCH-COILING-01,2026-07-06 14:00:00,1.69,49.4,36.4,160.1,1455.0,RUNNING
TEL-10940,MCH-COILING-02,2026-07-06 14:00:00,2.01,60.7,38.4,154.9,1464.2,RUNNING
TEL-10941,MCH-HEATTREAT-01,2026-07-06 14:00:00,1.12,849.8,35.0,158.2,0.0,RUNNING
TEL-10942,MCH-TEMPERING-01,2026-07-06 14:00:00,2.03,57.2,40.1,156.2,0.0,RUNNING
TEL-10943,MCH-SHOTPEEN-01,2026-07-06 14:00:00,1.15,49.2,36.3,158.9,0.0,RUNNING
TEL-10944,MCH-STABILIZER-01,2026-07-06 14:00:00,1.84,53.5,39.6,155.0,0.0,RUNNING
TEL-10945,MCH-TESTING-01,2026-07-06 14:00:00,2.21,56.8,39.2,152.3,0.0,RUNNING
TEL-10946,MCH-COILING-01,2026-07-06 15:00:00,1.68,51.7,37.6,159.0,1450.5,RUNNING
TEL-10947,MCH-COILING-02,2026-07-06 15:00:00,2.09,58.7,40.2,156.7,1443.0,RUNNING
TEL-10948,MCH-HEATTREAT-01,2026-07-06 15:00:00,1.1,854.0,36.9,162.0,0.0,RUNNING
TEL-10949,MCH-TEMPERING-01,2026-07-06 15:00:00,1.73,54.4,38.6,153.4,0.0,RUNNING
TEL-10950,MCH-SHOTPEEN-01,2026-07-06 15:00:00,1.22,52.9,35.9,160.9,0.0,RUNNING
TEL-10951,MCH-STABILIZER-01,2026-07-06 15:00:00,1.95,58.5,37.9,153.7,0.0,RUNNING
TEL-10952,MCH-TESTING-01,2026-07-06 15:00:00,2.22,56.3,38.6,151.7,0.0,IDLE
TEL-10953,MCH-COILING-01,2026-07-06 16:00:00,1.73,50.1,36.4,161.2,1447.7,RUNNING
TEL-10954,MCH-COILING-02,2026-07-06 16:00:00,1.97,56.2,37.9,155.8,1443.3,RUNNING
TEL-10955,MCH-HEATTREAT-01,2026-07-06 16:00:00,1.04,848.7,36.4,161.1,0.0,RUNNING
TEL-10956,MCH-TEMPERING-01,2026-07-06 16:00:00,2.06,55.1,38.1,152.3,0.0,RUNNING
TEL-10957,MCH-SHOTPEEN-01,2026-07-06 16:00:00,1.27,51.8,37.3,158.1,0.0,RUNNING
TEL-10958,MCH-STABILIZER-01,2026-07-06 16:00:00,2.03,54.6,38.9,155.0,0.0,RUNNING
TEL-10959,MCH-TESTING-01,2026-07-06 16:00:00,2.21,58.6,40.3,154.0,0.0,RUNNING
TEL-10960,MCH-COILING-01,2026-07-06 17:00:00,1.45,52.0,37.3,157.1,1460.0,RUNNING
TEL-10961,MCH-COILING-02,2026-07-06 17:00:00,2.21,59.3,40.6,152.3,1438.2,RUNNING
TEL-10962,MCH-HEATTREAT-01,2026-07-06 17:00:00,0.89,851.1,36.8,156.7,0.0,RUNNING
TEL-10963,MCH-TEMPERING-01,2026-07-06 17:00:00,1.99,53.8,38.8,154.8,0.0,RUNNING
TEL-10964,MCH-SHOTPEEN-01,2026-07-06 17:00:00,1.03,52.5,35.1,158.6,0.0,RUNNING
TEL-10965,MCH-STABILIZER-01,2026-07-06 17:00:00,1.82,57.2,39.9,152.2,0.0,RUNNING
TEL-10966,MCH-TESTING-01,2026-07-06 17:00:00,2.26,55.1,40.7,154.8,0.0,RUNNING
TEL-10967,MCH-COILING-01,2026-07-06 18:00:00,1.57,52.3,37.1,160.7,1455.6,RUNNING
TEL-10968,MCH-COILING-02,2026-07-06 18:00:00,1.99,57.3,37.8,156.8,1462.8,RUNNING
TEL-10969,MCH-HEATTREAT-01,2026-07-06 18:00:00,0.9,854.5,36.5,158.2,0.0,RUNNING
TEL-10970,MCH-TEMPERING-01,2026-07-06 18:00:00,1.77,56.0,38.1,156.8,0.0,RUNNING
TEL-10971,MCH-SHOTPEEN-01,2026-07-06 18:00:00,1.23,49.2,34.9,160.4,0.0,RUNNING
TEL-10972,MCH-STABILIZER-01,2026-07-06 18:00:00,1.99,59.1,38.1,154.5,0.0,RUNNING
TEL-10973,MCH-TESTING-01,2026-07-06 18:00:00,1.98,55.8,38.7,151.2,0.0,RUNNING
TEL-10974,MCH-COILING-01,2026-07-06 19:00:00,1.7,51.7,35.9,159.4,1457.9,RUNNING
TEL-10975,MCH-COILING-02,2026-07-06 19:00:00,1.96,57.3,39.7,151.1,1441.0,RUNNING
TEL-10976,MCH-HEATTREAT-01,2026-07-06 19:00:00,1.01,849.1,35.0,160.7,0.0,RUNNING
TEL-10977,MCH-TEMPERING-01,2026-07-06 19:00:00,1.97,53.9,39.0,154.4,0.0,RUNNING
TEL-10978,MCH-SHOTPEEN-01,2026-07-06 19:00:00,1.1,53.1,35.0,156.8,0.0,RUNNING
TEL-10979,MCH-STABILIZER-01,2026-07-06 19:00:00,1.83,54.9,37.4,154.2,0.0,RUNNING
TEL-10980,MCH-TESTING-01,2026-07-06 19:00:00,2.09,60.2,39.6,150.9,0.0,IDLE
TEL-10981,MCH-COILING-01,2026-07-06 20:00:00,1.64,52.1,35.6,155.8,1448.9,RUNNING
TEL-10982,MCH-COILING-02,2026-07-06 20:00:00,2.23,54.8,39.6,154.6,1439.5,RUNNING
TEL-10983,MCH-HEATTREAT-01,2026-07-06 20:00:00,0.85,852.1,34.2,159.5,0.0,RUNNING
TEL-10984,MCH-TEMPERING-01,2026-07-06 20:00:00,2.08,58.5,38.7,153.3,0.0,RUNNING
TEL-10985,MCH-SHOTPEEN-01,2026-07-06 20:00:00,1.29,52.7,35.4,160.2,0.0,RUNNING
TEL-10986,MCH-STABILIZER-01,2026-07-06 20:00:00,1.87,54.4,37.8,156.9,0.0,RUNNING
TEL-10987,MCH-TESTING-01,2026-07-06 20:00:00,2.02,56.0,40.3,151.0,0.0,RUNNING
TEL-10988,MCH-COILING-01,2026-07-06 21:00:00,1.51,51.0,35.7,158.8,1454.4,RUNNING
TEL-10989,MCH-COILING-02,2026-07-06 21:00:00,2.08,60.1,40.7,153.4,1441.4,RUNNING
TEL-10990,MCH-HEATTREAT-01,2026-07-06 21:00:00,0.95,852.3,34.4,159.7,0.0,RUNNING
TEL-10991,MCH-TEMPERING-01,2026-07-06 21:00:00,2.08,56.2,38.2,155.6,0.0,RUNNING
TEL-10992,MCH-SHOTPEEN-01,2026-07-06 21:00:00,1.24,52.0,37.1,155.8,0.0,RUNNING
TEL-10993,MCH-STABILIZER-01,2026-07-06 21:00:00,1.85,59.4,39.2,152.8,0.0,RUNNING
TEL-10994,MCH-TESTING-01,2026-07-06 21:00:00,1.96,56.0,38.4,153.8,0.0,RUNNING
TEL-10995,MCH-COILING-01,2026-07-06 22:00:00,1.6,48.7,37.1,157.9,1442.8,RUNNING
TEL-10996,MCH-COILING-02,2026-07-06 22:00:00,2.28,57.7,40.7,152.7,1445.8,RUNNING
TEL-10997,MCH-HEATTREAT-01,2026-07-06 22:00:00,1.14,850.1,36.7,161.9,0.0,RUNNING
TEL-10998,MCH-TEMPERING-01,2026-07-06 22:00:00,1.88,54.2,39.4,154.9,0.0,RUNNING
TEL-10999,MCH-SHOTPEEN-01,2026-07-06 22:00:00,1.14,53.4,36.6,158.4,0.0,RUNNING
TEL-11000,MCH-STABILIZER-01,2026-07-06 22:00:00,1.72,54.2,38.6,153.0,0.0,RUNNING
TEL-11001,MCH-TESTING-01,2026-07-06 22:00:00,1.99,60.6,39.4,153.5,0.0,RUNNING
TEL-11002,MCH-COILING-01,2026-07-06 23:00:00,1.64,51.1,35.3,159.6,1439.4,RUNNING
TEL-11003,MCH-COILING-02,2026-07-06 23:00:00,1.97,56.3,40.3,155.5,1459.7,RUNNING
TEL-11004,MCH-HEATTREAT-01,2026-07-06 23:00:00,1.04,849.8,37.2,156.4,0.0,RUNNING
TEL-11005,MCH-TEMPERING-01,2026-07-06 23:00:00,1.78,59.1,37.9,154.9,0.0,RUNNING
TEL-11006,MCH-SHOTPEEN-01,2026-07-06 23:00:00,1.05,49.3,37.6,156.5,0.0,RUNNING
TEL-11007,MCH-STABILIZER-01,2026-07-06 23:00:00,2.07,53.7,38.1,152.1,0.0,RUNNING
TEL-11008,MCH-TESTING-01,2026-07-06 23:00:00,2.22,57.9,39.8,152.4,0.0,RUNNING
TEL-11009,MCH-COILING-01,2026-07-07 00:00:00,1.55,49.4,36.7,158.4,1438.6,RUNNING
TEL-11010,MCH-COILING-02,2026-07-07 00:00:00,2.1,57.4,39.2,150.8,1461.3,RUNNING
TEL-11011,MCH-HEATTREAT-01,2026-07-07 00:00:00,0.9,853.3,35.9,160.1,0.0,RUNNING
TEL-11012,MCH-TEMPERING-01,2026-07-07 00:00:00,2.2,56.8,38.9,156.4,0.0,RUNNING
TEL-11013,MCH-SHOTPEEN-01,2026-07-07 00:00:00,1.07,52.2,37.4,160.9,0.0,RUNNING
TEL-11014,MCH-STABILIZER-01,2026-07-07 00:00:00,1.85,54.7,39.5,156.5,0.0,RUNNING
TEL-11015,MCH-TESTING-01,2026-07-07 00:00:00,2.12,57.5,39.6,153.3,0.0,RUNNING
TEL-11016,MCH-COILING-01,2026-07-07 01:00:00,1.58,53.2,36.4,155.5,1460.5,RUNNING
TEL-11017,MCH-COILING-02,2026-07-07 01:00:00,2.16,60.2,38.8,155.4,1445.2,RUNNING
TEL-11018,MCH-HEATTREAT-01,2026-07-07 01:00:00,0.87,851.3,36.7,158.3,0.0,RUNNING
TEL-11019,MCH-TEMPERING-01,2026-07-07 01:00:00,1.89,58.9,38.8,152.7,0.0,RUNNING
TEL-11020,MCH-SHOTPEEN-01,2026-07-07 01:00:00,1.2,50.9,36.4,160.3,0.0,RUNNING
TEL-11021,MCH-STABILIZER-01,2026-07-07 01:00:00,1.98,54.2,38.0,151.4,0.0,RUNNING
TEL-11022,MCH-TESTING-01,2026-07-07 01:00:00,2.43,56.2,39.2,156.2,0.0,RUNNING
TEL-11023,MCH-COILING-01,2026-07-07 02:00:00,1.56,53.9,37.3,158.5,1462.1,RUNNING
TEL-11024,MCH-COILING-02,2026-07-07 02:00:00,2.25,59.8,40.1,153.7,1443.9,RUNNING
TEL-11025,MCH-HEATTREAT-01,2026-07-07 02:00:00,1.11,852.4,35.3,160.6,0.0,RUNNING
TEL-11026,MCH-TEMPERING-01,2026-07-07 02:00:00,1.83,55.8,39.1,156.9,0.0,RUNNING
TEL-11027,MCH-SHOTPEEN-01,2026-07-07 02:00:00,1.21,49.6,36.6,159.9,0.0,RUNNING
TEL-11028,MCH-STABILIZER-01,2026-07-07 02:00:00,2.11,59.8,39.9,153.7,0.0,RUNNING
TEL-11029,MCH-TESTING-01,2026-07-07 02:00:00,2.17,55.8,39.3,154.6,0.0,RUNNING
TEL-11030,MCH-COILING-01,2026-07-07 03:00:00,1.59,55.5,36.2,155.2,1451.6,RUNNING
TEL-11031,MCH-COILING-02,2026-07-07 03:00:00,2.3,56.2,38.2,155.3,1452.8,RUNNING
TEL-11032,MCH-HEATTREAT-01,2026-07-07 03:00:00,1.15,853.6,37.4,156.8,0.0,RUNNING
TEL-11033,MCH-TEMPERING-01,2026-07-07 03:00:00,1.97,58.0,38.6,151.6,0.0,RUNNING
TEL-11034,MCH-SHOTPEEN-01,2026-07-07 03:00:00,1.08,50.2,37.2,157.9,0.0,RUNNING
TEL-11035,MCH-STABILIZER-01,2026-07-07 03:00:00,2.16,60.5,39.3,156.7,0.0,RUNNING
TEL-11036,MCH-TESTING-01,2026-07-07 03:00:00,2.27,59.5,39.3,152.0,0.0,RUNNING
TEL-11037,MCH-COILING-01,2026-07-07 04:00:00,1.82,53.4,37.5,157.8,1442.4,RUNNING
TEL-11038,MCH-COILING-02,2026-07-07 04:00:00,2.23,60.5,39.2,151.1,1456.3,RUNNING
TEL-11039,MCH-HEATTREAT-01,2026-07-07 04:00:00,0.87,849.2,37.1,159.0,0.0,RUNNING
TEL-11040,MCH-TEMPERING-01,2026-07-07 04:00:00,1.97,57.4,39.3,154.5,0.0,RUNNING
TEL-11041,MCH-SHOTPEEN-01,2026-07-07 04:00:00,1.14,51.5,36.3,157.8,0.0,RUNNING
TEL-11042,MCH-STABILIZER-01,2026-07-07 04:00:00,2.03,60.4,40.1,152.2,0.0,RUNNING
TEL-11043,MCH-TESTING-01,2026-07-07 04:00:00,2.34,56.4,40.4,155.4,0.0,RUNNING
TEL-11044,MCH-COILING-01,2026-07-07 05:00:00,1.62,52.1,37.6,160.3,1446.1,RUNNING
TEL-11045,MCH-COILING-02,2026-07-07 05:00:00,2.23,57.8,38.5,154.0,1436.2,RUNNING
TEL-11046,MCH-HEATTREAT-01,2026-07-07 05:00:00,0.98,855.3,35.3,159.0,0.0,RUNNING
TEL-11047,MCH-TEMPERING-01,2026-07-07 05:00:00,1.88,57.8,37.7,156.7,0.0,RUNNING
TEL-11048,MCH-SHOTPEEN-01,2026-07-07 05:00:00,1.12,53.6,36.5,155.9,0.0,RUNNING
TEL-11049,MCH-STABILIZER-01,2026-07-07 05:00:00,2.18,56.7,39.3,154.7,0.0,RUNNING
TEL-11050,MCH-TESTING-01,2026-07-07 05:00:00,2.37,58.7,40.4,153.9,0.0,RUNNING
TEL-11051,MCH-COILING-01,2026-07-07 06:00:00,1.74,52.0,36.7,157.4,1461.0,RUNNING
TEL-11052,MCH-COILING-02,2026-07-07 06:00:00,2.31,59.5,39.3,151.9,1446.9,RUNNING
TEL-11053,MCH-HEATTREAT-01,2026-07-07 06:00:00,1.22,854.6,36.6,160.0,0.0,RUNNING
TEL-11054,MCH-TEMPERING-01,2026-07-07 06:00:00,2.11,57.7,39.9,155.6,0.0,RUNNING
TEL-11055,MCH-SHOTPEEN-01,2026-07-07 06:00:00,1.08,51.9,35.6,158.9,0.0,RUNNING
TEL-11056,MCH-STABILIZER-01,2026-07-07 06:00:00,1.86,57.7,38.2,154.2,0.0,RUNNING
TEL-11057,MCH-TESTING-01,2026-07-07 06:00:00,2.1,61.7,38.8,150.4,0.0,RUNNING
TEL-11058,MCH-COILING-01,2026-07-07 07:00:00,1.64,53.6,38.0,157.3,1459.2,RUNNING
TEL-11059,MCH-COILING-02,2026-07-07 07:00:00,2.15,55.5,40.7,150.7,1448.1,RUNNING
TEL-11060,MCH-HEATTREAT-01,2026-07-07 07:00:00,1.18,850.9,35.2,156.8,0.0,RUNNING
TEL-11061,MCH-TEMPERING-01,2026-07-07 07:00:00,1.89,54.9,38.3,151.9,0.0,RUNNING
TEL-11062,MCH-SHOTPEEN-01,2026-07-07 07:00:00,1.19,49.3,36.9,157.1,0.0,IDLE
TEL-11063,MCH-STABILIZER-01,2026-07-07 07:00:00,1.86,56.6,38.6,153.8,0.0,RUNNING
TEL-11064,MCH-TESTING-01,2026-07-07 07:00:00,2.2,61.0,38.7,151.5,0.0,RUNNING
TEL-11065,MCH-COILING-01,2026-07-07 08:00:00,1.77,52.2,37.6,157.0,1438.5,RUNNING
TEL-11066,MCH-COILING-02,2026-07-07 08:00:00,2.18,57.8,39.6,153.0,1442.0,RUNNING
TEL-11067,MCH-HEATTREAT-01,2026-07-07 08:00:00,0.94,855.1,36.4,157.6,0.0,RUNNING
TEL-11068,MCH-TEMPERING-01,2026-07-07 08:00:00,2.14,55.9,38.8,151.9,0.0,RUNNING
TEL-11069,MCH-SHOTPEEN-01,2026-07-07 08:00:00,1.11,54.5,36.1,161.1,0.0,RUNNING
TEL-11070,MCH-STABILIZER-01,2026-07-07 08:00:00,2.05,56.8,40.3,154.0,0.0,IDLE
TEL-11071,MCH-TESTING-01,2026-07-07 08:00:00,2.24,61.0,39.2,156.1,0.0,IDLE
TEL-11072,MCH-COILING-01,2026-07-07 09:00:00,1.91,52.1,37.2,159.7,1446.4,RUNNING
TEL-11073,MCH-COILING-02,2026-07-07 09:00:00,2.25,59.0,39.6,150.8,1457.2,RUNNING
TEL-11074,MCH-HEATTREAT-01,2026-07-07 09:00:00,0.96,851.4,34.8,156.9,0.0,RUNNING
TEL-11075,MCH-TEMPERING-01,2026-07-07 09:00:00,1.94,56.8,39.4,157.1,0.0,RUNNING
TEL-11076,MCH-SHOTPEEN-01,2026-07-07 09:00:00,1.3,50.5,35.8,159.7,0.0,RUNNING
TEL-11077,MCH-STABILIZER-01,2026-07-07 09:00:00,1.93,60.4,38.6,154.1,0.0,RUNNING
TEL-11078,MCH-TESTING-01,2026-07-07 09:00:00,2.06,60.1,40.2,150.3,0.0,RUNNING
TEL-11079,MCH-COILING-01,2026-07-07 10:00:00,1.9,53.4,36.6,160.0,1456.1,RUNNING
TEL-11080,MCH-COILING-02,2026-07-07 10:00:00,2.21,60.3,40.0,151.0,1435.9,RUNNING
TEL-11081,MCH-HEATTREAT-01,2026-07-07 10:00:00,1.1,853.2,35.5,161.0,0.0,RUNNING
TEL-11082,MCH-TEMPERING-01,2026-07-07 10:00:00,1.97,55.1,39.9,155.5,0.0,IDLE
TEL-11083,MCH-SHOTPEEN-01,2026-07-07 10:00:00,1.22,54.3,36.3,156.5,0.0,IDLE
TEL-11084,MCH-STABILIZER-01,2026-07-07 10:00:00,1.95,60.0,38.7,151.8,0.0,RUNNING
TEL-11085,MCH-TESTING-01,2026-07-07 10:00:00,2.17,60.3,39.0,153.2,0.0,RUNNING
TEL-11086,MCH-COILING-01,2026-07-07 11:00:00,1.65,54.9,37.5,155.9,1440.9,RUNNING
TEL-11087,MCH-COILING-02,2026-07-07 11:00:00,2.15,60.8,39.8,153.5,1451.6,RUNNING
TEL-11088,MCH-HEATTREAT-01,2026-07-07 11:00:00,1.06,853.3,36.1,156.5,0.0,RUNNING
TEL-11089,MCH-TEMPERING-01,2026-07-07 11:00:00,1.85,55.6,39.3,152.7,0.0,RUNNING
TEL-11090,MCH-SHOTPEEN-01,2026-07-07 11:00:00,1.34,49.5,37.1,161.1,0.0,RUNNING
TEL-11091,MCH-STABILIZER-01,2026-07-07 11:00:00,2.05,55.7,39.3,154.0,0.0,RUNNING
TEL-11092,MCH-TESTING-01,2026-07-07 11:00:00,2.31,61.7,38.4,155.9,0.0,RUNNING
TEL-11093,MCH-COILING-01,2026-07-07 12:00:00,1.94,50.8,37.4,157.5,1445.8,RUNNING
TEL-11094,MCH-COILING-02,2026-07-07 12:00:00,2.35,56.6,38.9,153.1,1448.5,IDLE
TEL-11095,MCH-HEATTREAT-01,2026-07-07 12:00:00,0.91,849.4,36.1,156.3,0.0,RUNNING
TEL-11096,MCH-TEMPERING-01,2026-07-07 12:00:00,2.22,56.7,37.8,152.9,0.0,RUNNING
TEL-11097,MCH-SHOTPEEN-01,2026-07-07 12:00:00,1.15,52.3,35.3,158.1,0.0,RUNNING
TEL-11098,MCH-STABILIZER-01,2026-07-07 12:00:00,2.07,58.1,38.6,152.8,0.0,RUNNING
TEL-11099,MCH-TESTING-01,2026-07-07 12:00:00,2.15,57.8,38.5,152.3,0.0,RUNNING
TEL-11100,MCH-COILING-01,2026-07-07 13:00:00,1.92,54.1,37.2,159.2,1453.8,RUNNING
TEL-11101,MCH-COILING-02,2026-07-07 13:00:00,2.03,55.6,38.2,152.4,1460.4,RUNNING
TEL-11102,MCH-HEATTREAT-01,2026-07-07 13:00:00,0.89,854.8,35.7,157.9,0.0,RUNNING
TEL-11103,MCH-TEMPERING-01,2026-07-07 13:00:00,1.85,58.4,39.2,153.1,0.0,RUNNING
TEL-11104,MCH-SHOTPEEN-01,2026-07-07 13:00:00,1.07,53.1,35.7,158.8,0.0,RUNNING
TEL-11105,MCH-STABILIZER-01,2026-07-07 13:00:00,1.84,56.5,40.0,156.6,0.0,RUNNING
TEL-11106,MCH-TESTING-01,2026-07-07 13:00:00,2.19,61.7,40.6,153.0,0.0,RUNNING
TEL-11107,MCH-COILING-01,2026-07-07 14:00:00,1.61,49.7,37.1,155.1,1458.7,RUNNING
TEL-11108,MCH-COILING-02,2026-07-07 14:00:00,2.22,59.3,38.9,153.1,1456.7,RUNNING
TEL-11109,MCH-HEATTREAT-01,2026-07-07 14:00:00,0.93,854.0,34.6,158.0,0.0,RUNNING
TEL-11110,MCH-TEMPERING-01,2026-07-07 14:00:00,2.21,58.9,38.5,156.7,0.0,RUNNING
TEL-11111,MCH-SHOTPEEN-01,2026-07-07 14:00:00,1.09,50.2,36.0,157.4,0.0,IDLE
TEL-11112,MCH-STABILIZER-01,2026-07-07 14:00:00,2.07,58.4,37.8,154.4,0.0,RUNNING
TEL-11113,MCH-TESTING-01,2026-07-07 14:00:00,2.4,58.3,38.9,151.5,0.0,RUNNING
TEL-11114,MCH-COILING-01,2026-07-07 15:00:00,1.85,51.2,37.4,158.8,1464.5,RUNNING
TEL-11115,MCH-COILING-02,2026-07-07 15:00:00,2.13,58.9,41.0,154.2,1447.6,RUNNING
TEL-11116,MCH-HEATTREAT-01,2026-07-07 15:00:00,1.02,854.0,34.5,157.4,0.0,IDLE
TEL-11117,MCH-TEMPERING-01,2026-07-07 15:00:00,1.91,55.5,39.4,152.8,0.0,RUNNING
TEL-11118,MCH-SHOTPEEN-01,2026-07-07 15:00:00,1.41,50.4,37.2,156.4,0.0,RUNNING
TEL-11119,MCH-STABILIZER-01,2026-07-07 15:00:00,2.23,56.4,37.8,151.5,0.0,RUNNING
TEL-11120,MCH-TESTING-01,2026-07-07 15:00:00,2.17,56.9,40.0,154.9,0.0,IDLE
TEL-11121,MCH-COILING-01,2026-07-07 16:00:00,1.55,50.3,35.9,160.0,1456.6,RUNNING
TEL-11122,MCH-COILING-02,2026-07-07 16:00:00,2.22,56.3,38.2,155.6,1462.3,IDLE
TEL-11123,MCH-HEATTREAT-01,2026-07-07 16:00:00,1.11,851.3,36.8,156.8,0.0,RUNNING
TEL-11124,MCH-TEMPERING-01,2026-07-07 16:00:00,1.95,55.5,40.0,155.3,0.0,RUNNING
TEL-11125,MCH-SHOTPEEN-01,2026-07-07 16:00:00,1.42,54.7,37.7,160.4,0.0,RUNNING
TEL-11126,MCH-STABILIZER-01,2026-07-07 16:00:00,1.89,60.0,40.0,152.5,0.0,RUNNING
TEL-11127,MCH-TESTING-01,2026-07-07 16:00:00,2.2,59.5,41.2,151.7,0.0,IDLE
TEL-11128,MCH-COILING-01,2026-07-07 17:00:00,1.78,50.2,37.0,159.4,1444.8,RUNNING
TEL-11129,MCH-COILING-02,2026-07-07 17:00:00,2.31,60.8,40.7,156.4,1461.6,RUNNING
TEL-11130,MCH-HEATTREAT-01,2026-07-07 17:00:00,0.87,851.9,36.4,156.5,0.0,RUNNING
TEL-11131,MCH-TEMPERING-01,2026-07-07 17:00:00,2.13,58.2,39.1,154.4,0.0,RUNNING
TEL-11132,MCH-SHOTPEEN-01,2026-07-07 17:00:00,1.16,50.7,37.1,159.5,0.0,RUNNING
TEL-11133,MCH-STABILIZER-01,2026-07-07 17:00:00,1.94,56.6,40.4,154.8,0.0,IDLE
TEL-11134,MCH-TESTING-01,2026-07-07 17:00:00,2.14,56.9,40.9,152.6,0.0,RUNNING
TEL-11135,MCH-COILING-01,2026-07-07 18:00:00,1.89,52.7,38.2,156.9,1451.5,RUNNING
TEL-11136,MCH-COILING-02,2026-07-07 18:00:00,2.03,58.1,39.2,154.1,1449.0,RUNNING
TEL-11137,MCH-HEATTREAT-01,2026-07-07 18:00:00,1.01,851.9,35.6,160.9,0.0,RUNNING
TEL-11138,MCH-TEMPERING-01,2026-07-07 18:00:00,1.98,55.1,38.3,155.2,0.0,RUNNING
TEL-11139,MCH-SHOTPEEN-01,2026-07-07 18:00:00,1.06,53.7,36.6,159.0,0.0,RUNNING
TEL-11140,MCH-STABILIZER-01,2026-07-07 18:00:00,2.21,54.7,37.8,151.5,0.0,RUNNING
TEL-11141,MCH-TESTING-01,2026-07-07 18:00:00,2.13,57.7,39.2,155.2,0.0,RUNNING
TEL-11142,MCH-COILING-01,2026-07-07 19:00:00,1.65,53.6,38.4,160.6,1457.6,RUNNING
TEL-11143,MCH-COILING-02,2026-07-07 19:00:00,2.36,55.2,39.0,155.5,1458.5,RUNNING
TEL-11144,MCH-HEATTREAT-01,2026-07-07 19:00:00,1.0,852.6,36.4,158.9,0.0,RUNNING
TEL-11145,MCH-TEMPERING-01,2026-07-07 19:00:00,2.13,54.9,38.8,152.7,0.0,RUNNING
TEL-11146,MCH-SHOTPEEN-01,2026-07-07 19:00:00,1.22,51.6,37.4,159.7,0.0,RUNNING
TEL-11147,MCH-STABILIZER-01,2026-07-07 19:00:00,2.02,59.2,38.5,152.4,0.0,RUNNING
TEL-11148,MCH-TESTING-01,2026-07-07 19:00:00,2.33,57.0,39.6,153.6,0.0,RUNNING
TEL-11149,MCH-COILING-01,2026-07-07 20:00:00,1.77,49.8,38.2,154.7,1459.3,RUNNING
TEL-11150,MCH-COILING-02,2026-07-07 20:00:00,2.13,57.9,40.2,153.0,1458.4,RUNNING
TEL-11151,MCH-HEATTREAT-01,2026-07-07 20:00:00,0.97,849.0,36.8,161.6,0.0,RUNNING
TEL-11152,MCH-TEMPERING-01,2026-07-07 20:00:00,2.21,56.1,39.4,155.0,0.0,RUNNING
TEL-11153,MCH-SHOTPEEN-01,2026-07-07 20:00:00,1.38,54.6,35.6,157.5,0.0,RUNNING
TEL-11154,MCH-STABILIZER-01,2026-07-07 20:00:00,1.91,54.7,39.3,154.0,0.0,RUNNING
TEL-11155,MCH-TESTING-01,2026-07-07 20:00:00,2.09,56.3,39.9,150.5,0.0,RUNNING
TEL-11156,MCH-COILING-01,2026-07-07 21:00:00,1.73,50.2,35.6,160.4,1443.5,RUNNING
TEL-11157,MCH-COILING-02,2026-07-07 21:00:00,2.26,55.6,38.3,153.7,1440.2,RUNNING
TEL-11158,MCH-HEATTREAT-01,2026-07-07 21:00:00,1.0,849.9,34.7,159.3,0.0,RUNNING
TEL-11159,MCH-TEMPERING-01,2026-07-07 21:00:00,1.85,60.2,40.2,152.1,0.0,RUNNING
TEL-11160,MCH-SHOTPEEN-01,2026-07-07 21:00:00,1.2,52.8,36.4,158.8,0.0,RUNNING
TEL-11161,MCH-STABILIZER-01,2026-07-07 21:00:00,2.07,57.3,39.6,153.0,0.0,IDLE
TEL-11162,MCH-TESTING-01,2026-07-07 21:00:00,2.11,56.0,39.5,155.1,0.0,RUNNING
TEL-11163,MCH-COILING-01,2026-07-07 22:00:00,1.9,54.7,36.7,158.1,1457.1,RUNNING
TEL-11164,MCH-COILING-02,2026-07-07 22:00:00,2.35,58.1,40.2,154.8,1443.9,RUNNING
TEL-11165,MCH-HEATTREAT-01,2026-07-07 22:00:00,1.16,850.0,35.1,161.5,0.0,RUNNING
TEL-11166,MCH-TEMPERING-01,2026-07-07 22:00:00,2.01,59.9,38.1,154.8,0.0,RUNNING
TEL-11167,MCH-SHOTPEEN-01,2026-07-07 22:00:00,1.41,49.8,37.6,156.8,0.0,RUNNING
TEL-11168,MCH-STABILIZER-01,2026-07-07 22:00:00,1.95,60.0,39.7,155.6,0.0,RUNNING
TEL-11169,MCH-TESTING-01,2026-07-07 22:00:00,2.25,62.1,39.9,156.2,0.0,RUNNING
TEL-11170,MCH-COILING-01,2026-07-07 23:00:00,1.58,54.0,36.3,157.4,1442.6,RUNNING
TEL-11171,MCH-COILING-02,2026-07-07 23:00:00,2.18,55.7,40.2,155.0,1446.4,RUNNING
TEL-11172,MCH-HEATTREAT-01,2026-07-07 23:00:00,1.18,851.4,34.4,156.8,0.0,RUNNING
TEL-11173,MCH-TEMPERING-01,2026-07-07 23:00:00,1.96,58.8,39.0,151.8,0.0,RUNNING
TEL-11174,MCH-SHOTPEEN-01,2026-07-07 23:00:00,1.13,54.4,35.4,160.1,0.0,RUNNING
TEL-11175,MCH-STABILIZER-01,2026-07-07 23:00:00,1.9,54.2,37.9,153.1,0.0,RUNNING
TEL-11176,MCH-TESTING-01,2026-07-07 23:00:00,2.21,56.1,40.6,154.3,0.0,RUNNING
TEL-11177,MCH-COILING-01,2026-07-08 00:00:00,1.69,55.1,37.8,159.5,1446.9,RUNNING
TEL-11178,MCH-COILING-02,2026-07-08 00:00:00,2.43,59.1,38.9,152.7,1459.9,RUNNING
TEL-11179,MCH-HEATTREAT-01,2026-07-08 00:00:00,1.03,855.7,36.6,158.1,0.0,RUNNING
TEL-11180,MCH-TEMPERING-01,2026-07-08 00:00:00,2.11,60.6,40.1,151.3,0.0,RUNNING
TEL-11181,MCH-SHOTPEEN-01,2026-07-08 00:00:00,1.4,50.9,35.6,159.4,0.0,RUNNING
TEL-11182,MCH-STABILIZER-01,2026-07-08 00:00:00,2.05,56.4,40.7,155.9,0.0,IDLE
TEL-11183,MCH-TESTING-01,2026-07-08 00:00:00,2.18,60.9,40.2,153.7,0.0,RUNNING
TEL-11184,MCH-COILING-01,2026-07-08 01:00:00,1.75,52.5,37.9,155.2,1440.5,RUNNING
TEL-11185,MCH-COILING-02,2026-07-08 01:00:00,2.25,61.0,38.9,150.5,1440.5,RUNNING
TEL-11186,MCH-HEATTREAT-01,2026-07-08 01:00:00,1.01,855.2,35.9,159.5,0.0,RUNNING
TEL-11187,MCH-TEMPERING-01,2026-07-08 01:00:00,2.3,55.9,38.8,153.0,0.0,RUNNING
TEL-11188,MCH-SHOTPEEN-01,2026-07-08 01:00:00,1.23,52.5,36.6,158.9,0.0,RUNNING
TEL-11189,MCH-STABILIZER-01,2026-07-08 01:00:00,1.92,59.3,37.8,154.5,0.0,RUNNING
TEL-11190,MCH-TESTING-01,2026-07-08 01:00:00,2.19,59.7,38.6,153.4,0.0,RUNNING
TEL-11191,MCH-COILING-01,2026-07-08 02:00:00,1.99,56.1,37.2,156.0,1447.9,RUNNING
TEL-11192,MCH-COILING-02,2026-07-08 02:00:00,2.42,62.2,40.8,155.8,1455.0,RUNNING
TEL-11193,MCH-HEATTREAT-01,2026-07-08 02:00:00,0.93,851.7,35.6,156.4,0.0,RUNNING
TEL-11194,MCH-TEMPERING-01,2026-07-08 02:00:00,2.23,59.6,40.6,151.6,0.0,RUNNING
TEL-11195,MCH-SHOTPEEN-01,2026-07-08 02:00:00,1.44,50.5,37.3,159.8,0.0,RUNNING
TEL-11196,MCH-STABILIZER-01,2026-07-08 02:00:00,2.14,58.7,39.2,153.5,0.0,RUNNING
TEL-11197,MCH-TESTING-01,2026-07-08 02:00:00,2.55,62.6,41.1,149.9,0.0,RUNNING
TEL-11198,MCH-COILING-01,2026-07-08 03:00:00,1.7,55.3,36.8,156.6,1453.2,RUNNING
TEL-11199,MCH-COILING-02,2026-07-08 03:00:00,2.31,56.2,39.6,155.8,1462.9,RUNNING
TEL-11200,MCH-HEATTREAT-01,2026-07-08 03:00:00,1.25,855.2,36.8,157.5,0.0,RUNNING
TEL-11201,MCH-TEMPERING-01,2026-07-08 03:00:00,2.01,58.2,39.7,155.9,0.0,RUNNING
TEL-11202,MCH-SHOTPEEN-01,2026-07-08 03:00:00,1.14,53.9,36.1,158.9,0.0,RUNNING
TEL-11203,MCH-STABILIZER-01,2026-07-08 03:00:00,2.24,55.5,39.1,151.7,0.0,RUNNING
TEL-11204,MCH-TESTING-01,2026-07-08 03:00:00,2.25,57.7,40.9,153.7,0.0,RUNNING
TEL-11205,MCH-COILING-01,2026-07-08 04:00:00,1.86,54.7,36.3,159.5,1462.1,RUNNING
TEL-11206,MCH-COILING-02,2026-07-08 04:00:00,2.16,57.4,39.8,155.6,1438.7,RUNNING
TEL-11207,MCH-HEATTREAT-01,2026-07-08 04:00:00,1.12,854.1,34.9,159.9,0.0,RUNNING
TEL-11208,MCH-TEMPERING-01,2026-07-08 04:00:00,2.32,59.8,39.8,154.6,0.0,RUNNING
TEL-11209,MCH-SHOTPEEN-01,2026-07-08 04:00:00,1.38,53.5,36.4,158.7,0.0,RUNNING
TEL-11210,MCH-STABILIZER-01,2026-07-08 04:00:00,2.24,59.7,38.4,151.7,0.0,RUNNING
TEL-11211,MCH-TESTING-01,2026-07-08 04:00:00,2.19,61.1,41.4,154.2,0.0,RUNNING
TEL-11212,MCH-COILING-01,2026-07-08 05:00:00,1.83,55.6,38.7,157.4,1435.1,RUNNING
TEL-11213,MCH-COILING-02,2026-07-08 05:00:00,2.28,61.2,41.3,152.1,1446.0,RUNNING
TEL-11214,MCH-HEATTREAT-01,2026-07-08 05:00:00,1.23,852.7,36.4,157.1,0.0,RUNNING
TEL-11215,MCH-TEMPERING-01,2026-07-08 05:00:00,2.17,57.9,38.4,156.4,0.0,RUNNING
TEL-11216,MCH-SHOTPEEN-01,2026-07-08 05:00:00,1.29,51.6,37.0,155.8,0.0,RUNNING
TEL-11217,MCH-STABILIZER-01,2026-07-08 05:00:00,2.21,59.0,39.6,152.9,0.0,RUNNING
TEL-11218,MCH-TESTING-01,2026-07-08 05:00:00,2.2,62.8,40.7,152.7,0.0,RUNNING
TEL-11219,MCH-COILING-01,2026-07-08 06:00:00,1.88,54.6,37.0,159.9,1445.0,RUNNING
TEL-11220,MCH-COILING-02,2026-07-08 06:00:00,2.15,60.5,40.8,154.4,1436.6,RUNNING
TEL-11221,MCH-HEATTREAT-01,2026-07-08 06:00:00,0.98,852.5,35.8,161.7,0.0,RUNNING
TEL-11222,MCH-TEMPERING-01,2026-07-08 06:00:00,2.29,61.3,39.6,152.8,0.0,RUNNING
TEL-11223,MCH-SHOTPEEN-01,2026-07-08 06:00:00,1.49,53.6,36.4,158.0,0.0,RUNNING
TEL-11224,MCH-STABILIZER-01,2026-07-08 06:00:00,2.17,55.7,40.3,153.4,0.0,RUNNING
TEL-11225,MCH-TESTING-01,2026-07-08 06:00:00,2.45,60.1,41.0,154.9,0.0,RUNNING
TEL-11226,MCH-COILING-01,2026-07-08 07:00:00,1.86,51.1,36.2,158.1,1443.7,RUNNING
TEL-11227,MCH-COILING-02,2026-07-08 07:00:00,2.16,60.6,40.5,150.2,1456.8,RUNNING
TEL-11228,MCH-HEATTREAT-01,2026-07-08 07:00:00,1.18,855.8,35.1,161.5,0.0,RUNNING
TEL-11229,MCH-TEMPERING-01,2026-07-08 07:00:00,2.29,60.9,38.2,156.6,0.0,RUNNING
TEL-11230,MCH-SHOTPEEN-01,2026-07-08 07:00:00,1.11,55.1,37.2,158.4,0.0,RUNNING
TEL-11231,MCH-STABILIZER-01,2026-07-08 07:00:00,2.14,57.1,37.9,152.5,0.0,RUNNING
TEL-11232,MCH-TESTING-01,2026-07-08 07:00:00,2.43,62.5,40.6,152.0,0.0,RUNNING
TEL-11233,MCH-COILING-01,2026-07-08 08:00:00,2.0,54.3,38.2,159.2,1454.5,RUNNING
TEL-11234,MCH-COILING-02,2026-07-08 08:00:00,2.33,58.1,38.7,150.7,1449.7,RUNNING
TEL-11235,MCH-HEATTREAT-01,2026-07-08 08:00:00,1.11,849.5,36.3,159.2,0.0,RUNNING
TEL-11236,MCH-TEMPERING-01,2026-07-08 08:00:00,2.25,60.0,38.5,153.7,0.0,RUNNING
TEL-11237,MCH-SHOTPEEN-01,2026-07-08 08:00:00,1.27,52.4,35.5,155.3,0.0,RUNNING
TEL-11238,MCH-STABILIZER-01,2026-07-08 08:00:00,2.21,55.6,40.2,151.2,0.0,RUNNING
TEL-11239,MCH-TESTING-01,2026-07-08 08:00:00,2.37,61.6,40.1,152.9,0.0,RUNNING
TEL-11240,MCH-COILING-01,2026-07-08 09:00:00,1.97,55.2,36.2,158.5,1464.0,RUNNING
TEL-11241,MCH-COILING-02,2026-07-08 09:00:00,2.14,59.6,38.9,153.5,1459.0,RUNNING
TEL-11242,MCH-HEATTREAT-01,2026-07-08 09:00:00,0.96,850.7,35.1,159.1,0.0,RUNNING
TEL-11243,MCH-TEMPERING-01,2026-07-08 09:00:00,1.96,61.2,39.5,152.9,0.0,RUNNING
TEL-11244,MCH-SHOTPEEN-01,2026-07-08 09:00:00,1.26,54.8,35.2,156.7,0.0,RUNNING
TEL-11245,MCH-STABILIZER-01,2026-07-08 09:00:00,2.1,59.5,39.8,153.7,0.0,RUNNING
TEL-11246,MCH-TESTING-01,2026-07-08 09:00:00,2.43,59.7,41.6,151.9,0.0,RUNNING
TEL-11247,MCH-COILING-01,2026-07-08 10:00:00,1.77,50.7,38.3,155.4,1440.6,RUNNING
TEL-11248,MCH-COILING-02,2026-07-08 10:00:00,2.4,61.9,40.1,151.5,1445.8,RUNNING
TEL-11249,MCH-HEATTREAT-01,2026-07-08 10:00:00,1.16,849.8,35.4,158.0,0.0,RUNNING
TEL-11250,MCH-TEMPERING-01,2026-07-08 10:00:00,2.11,55.4,38.7,153.3,0.0,RUNNING
TEL-11251,MCH-SHOTPEEN-01,2026-07-08 10:00:00,1.31,49.1,37.4,160.8,0.0,RUNNING
TEL-11252,MCH-STABILIZER-01,2026-07-08 10:00:00,1.97,56.9,39.7,156.0,0.0,RUNNING
TEL-11253,MCH-TESTING-01,2026-07-08 10:00:00,2.32,57.3,41.6,152.4,0.0,IDLE
TEL-11254,MCH-COILING-01,2026-07-08 11:00:00,1.92,50.6,36.2,154.6,1451.5,RUNNING
TEL-11255,MCH-COILING-02,2026-07-08 11:00:00,2.32,58.1,39.3,151.8,1461.1,RUNNING
TEL-11256,MCH-HEATTREAT-01,2026-07-08 11:00:00,0.91,851.8,37.5,158.0,0.0,RUNNING
TEL-11257,MCH-TEMPERING-01,2026-07-08 11:00:00,2.32,56.0,40.1,152.6,0.0,RUNNING
TEL-11258,MCH-SHOTPEEN-01,2026-07-08 11:00:00,1.29,52.1,37.3,160.1,0.0,RUNNING
TEL-11259,MCH-STABILIZER-01,2026-07-08 11:00:00,2.14,60.3,38.3,156.7,0.0,RUNNING
TEL-11260,MCH-TESTING-01,2026-07-08 11:00:00,2.29,61.1,41.5,153.0,0.0,RUNNING
TEL-11261,MCH-COILING-01,2026-07-08 12:00:00,2.02,53.1,36.2,154.0,1450.4,RUNNING
TEL-11262,MCH-COILING-02,2026-07-08 12:00:00,2.12,58.2,40.5,150.5,1456.8,RUNNING
TEL-11263,MCH-HEATTREAT-01,2026-07-08 12:00:00,1.19,851.0,36.5,160.0,0.0,RUNNING
TEL-11264,MCH-TEMPERING-01,2026-07-08 12:00:00,2.34,60.0,39.5,152.4,0.0,RUNNING
TEL-11265,MCH-SHOTPEEN-01,2026-07-08 12:00:00,1.47,54.4,37.7,156.7,0.0,RUNNING
TEL-11266,MCH-STABILIZER-01,2026-07-08 12:00:00,2.27,57.1,38.7,151.6,0.0,RUNNING
TEL-11267,MCH-TESTING-01,2026-07-08 12:00:00,2.45,62.5,39.1,150.1,0.0,RUNNING
TEL-11268,MCH-COILING-01,2026-07-08 13:00:00,1.9,53.3,38.4,159.7,1447.7,RUNNING
TEL-11269,MCH-COILING-02,2026-07-08 13:00:00,2.36,58.8,39.9,156.2,1461.6,RUNNING
TEL-11270,MCH-HEATTREAT-01,2026-07-08 13:00:00,1.07,853.4,37.4,160.2,0.0,RUNNING
TEL-11271,MCH-TEMPERING-01,2026-07-08 13:00:00,2.23,59.7,38.7,155.2,0.0,RUNNING
TEL-11272,MCH-SHOTPEEN-01,2026-07-08 13:00:00,1.42,54.4,36.8,158.5,0.0,RUNNING
TEL-11273,MCH-STABILIZER-01,2026-07-08 13:00:00,2.28,58.8,40.4,154.2,0.0,RUNNING
TEL-11274,MCH-TESTING-01,2026-07-08 13:00:00,2.18,61.8,40.2,155.5,0.0,RUNNING
TEL-11275,MCH-COILING-01,2026-07-08 14:00:00,1.83,52.5,36.2,159.5,1442.5,RUNNING
TEL-11276,MCH-COILING-02,2026-07-08 14:00:00,2.38,56.5,39.2,152.0,1441.4,RUNNING
TEL-11277,MCH-HEATTREAT-01,2026-07-08 14:00:00,1.14,850.8,35.5,161.4,0.0,RUNNING
TEL-11278,MCH-TEMPERING-01,2026-07-08 14:00:00,2.28,55.1,39.3,154.5,0.0,RUNNING
TEL-11279,MCH-SHOTPEEN-01,2026-07-08 14:00:00,1.23,52.7,36.2,157.0,0.0,IDLE
TEL-11280,MCH-STABILIZER-01,2026-07-08 14:00:00,2.25,55.7,38.8,151.6,0.0,RUNNING
TEL-11281,MCH-TESTING-01,2026-07-08 14:00:00,2.19,59.7,39.1,150.5,0.0,RUNNING
TEL-11282,MCH-COILING-01,2026-07-08 15:00:00,1.74,54.3,36.5,156.3,1444.0,RUNNING
TEL-11283,MCH-COILING-02,2026-07-08 15:00:00,2.14,61.0,38.7,152.8,1460.2,RUNNING
TEL-11284,MCH-HEATTREAT-01,2026-07-08 15:00:00,1.05,852.2,35.7,161.0,0.0,RUNNING
TEL-11285,MCH-TEMPERING-01,2026-07-08 15:00:00,2.03,55.1,39.1,155.2,0.0,RUNNING
TEL-11286,MCH-SHOTPEEN-01,2026-07-08 15:00:00,1.16,50.0,36.7,158.9,0.0,RUNNING
TEL-11287,MCH-STABILIZER-01,2026-07-08 15:00:00,2.06,58.0,40.2,155.3,0.0,RUNNING
TEL-11288,MCH-TESTING-01,2026-07-08 15:00:00,2.46,62.1,40.1,155.3,0.0,RUNNING
TEL-11289,MCH-COILING-01,2026-07-08 16:00:00,1.84,50.8,36.1,154.1,1439.7,RUNNING
TEL-11290,MCH-COILING-02,2026-07-08 16:00:00,2.38,57.3,40.4,152.2,1464.3,RUNNING
TEL-11291,MCH-HEATTREAT-01,2026-07-08 16:00:00,1.08,851.2,36.1,160.3,0.0,RUNNING
TEL-11292,MCH-TEMPERING-01,2026-07-08 16:00:00,2.01,58.2,38.7,155.4,0.0,RUNNING
TEL-11293,MCH-SHOTPEEN-01,2026-07-08 16:00:00,1.49,50.3,37.7,156.1,0.0,RUNNING
TEL-11294,MCH-STABILIZER-01,2026-07-08 16:00:00,2.22,59.0,39.3,152.1,0.0,RUNNING
TEL-11295,MCH-TESTING-01,2026-07-08 16:00:00,2.39,60.5,39.3,150.6,0.0,IDLE
TEL-11296,MCH-COILING-01,2026-07-08 17:00:00,2.08,56.1,37.1,157.7,1437.7,RUNNING
TEL-11297,MCH-COILING-02,2026-07-08 17:00:00,2.23,57.7,40.2,151.6,1445.1,RUNNING
TEL-11298,MCH-HEATTREAT-01,2026-07-08 17:00:00,1.11,853.5,35.5,157.4,0.0,RUNNING
TEL-11299,MCH-TEMPERING-01,2026-07-08 17:00:00,2.09,57.6,38.9,151.0,0.0,IDLE
TEL-11300,MCH-SHOTPEEN-01,2026-07-08 17:00:00,1.11,53.5,35.9,157.7,0.0,RUNNING
TEL-11301,MCH-STABILIZER-01,2026-07-08 17:00:00,1.93,55.6,40.6,153.2,0.0,RUNNING
TEL-11302,MCH-TESTING-01,2026-07-08 17:00:00,2.19,56.4,40.3,155.0,0.0,RUNNING
TEL-11303,MCH-COILING-01,2026-07-08 18:00:00,1.98,52.4,38.2,157.1,1446.1,RUNNING
TEL-11304,MCH-COILING-02,2026-07-08 18:00:00,2.15,58.2,41.0,151.0,1457.3,RUNNING
TEL-11305,MCH-HEATTREAT-01,2026-07-08 18:00:00,1.14,855.3,36.6,156.9,0.0,RUNNING
TEL-11306,MCH-TEMPERING-01,2026-07-08 18:00:00,2.32,55.3,39.6,152.8,0.0,RUNNING
TEL-11307,MCH-SHOTPEEN-01,2026-07-08 18:00:00,1.49,50.0,37.4,155.1,0.0,RUNNING
TEL-11308,MCH-STABILIZER-01,2026-07-08 18:00:00,2.11,56.1,40.4,156.2,0.0,RUNNING
TEL-11309,MCH-TESTING-01,2026-07-08 18:00:00,2.54,62.1,40.0,154.1,0.0,RUNNING
TEL-11310,MCH-COILING-01,2026-07-08 19:00:00,1.71,52.8,38.6,157.0,1435.7,RUNNING
TEL-11311,MCH-COILING-02,2026-07-08 19:00:00,2.35,56.6,38.5,153.6,1458.8,RUNNING
TEL-11312,MCH-HEATTREAT-01,2026-07-08 19:00:00,1.21,851.9,36.7,161.0,0.0,RUNNING
TEL-11313,MCH-TEMPERING-01,2026-07-08 19:00:00,2.02,59.7,39.1,155.4,0.0,RUNNING
TEL-11314,MCH-SHOTPEEN-01,2026-07-08 19:00:00,1.2,49.9,35.7,156.2,0.0,RUNNING
TEL-11315,MCH-STABILIZER-01,2026-07-08 19:00:00,2.24,59.6,39.1,155.3,0.0,RUNNING
TEL-11316,MCH-TESTING-01,2026-07-08 19:00:00,2.28,57.8,40.7,153.1,0.0,RUNNING
TEL-11317,MCH-COILING-01,2026-07-08 20:00:00,1.7,51.6,35.9,154.9,1461.5,RUNNING
TEL-11318,MCH-COILING-02,2026-07-08 20:00:00,2.18,60.9,40.3,151.7,1459.7,RUNNING
TEL-11319,MCH-HEATTREAT-01,2026-07-08 20:00:00,0.91,851.6,36.4,158.0,0.0,RUNNING
TEL-11320,MCH-TEMPERING-01,2026-07-08 20:00:00,2.23,58.4,40.1,153.2,0.0,RUNNING
TEL-11321,MCH-SHOTPEEN-01,2026-07-08 20:00:00,1.22,49.1,37.7,159.8,0.0,RUNNING
TEL-11322,MCH-STABILIZER-01,2026-07-08 20:00:00,2.28,55.6,40.7,154.3,0.0,RUNNING
TEL-11323,MCH-TESTING-01,2026-07-08 20:00:00,2.47,61.4,38.9,154.3,0.0,RUNNING
TEL-11324,MCH-COILING-01,2026-07-08 21:00:00,1.94,55.7,37.7,157.3,1459.5,RUNNING
TEL-11325,MCH-COILING-02,2026-07-08 21:00:00,2.18,59.5,40.8,154.7,1439.7,RUNNING
TEL-11326,MCH-HEATTREAT-01,2026-07-08 21:00:00,1.2,851.8,37.3,156.3,0.0,RUNNING
TEL-11327,MCH-TEMPERING-01,2026-07-08 21:00:00,2.02,60.5,38.5,153.7,0.0,RUNNING
TEL-11328,MCH-SHOTPEEN-01,2026-07-08 21:00:00,1.35,48.8,35.7,155.9,0.0,RUNNING
TEL-11329,MCH-STABILIZER-01,2026-07-08 21:00:00,2.14,54.9,38.0,152.5,0.0,RUNNING
TEL-11330,MCH-TESTING-01,2026-07-08 21:00:00,2.54,57.0,40.2,154.1,0.0,RUNNING
TEL-11331,MCH-COILING-01,2026-07-08 22:00:00,1.92,52.5,35.9,158.9,1457.9,RUNNING
TEL-11332,MCH-COILING-02,2026-07-08 22:00:00,2.09,57.3,38.6,151.0,1453.8,IDLE
TEL-11333,MCH-HEATTREAT-01,2026-07-08 22:00:00,1.3,855.6,34.9,160.2,0.0,RUNNING
TEL-11334,MCH-TEMPERING-01,2026-07-08 22:00:00,2.23,56.2,39.4,154.1,0.0,RUNNING
TEL-11335,MCH-SHOTPEEN-01,2026-07-08 22:00:00,1.16,50.8,35.7,155.2,0.0,RUNNING
TEL-11336,MCH-STABILIZER-01,2026-07-08 22:00:00,2.14,55.2,40.3,151.7,0.0,RUNNING
TEL-11337,MCH-TESTING-01,2026-07-08 22:00:00,2.36,61.8,39.0,155.3,0.0,IDLE
TEL-11338,MCH-COILING-01,2026-07-08 23:00:00,1.85,51.0,37.8,155.3,1461.4,RUNNING
TEL-11339,MCH-COILING-02,2026-07-08 23:00:00,2.42,61.1,38.7,151.2,1438.3,RUNNING
TEL-11340,MCH-HEATTREAT-01,2026-07-08 23:00:00,1.29,851.7,36.5,156.5,0.0,RUNNING
TEL-11341,MCH-TEMPERING-01,2026-07-08 23:00:00,2.32,60.7,39.8,151.8,0.0,RUNNING
TEL-11342,MCH-SHOTPEEN-01,2026-07-08 23:00:00,1.33,53.1,35.7,158.9,0.0,RUNNING
TEL-11343,MCH-STABILIZER-01,2026-07-08 23:00:00,2.22,56.7,38.1,156.5,0.0,RUNNING
TEL-11344,MCH-TESTING-01,2026-07-08 23:00:00,2.53,61.6,40.7,150.2,0.0,IDLE
TEL-11345,MCH-COILING-01,2026-07-09 00:00:00,2.05,54.3,36.6,154.2,1446.3,RUNNING
TEL-11346,MCH-COILING-02,2026-07-09 00:00:00,2.46,57.5,41.1,153.9,1445.5,RUNNING
TEL-11347,MCH-HEATTREAT-01,2026-07-09 00:00:00,1.15,854.9,35.0,156.7,0.0,RUNNING
TEL-11348,MCH-TEMPERING-01,2026-07-09 00:00:00,2.46,58.4,39.7,152.5,0.0,RUNNING
TEL-11349,MCH-SHOTPEEN-01,2026-07-09 00:00:00,1.19,52.4,35.7,159.5,0.0,RUNNING
TEL-11350,MCH-STABILIZER-01,2026-07-09 00:00:00,1.14,51.3,37.6,156.4,0.0,RUNNING
TEL-11351,MCH-TESTING-01,2026-07-09 00:00:00,2.47,63.4,41.2,149.7,0.0,RUNNING
TEL-11352,MCH-COILING-01,2026-07-09 01:00:00,2.08,57.0,36.7,154.8,1435.7,RUNNING
TEL-11353,MCH-COILING-02,2026-07-09 01:00:00,2.29,57.7,39.0,150.8,1443.2,RUNNING
TEL-11354,MCH-HEATTREAT-01,2026-07-09 01:00:00,1.28,852.5,36.0,156.9,0.0,RUNNING
TEL-11355,MCH-TEMPERING-01,2026-07-09 01:00:00,2.15,56.1,41.1,152.7,0.0,RUNNING
TEL-11356,MCH-SHOTPEEN-01,2026-07-09 01:00:00,1.18,49.7,37.9,157.9,0.0,RUNNING
TEL-11357,MCH-STABILIZER-01,2026-07-09 01:00:00,1.28,54.0,36.1,161.0,0.0,RUNNING
TEL-11358,MCH-TESTING-01,2026-07-09 01:00:00,2.57,60.6,41.6,150.6,0.0,RUNNING
TEL-11359,MCH-COILING-01,2026-07-09 02:00:00,2.0,51.6,38.1,158.5,1457.0,RUNNING
TEL-11360,MCH-COILING-02,2026-07-09 02:00:00,2.42,56.2,41.2,155.5,1450.0,RUNNING
TEL-11361,MCH-HEATTREAT-01,2026-07-09 02:00:00,1.25,853.9,35.5,160.0,0.0,RUNNING
TEL-11362,MCH-TEMPERING-01,2026-07-09 02:00:00,2.46,61.4,40.3,154.0,0.0,RUNNING
TEL-11363,MCH-SHOTPEEN-01,2026-07-09 02:00:00,1.07,53.3,35.7,159.2,0.0,RUNNING
TEL-11364,MCH-STABILIZER-01,2026-07-09 02:00:00,1.2,49.2,35.4,156.6,0.0,RUNNING
TEL-11365,MCH-TESTING-01,2026-07-09 02:00:00,2.62,59.4,40.0,151.2,0.0,RUNNING
TEL-11366,MCH-COILING-01,2026-07-09 03:00:00,2.1,51.5,37.6,159.5,1447.4,RUNNING
TEL-11367,MCH-COILING-02,2026-07-09 03:00:00,2.45,58.9,41.4,151.9,1462.8,RUNNING
TEL-11368,MCH-HEATTREAT-01,2026-07-09 03:00:00,1.08,853.1,35.2,158.3,0.0,RUNNING
TEL-11369,MCH-TEMPERING-01,2026-07-09 03:00:00,2.34,60.2,40.3,154.3,0.0,RUNNING
TEL-11370,MCH-SHOTPEEN-01,2026-07-09 03:00:00,1.42,49.1,35.4,160.1,0.0,RUNNING
TEL-11371,MCH-STABILIZER-01,2026-07-09 03:00:00,0.97,53.8,35.1,160.0,0.0,RUNNING
TEL-11372,MCH-TESTING-01,2026-07-09 03:00:00,2.46,61.1,40.4,154.2,0.0,RUNNING
TEL-11373,MCH-COILING-01,2026-07-09 04:00:00,2.11,52.0,38.4,156.9,1438.4,RUNNING
TEL-11374,MCH-COILING-02,2026-07-09 04:00:00,2.5,58.4,40.9,152.7,1462.2,RUNNING
TEL-11375,MCH-HEATTREAT-01,2026-07-09 04:00:00,1.25,852.1,37.5,160.3,0.0,RUNNING
TEL-11376,MCH-TEMPERING-01,2026-07-09 04:00:00,2.19,60.1,39.3,155.6,0.0,RUNNING
TEL-11377,MCH-SHOTPEEN-01,2026-07-09 04:00:00,1.33,48.5,37.8,155.2,0.0,IDLE
TEL-11378,MCH-STABILIZER-01,2026-07-09 04:00:00,1.28,53.2,36.4,159.9,0.0,RUNNING
TEL-11379,MCH-TESTING-01,2026-07-09 04:00:00,2.31,60.7,40.2,152.7,0.0,RUNNING
TEL-11380,MCH-COILING-01,2026-07-09 05:00:00,2.01,53.2,36.3,159.1,1447.9,RUNNING
TEL-11381,MCH-COILING-02,2026-07-09 05:00:00,2.28,60.8,39.7,151.8,1439.8,RUNNING
TEL-11382,MCH-HEATTREAT-01,2026-07-09 05:00:00,1.22,850.4,35.1,159.1,0.0,RUNNING
TEL-11383,MCH-TEMPERING-01,2026-07-09 05:00:00,2.38,61.8,40.9,151.1,0.0,RUNNING
TEL-11384,MCH-SHOTPEEN-01,2026-07-09 05:00:00,1.09,48.6,35.1,159.7,0.0,RUNNING
TEL-11385,MCH-STABILIZER-01,2026-07-09 05:00:00,1.21,51.3,37.7,158.9,0.0,IDLE
TEL-11386,MCH-TESTING-01,2026-07-09 05:00:00,2.53,63.3,40.8,154.0,0.0,RUNNING
TEL-11387,MCH-COILING-01,2026-07-09 06:00:00,2.03,52.1,36.7,158.6,1456.8,RUNNING
TEL-11388,MCH-COILING-02,2026-07-09 06:00:00,2.27,57.8,38.7,150.4,1439.3,IDLE
TEL-11389,MCH-HEATTREAT-01,2026-07-09 06:00:00,1.33,855.2,35.0,161.2,0.0,RUNNING
TEL-11390,MCH-TEMPERING-01,2026-07-09 06:00:00,2.14,57.5,38.9,150.6,0.0,RUNNING
TEL-11391,MCH-SHOTPEEN-01,2026-07-09 06:00:00,1.42,49.8,35.4,159.8,0.0,RUNNING
TEL-11392,MCH-STABILIZER-01,2026-07-09 06:00:00,1.16,51.8,35.4,158.0,0.0,RUNNING
TEL-11393,MCH-TESTING-01,2026-07-09 06:00:00,2.49,59.9,39.4,151.2,0.0,RUNNING
TEL-11394,MCH-COILING-01,2026-07-09 07:00:00,2.03,54.8,38.7,154.3,1445.3,RUNNING
TEL-11395,MCH-COILING-02,2026-07-09 07:00:00,2.52,60.0,38.5,153.1,1442.6,RUNNING
TEL-11396,MCH-HEATTREAT-01,2026-07-09 07:00:00,1.18,853.0,36.3,160.2,0.0,RUNNING
TEL-11397,MCH-TEMPERING-01,2026-07-09 07:00:00,2.23,61.6,38.5,151.0,0.0,RUNNING
TEL-11398,MCH-SHOTPEEN-01,2026-07-09 07:00:00,1.33,49.3,35.9,156.2,0.0,RUNNING
TEL-11399,MCH-STABILIZER-01,2026-07-09 07:00:00,1.25,52.0,36.2,160.4,0.0,RUNNING
TEL-11400,MCH-TESTING-01,2026-07-09 07:00:00,2.62,62.9,39.6,150.6,0.0,RUNNING
TEL-11401,MCH-COILING-01,2026-07-09 08:00:00,2.05,56.9,36.4,158.3,1452.6,RUNNING
TEL-11402,MCH-COILING-02,2026-07-09 08:00:00,2.2,60.8,39.8,152.6,1452.9,RUNNING
TEL-11403,MCH-HEATTREAT-01,2026-07-09 08:00:00,1.06,850.2,35.9,156.8,0.0,RUNNING
TEL-11404,MCH-TEMPERING-01,2026-07-09 08:00:00,2.44,61.1,39.7,155.5,0.0,RUNNING
TEL-11405,MCH-SHOTPEEN-01,2026-07-09 08:00:00,1.16,51.1,36.9,160.3,0.0,RUNNING
TEL-11406,MCH-STABILIZER-01,2026-07-09 08:00:00,1.17,50.3,35.1,160.4,0.0,RUNNING
TEL-11407,MCH-TESTING-01,2026-07-09 08:00:00,2.31,58.5,39.5,151.6,0.0,RUNNING
TEL-11408,MCH-COILING-01,2026-07-09 09:00:00,1.89,50.7,38.2,157.9,1441.4,RUNNING
TEL-11409,MCH-COILING-02,2026-07-09 09:00:00,2.25,57.6,38.7,151.6,1441.4,RUNNING
TEL-11410,MCH-HEATTREAT-01,2026-07-09 09:00:00,1.16,854.2,37.5,160.5,0.0,RUNNING
TEL-11411,MCH-TEMPERING-01,2026-07-09 09:00:00,2.31,60.0,40.4,152.7,0.0,RUNNING
TEL-11412,MCH-SHOTPEEN-01,2026-07-09 09:00:00,1.14,48.8,36.6,155.3,0.0,RUNNING
TEL-11413,MCH-STABILIZER-01,2026-07-09 09:00:00,1.01,50.7,36.6,159.0,0.0,RUNNING
TEL-11414,MCH-TESTING-01,2026-07-09 09:00:00,2.25,57.1,41.2,152.8,0.0,IDLE
TEL-11415,MCH-COILING-01,2026-07-09 10:00:00,1.95,51.5,39.0,153.8,1451.0,RUNNING
TEL-11416,MCH-COILING-02,2026-07-09 10:00:00,2.26,56.2,39.9,154.9,1447.5,RUNNING
TEL-11417,MCH-HEATTREAT-01,2026-07-09 10:00:00,1.06,851.8,34.9,160.3,0.0,RUNNING
TEL-11418,MCH-TEMPERING-01,2026-07-09 10:00:00,2.1,57.7,41.3,153.1,0.0,RUNNING
TEL-11419,MCH-SHOTPEEN-01,2026-07-09 10:00:00,1.42,53.9,37.9,155.7,0.0,RUNNING
TEL-11420,MCH-STABILIZER-01,2026-07-09 10:00:00,1.29,48.6,37.8,160.7,0.0,RUNNING
TEL-11421,MCH-TESTING-01,2026-07-09 10:00:00,2.33,57.5,41.1,154.2,0.0,RUNNING
TEL-11422,MCH-COILING-01,2026-07-09 11:00:00,1.98,50.7,38.2,153.9,1461.5,IDLE
TEL-11423,MCH-COILING-02,2026-07-09 11:00:00,2.14,58.1,39.3,154.1,1458.7,RUNNING
TEL-11424,MCH-HEATTREAT-01,2026-07-09 11:00:00,1.21,855.6,36.5,156.4,0.0,RUNNING
TEL-11425,MCH-TEMPERING-01,2026-07-09 11:00:00,2.14,59.6,40.9,155.5,0.0,RUNNING
TEL-11426,MCH-SHOTPEEN-01,2026-07-09 11:00:00,1.32,51.8,35.8,157.9,0.0,RUNNING
TEL-11427,MCH-STABILIZER-01,2026-07-09 11:00:00,1.07,52.8,36.2,156.1,0.0,RUNNING
TEL-11428,MCH-TESTING-01,2026-07-09 11:00:00,2.52,59.2,41.4,150.8,0.0,RUNNING
TEL-11429,MCH-COILING-01,2026-07-09 12:00:00,2.11,55.2,36.3,156.5,1441.4,RUNNING
TEL-11430,MCH-COILING-02,2026-07-09 12:00:00,2.31,58.6,40.0,152.0,1459.4,RUNNING
TEL-11431,MCH-HEATTREAT-01,2026-07-09 12:00:00,1.14,851.6,37.5,159.9,0.0,RUNNING
TEL-11432,MCH-TEMPERING-01,2026-07-09 12:00:00,2.42,56.5,38.8,155.6,0.0,RUNNING
TEL-11433,MCH-SHOTPEEN-01,2026-07-09 12:00:00,1.24,52.5,35.7,157.4,0.0,RUNNING
TEL-11434,MCH-STABILIZER-01,2026-07-09 12:00:00,1.13,52.2,37.7,159.0,0.0,RUNNING
TEL-11435,MCH-TESTING-01,2026-07-09 12:00:00,2.42,57.6,39.2,149.5,0.0,RUNNING
TEL-11436,MCH-COILING-01,2026-07-09 13:00:00,1.87,53.8,37.7,155.7,1438.5,RUNNING
TEL-11437,MCH-COILING-02,2026-07-09 13:00:00,2.26,57.5,39.7,152.5,1445.0,RUNNING
TEL-11438,MCH-HEATTREAT-01,2026-07-09 13:00:00,1.08,849.9,35.9,161.2,0.0,RUNNING
TEL-11439,MCH-TEMPERING-01,2026-07-09 13:00:00,2.16,56.9,39.2,153.8,0.0,RUNNING
TEL-11440,MCH-SHOTPEEN-01,2026-07-09 13:00:00,1.1,48.8,35.8,155.7,0.0,RUNNING
TEL-11441,MCH-STABILIZER-01,2026-07-09 13:00:00,1.32,51.5,35.5,158.7,0.0,RUNNING
TEL-11442,MCH-TESTING-01,2026-07-09 13:00:00,2.59,61.5,40.1,151.7,0.0,RUNNING
TEL-11443,MCH-COILING-01,2026-07-09 14:00:00,2.1,55.2,37.6,154.6,1441.1,RUNNING
TEL-11444,MCH-COILING-02,2026-07-09 14:00:00,2.4,58.0,38.5,151.0,1462.2,RUNNING
TEL-11445,MCH-HEATTREAT-01,2026-07-09 14:00:00,1.23,855.1,36.8,156.7,0.0,RUNNING
TEL-11446,MCH-TEMPERING-01,2026-07-09 14:00:00,2.15,58.0,39.7,155.9,0.0,RUNNING
TEL-11447,MCH-SHOTPEEN-01,2026-07-09 14:00:00,1.23,48.6,38.0,160.3,0.0,RUNNING
TEL-11448,MCH-STABILIZER-01,2026-07-09 14:00:00,1.27,47.8,35.9,158.3,0.0,IDLE
TEL-11449,MCH-TESTING-01,2026-07-09 14:00:00,2.59,60.0,39.0,149.5,0.0,RUNNING
TEL-11450,MCH-COILING-01,2026-07-09 15:00:00,1.88,52.2,37.6,158.1,1458.3,RUNNING
TEL-11451,MCH-COILING-02,2026-07-09 15:00:00,2.44,58.3,40.0,152.0,1451.4,RUNNING
TEL-11452,MCH-HEATTREAT-01,2026-07-09 15:00:00,1.04,852.5,37.2,157.4,0.0,RUNNING
TEL-11453,MCH-TEMPERING-01,2026-07-09 15:00:00,2.29,60.1,41.0,155.2,0.0,RUNNING
TEL-11454,MCH-SHOTPEEN-01,2026-07-09 15:00:00,1.16,51.8,37.0,155.9,0.0,RUNNING
TEL-11455,MCH-STABILIZER-01,2026-07-09 15:00:00,1.05,54.2,35.9,155.7,0.0,RUNNING
TEL-11456,MCH-TESTING-01,2026-07-09 15:00:00,2.52,59.7,39.5,149.9,0.0,RUNNING
TEL-11457,MCH-COILING-01,2026-07-09 16:00:00,1.92,51.4,36.9,157.3,1451.3,RUNNING
TEL-11458,MCH-COILING-02,2026-07-09 16:00:00,2.52,61.8,39.0,155.4,1445.5,RUNNING
TEL-11459,MCH-HEATTREAT-01,2026-07-09 16:00:00,1.17,855.7,35.5,156.8,0.0,RUNNING
TEL-11460,MCH-TEMPERING-01,2026-07-09 16:00:00,2.36,61.2,38.7,154.9,0.0,RUNNING
TEL-11461,MCH-SHOTPEEN-01,2026-07-09 16:00:00,1.37,50.7,35.4,155.1,0.0,RUNNING
TEL-11462,MCH-STABILIZER-01,2026-07-09 16:00:00,1.02,52.2,36.4,157.2,0.0,RUNNING
TEL-11463,MCH-TESTING-01,2026-07-09 16:00:00,2.31,60.1,39.1,151.1,0.0,RUNNING
TEL-11464,MCH-COILING-01,2026-07-09 17:00:00,1.85,56.0,36.5,156.5,1435.2,RUNNING
TEL-11465,MCH-COILING-02,2026-07-09 17:00:00,2.46,56.4,38.9,155.2,1458.6,RUNNING
TEL-11466,MCH-HEATTREAT-01,2026-07-09 17:00:00,1.32,853.2,37.6,159.9,0.0,RUNNING
TEL-11467,MCH-TEMPERING-01,2026-07-09 17:00:00,2.37,58.6,41.1,151.9,0.0,IDLE
TEL-11468,MCH-SHOTPEEN-01,2026-07-09 17:00:00,1.43,50.0,37.1,157.4,0.0,RUNNING
TEL-11469,MCH-STABILIZER-01,2026-07-09 17:00:00,1.32,53.6,37.6,159.1,0.0,RUNNING
TEL-11470,MCH-TESTING-01,2026-07-09 17:00:00,2.41,62.6,41.3,150.2,0.0,RUNNING
TEL-11471,MCH-COILING-01,2026-07-09 18:00:00,1.87,53.4,36.7,155.4,1443.9,RUNNING
TEL-11472,MCH-COILING-02,2026-07-09 18:00:00,2.31,57.3,40.9,154.9,1437.9,RUNNING
TEL-11473,MCH-HEATTREAT-01,2026-07-09 18:00:00,1.21,852.8,36.8,157.8,0.0,RUNNING
TEL-11474,MCH-TEMPERING-01,2026-07-09 18:00:00,2.27,62.0,39.8,155.6,0.0,IDLE
TEL-11475,MCH-SHOTPEEN-01,2026-07-09 18:00:00,1.36,49.0,35.5,160.5,0.0,RUNNING
TEL-11476,MCH-STABILIZER-01,2026-07-09 18:00:00,1.19,50.2,36.7,160.9,0.0,RUNNING
TEL-11477,MCH-TESTING-01,2026-07-09 18:00:00,2.26,62.4,39.3,153.4,0.0,RUNNING
TEL-11478,MCH-COILING-01,2026-07-09 19:00:00,2.07,54.0,38.6,154.1,1443.1,RUNNING
TEL-11479,MCH-COILING-02,2026-07-09 19:00:00,2.16,60.0,41.0,153.3,1455.7,RUNNING
TEL-11480,MCH-HEATTREAT-01,2026-07-09 19:00:00,0.98,853.3,36.2,159.9,0.0,RUNNING
TEL-11481,MCH-TEMPERING-01,2026-07-09 19:00:00,2.29,59.5,41.3,151.0,0.0,RUNNING
TEL-11482,MCH-SHOTPEEN-01,2026-07-09 19:00:00,1.31,49.4,37.0,159.4,0.0,RUNNING
TEL-11483,MCH-STABILIZER-01,2026-07-09 19:00:00,1.28,51.8,35.4,155.9,0.0,RUNNING
TEL-11484,MCH-TESTING-01,2026-07-09 19:00:00,2.59,60.3,39.6,150.0,0.0,IDLE
TEL-11485,MCH-COILING-01,2026-07-09 20:00:00,1.97,53.2,38.9,155.4,1449.5,RUNNING
TEL-11486,MCH-COILING-02,2026-07-09 20:00:00,2.22,61.6,39.3,153.6,1448.2,RUNNING
TEL-11487,MCH-HEATTREAT-01,2026-07-09 20:00:00,0.98,850.5,34.8,156.5,0.0,RUNNING
TEL-11488,MCH-TEMPERING-01,2026-07-09 20:00:00,2.18,59.1,40.5,151.3,0.0,RUNNING
TEL-11489,MCH-SHOTPEEN-01,2026-07-09 20:00:00,1.17,49.1,36.9,157.3,0.0,RUNNING
TEL-11490,MCH-STABILIZER-01,2026-07-09 20:00:00,1.12,52.9,36.2,160.4,0.0,RUNNING
TEL-11491,MCH-TESTING-01,2026-07-09 20:00:00,2.35,57.7,40.1,152.9,0.0,IDLE
TEL-11492,MCH-COILING-01,2026-07-09 21:00:00,2.03,54.9,37.4,159.0,1445.6,RUNNING
TEL-11493,MCH-COILING-02,2026-07-09 21:00:00,2.47,59.1,38.5,150.9,1450.0,RUNNING
TEL-11494,MCH-HEATTREAT-01,2026-07-09 21:00:00,1.02,855.4,36.3,158.7,0.0,RUNNING
TEL-11495,MCH-TEMPERING-01,2026-07-09 21:00:00,2.14,60.1,40.1,152.9,0.0,RUNNING
TEL-11496,MCH-SHOTPEEN-01,2026-07-09 21:00:00,1.11,53.5,37.1,160.6,0.0,RUNNING
TEL-11497,MCH-STABILIZER-01,2026-07-09 21:00:00,1.3,50.9,37.7,159.1,0.0,RUNNING
TEL-11498,MCH-TESTING-01,2026-07-09 21:00:00,2.52,60.2,40.9,150.9,0.0,RUNNING
TEL-11499,MCH-COILING-01,2026-07-09 22:00:00,2.0,54.4,37.9,158.5,1437.0,IDLE
TEL-11500,MCH-COILING-02,2026-07-09 22:00:00,2.42,57.6,40.5,152.9,1455.4,RUNNING
TEL-11501,MCH-HEATTREAT-01,2026-07-09 22:00:00,1.03,854.6,37.5,160.4,0.0,RUNNING
TEL-11502,MCH-TEMPERING-01,2026-07-09 22:00:00,2.43,60.5,39.5,156.0,0.0,RUNNING
TEL-11503,MCH-SHOTPEEN-01,2026-07-09 22:00:00,1.08,50.1,35.2,159.5,0.0,RUNNING
TEL-11504,MCH-STABILIZER-01,2026-07-09 22:00:00,1.11,51.9,34.9,156.5,0.0,RUNNING
TEL-11505,MCH-TESTING-01,2026-07-09 22:00:00,2.42,57.8,40.8,152.7,0.0,RUNNING
TEL-11506,MCH-COILING-01,2026-07-09 23:00:00,1.96,55.1,36.8,158.0,1448.0,RUNNING
TEL-11507,MCH-COILING-02,2026-07-09 23:00:00,2.44,56.7,38.6,155.7,1437.9,IDLE
TEL-11508,MCH-HEATTREAT-01,2026-07-09 23:00:00,0.99,849.6,37.0,159.0,0.0,RUNNING
TEL-11509,MCH-TEMPERING-01,2026-07-09 23:00:00,2.22,60.2,41.2,154.5,0.0,RUNNING
TEL-11510,MCH-SHOTPEEN-01,2026-07-09 23:00:00,1.13,49.8,37.6,158.1,0.0,RUNNING
TEL-11511,MCH-STABILIZER-01,2026-07-09 23:00:00,1.32,53.3,37.2,158.1,0.0,RUNNING
TEL-11512,MCH-TESTING-01,2026-07-09 23:00:00,2.59,60.6,39.3,152.5,0.0,RUNNING
TEL-11513,MCH-COILING-01,2026-07-10 00:00:00,1.97,55.7,36.7,153.6,1436.2,RUNNING
TEL-11514,MCH-COILING-02,2026-07-10 00:00:00,2.56,60.5,38.9,153.8,1436.8,RUNNING
TEL-11515,MCH-HEATTREAT-01,2026-07-10 00:00:00,1.12,851.8,37.0,160.4,0.0,RUNNING
TEL-11516,MCH-TEMPERING-01,2026-07-10 00:00:00,2.45,60.3,39.7,150.2,0.0,RUNNING
TEL-11517,MCH-SHOTPEEN-01,2026-07-10 00:00:00,1.32,50.4,36.3,157.0,0.0,RUNNING
TEL-11518,MCH-STABILIZER-01,2026-07-10 00:00:00,1.25,52.8,37.8,155.8,0.0,RUNNING
TEL-11519,MCH-TESTING-01,2026-07-10 00:00:00,2.65,59.8,40.4,152.8,0.0,RUNNING
TEL-11520,MCH-COILING-01,2026-07-10 01:00:00,2.3,55.7,37.0,153.2,1462.9,RUNNING
TEL-11521,MCH-COILING-02,2026-07-10 01:00:00,2.23,60.7,41.2,152.6,1458.4,RUNNING
TEL-11522,MCH-HEATTREAT-01,2026-07-10 01:00:00,1.25,852.4,35.6,160.2,0.0,IDLE
TEL-11523,MCH-TEMPERING-01,2026-07-10 01:00:00,2.45,58.8,41.6,150.2,0.0,RUNNING
TEL-11524,MCH-SHOTPEEN-01,2026-07-10 01:00:00,1.49,50.3,36.8,158.2,0.0,RUNNING
TEL-11525,MCH-STABILIZER-01,2026-07-10 01:00:00,1.25,53.4,37.7,158.1,0.0,RUNNING
TEL-11526,MCH-TESTING-01,2026-07-10 01:00:00,2.52,61.0,40.5,150.5,0.0,RUNNING
TEL-11527,MCH-COILING-01,2026-07-10 02:00:00,2.02,53.3,37.3,157.5,1445.9,RUNNING
TEL-11528,MCH-COILING-02,2026-07-10 02:00:00,2.51,57.5,39.5,153.9,1461.4,RUNNING
TEL-11529,MCH-HEATTREAT-01,2026-07-10 02:00:00,1.16,853.5,37.7,159.1,0.0,RUNNING
TEL-11530,MCH-TEMPERING-01,2026-07-10 02:00:00,2.34,59.1,40.3,154.7,0.0,RUNNING
TEL-11531,MCH-SHOTPEEN-01,2026-07-10 02:00:00,1.33,53.9,36.5,158.3,0.0,RUNNING
TEL-11532,MCH-STABILIZER-01,2026-07-10 02:00:00,1.19,50.5,36.1,155.4,0.0,RUNNING
TEL-11533,MCH-TESTING-01,2026-07-10 02:00:00,2.73,61.4,41.1,153.5,0.0,RUNNING
TEL-11534,MCH-COILING-01,2026-07-10 03:00:00,2.26,51.8,36.9,154.5,1451.6,RUNNING
TEL-11535,MCH-COILING-02,2026-07-10 03:00:00,2.51,57.6,38.9,152.1,1455.7,RUNNING
TEL-11536,MCH-HEATTREAT-01,2026-07-10 03:00:00,1.07,855.8,37.7,160.6,0.0,RUNNING
TEL-11537,MCH-TEMPERING-01,2026-07-10 03:00:00,2.32,60.0,40.8,150.5,0.0,RUNNING
TEL-11538,MCH-SHOTPEEN-01,2026-07-10 03:00:00,1.47,52.7,37.1,160.7,0.0,IDLE
TEL-11539,MCH-STABILIZER-01,2026-07-10 03:00:00,1.38,51.0,36.5,157.4,0.0,RUNNING
TEL-11540,MCH-TESTING-01,2026-07-10 03:00:00,2.67,59.5,40.6,149.7,0.0,RUNNING
TEL-11541,MCH-COILING-01,2026-07-10 04:00:00,2.21,57.6,39.4,153.4,1461.9,RUNNING
TEL-11542,MCH-COILING-02,2026-07-10 04:00:00,2.36,61.0,39.9,152.1,1450.3,RUNNING
TEL-11543,MCH-HEATTREAT-01,2026-07-10 04:00:00,1.4,850.8,35.9,157.3,0.0,RUNNING
TEL-11544,MCH-TEMPERING-01,2026-07-10 04:00:00,2.52,60.1,41.2,152.3,0.0,RUNNING
TEL-11545,MCH-SHOTPEEN-01,2026-07-10 04:00:00,1.24,50.0,35.7,159.7,0.0,RUNNING
TEL-11546,MCH-STABILIZER-01,2026-07-10 04:00:00,1.48,50.0,36.8,158.4,0.0,RUNNING
TEL-11547,MCH-TESTING-01,2026-07-10 04:00:00,2.37,59.5,39.5,150.6,0.0,RUNNING
TEL-11548,MCH-COILING-01,2026-07-10 05:00:00,2.26,53.5,39.3,158.8,1457.6,RUNNING
TEL-11549,MCH-COILING-02,2026-07-10 05:00:00,2.48,57.7,39.4,154.5,1457.6,IDLE
TEL-11550,MCH-HEATTREAT-01,2026-07-10 05:00:00,1.38,856.4,36.6,160.0,0.0,IDLE
TEL-11551,MCH-TEMPERING-01,2026-07-10 05:00:00,2.49,56.5,39.2,155.4,0.0,RUNNING
TEL-11552,MCH-SHOTPEEN-01,2026-07-10 05:00:00,1.41,52.2,37.8,156.5,0.0,RUNNING
TEL-11553,MCH-STABILIZER-01,2026-07-10 05:00:00,1.37,54.1,36.5,157.5,0.0,RUNNING
TEL-11554,MCH-TESTING-01,2026-07-10 05:00:00,2.68,64.1,41.4,149.6,0.0,RUNNING
TEL-11555,MCH-COILING-01,2026-07-10 06:00:00,1.94,56.8,38.7,154.9,1450.2,RUNNING
TEL-11556,MCH-COILING-02,2026-07-10 06:00:00,2.47,60.1,41.1,153.7,1444.4,RUNNING
TEL-11557,MCH-HEATTREAT-01,2026-07-10 06:00:00,1.19,856.2,37.4,157.1,0.0,RUNNING
TEL-11558,MCH-TEMPERING-01,2026-07-10 06:00:00,2.42,62.1,38.7,153.6,0.0,IDLE
TEL-11559,MCH-SHOTPEEN-01,2026-07-10 06:00:00,1.17,51.3,38.1,158.8,0.0,RUNNING
TEL-11560,MCH-STABILIZER-01,2026-07-10 06:00:00,1.15,53.9,37.4,156.6,0.0,RUNNING
TEL-11561,MCH-TESTING-01,2026-07-10 06:00:00,2.68,63.8,41.8,153.4,0.0,IDLE
TEL-11562,MCH-COILING-01,2026-07-10 07:00:00,1.93,55.3,37.2,154.0,1447.5,RUNNING
TEL-11563,MCH-COILING-02,2026-07-10 07:00:00,2.37,60.6,40.7,152.4,1454.7,RUNNING
TEL-11564,MCH-HEATTREAT-01,2026-07-10 07:00:00,1.14,851.7,35.9,158.1,0.0,RUNNING
TEL-11565,MCH-TEMPERING-01,2026-07-10 07:00:00,2.31,58.7,40.1,150.3,0.0,RUNNING
TEL-11566,MCH-SHOTPEEN-01,2026-07-10 07:00:00,1.47,53.7,36.1,160.6,0.0,RUNNING
TEL-11567,MCH-STABILIZER-01,2026-07-10 07:00:00,1.35,49.4,36.6,156.8,0.0,RUNNING
TEL-11568,MCH-TESTING-01,2026-07-10 07:00:00,2.61,62.2,41.5,151.8,0.0,RUNNING
TEL-11569,MCH-COILING-01,2026-07-10 08:00:00,2.1,54.3,37.2,154.6,1450.2,RUNNING
TEL-11570,MCH-COILING-02,2026-07-10 08:00:00,2.53,57.2,41.1,151.1,1444.5,RUNNING
TEL-11571,MCH-HEATTREAT-01,2026-07-10 08:00:00,1.2,852.8,37.7,156.8,0.0,RUNNING
TEL-11572,MCH-TEMPERING-01,2026-07-10 08:00:00,2.29,61.7,39.6,152.2,0.0,RUNNING
TEL-11573,MCH-SHOTPEEN-01,2026-07-10 08:00:00,1.18,50.2,37.2,160.5,0.0,RUNNING
TEL-11574,MCH-STABILIZER-01,2026-07-10 08:00:00,1.22,52.6,35.3,159.2,0.0,RUNNING
TEL-11575,MCH-TESTING-01,2026-07-10 08:00:00,2.37,62.2,41.9,153.5,0.0,RUNNING
TEL-11576,MCH-COILING-01,2026-07-10 09:00:00,2.17,55.0,37.6,154.1,1439.7,RUNNING
TEL-11577,MCH-COILING-02,2026-07-10 09:00:00,2.56,58.3,41.2,155.0,1444.9,RUNNING
TEL-11578,MCH-HEATTREAT-01,2026-07-10 09:00:00,1.31,856.3,35.1,155.3,0.0,RUNNING
TEL-11579,MCH-TEMPERING-01,2026-07-10 09:00:00,2.2,58.9,40.1,150.7,0.0,RUNNING
TEL-11580,MCH-SHOTPEEN-01,2026-07-10 09:00:00,1.2,53.9,36.0,156.4,0.0,RUNNING
TEL-11581,MCH-STABILIZER-01,2026-07-10 09:00:00,1.4,52.9,35.6,159.3,0.0,RUNNING
TEL-11582,MCH-TESTING-01,2026-07-10 09:00:00,2.37,58.1,41.4,153.5,0.0,RUNNING
TEL-11583,MCH-COILING-01,2026-07-10 10:00:00,1.91,57.1,38.4,153.8,1457.1,RUNNING
TEL-11584,MCH-COILING-02,2026-07-10 10:00:00,2.29,60.7,39.7,151.4,1450.4,IDLE
TEL-11585,MCH-HEATTREAT-01,2026-07-10 10:00:00,1.13,851.5,35.8,159.2,0.0,RUNNING
TEL-11586,MCH-TEMPERING-01,2026-07-10 10:00:00,2.27,57.0,41.5,153.1,0.0,RUNNING
TEL-11587,MCH-SHOTPEEN-01,2026-07-10 10:00:00,1.48,52.3,36.0,154.9,0.0,RUNNING
TEL-11588,MCH-STABILIZER-01,2026-07-10 10:00:00,1.24,51.1,36.8,155.6,0.0,RUNNING
TEL-11589,MCH-TESTING-01,2026-07-10 10:00:00,2.72,60.2,39.9,151.1,0.0,RUNNING
TEL-11590,MCH-COILING-01,2026-07-10 11:00:00,2.16,53.8,39.0,158.7,1437.9,RUNNING
TEL-11591,MCH-COILING-02,2026-07-10 11:00:00,2.56,60.0,39.6,150.3,1453.5,RUNNING
TEL-11592,MCH-HEATTREAT-01,2026-07-10 11:00:00,1.31,853.9,35.7,159.8,0.0,RUNNING
TEL-11593,MCH-TEMPERING-01,2026-07-10 11:00:00,2.28,58.6,39.1,151.7,0.0,RUNNING
TEL-11594,MCH-SHOTPEEN-01,2026-07-10 11:00:00,1.28,48.9,37.4,159.3,0.0,RUNNING
TEL-11595,MCH-STABILIZER-01,2026-07-10 11:00:00,1.3,50.7,37.2,156.8,0.0,RUNNING
TEL-11596,MCH-TESTING-01,2026-07-10 11:00:00,2.54,63.2,42.2,149.4,0.0,RUNNING
TEL-11597,MCH-COILING-01,2026-07-10 12:00:00,2.19,54.1,38.8,153.9,1457.4,RUNNING
TEL-11598,MCH-COILING-02,2026-07-10 12:00:00,2.39,63.1,38.9,152.0,1440.1,RUNNING
TEL-11599,MCH-HEATTREAT-01,2026-07-10 12:00:00,1.22,855.0,36.6,157.6,0.0,RUNNING
TEL-11600,MCH-TEMPERING-01,2026-07-10 12:00:00,2.33,58.3,41.4,153.8,0.0,RUNNING
TEL-11601,MCH-SHOTPEEN-01,2026-07-10 12:00:00,1.36,51.2,37.2,155.6,0.0,RUNNING
TEL-11602,MCH-STABILIZER-01,2026-07-10 12:00:00,1.17,52.6,37.3,158.0,0.0,RUNNING
TEL-11603,MCH-TESTING-01,2026-07-10 12:00:00,2.52,63.7,42.0,153.2,0.0,RUNNING
TEL-11604,MCH-COILING-01,2026-07-10 13:00:00,1.96,55.1,39.0,152.9,1447.5,RUNNING
TEL-11605,MCH-COILING-02,2026-07-10 13:00:00,2.24,63.1,39.7,150.6,1455.8,RUNNING
TEL-11606,MCH-HEATTREAT-01,2026-07-10 13:00:00,1.15,850.6,36.4,156.2,0.0,RUNNING
TEL-11607,MCH-TEMPERING-01,2026-07-10 13:00:00,2.38,57.8,40.5,155.3,0.0,RUNNING
TEL-11608,MCH-SHOTPEEN-01,2026-07-10 13:00:00,1.44,54.5,37.0,156.6,0.0,RUNNING
TEL-11609,MCH-STABILIZER-01,2026-07-10 13:00:00,1.25,50.3,36.8,158.9,0.0,RUNNING
TEL-11610,MCH-TESTING-01,2026-07-10 13:00:00,2.4,62.4,40.0,150.5,0.0,RUNNING
TEL-11611,MCH-COILING-01,2026-07-10 14:00:00,2.23,55.5,38.8,154.9,1458.2,RUNNING
TEL-11612,MCH-COILING-02,2026-07-10 14:00:00,2.33,62.0,41.4,153.5,1449.2,RUNNING
TEL-11613,MCH-HEATTREAT-01,2026-07-10 14:00:00,1.33,856.6,35.3,160.0,0.0,RUNNING
TEL-11614,MCH-TEMPERING-01,2026-07-10 14:00:00,2.22,62.0,39.6,155.1,0.0,RUNNING
TEL-11615,MCH-SHOTPEEN-01,2026-07-10 14:00:00,1.32,51.7,37.3,156.7,0.0,RUNNING
TEL-11616,MCH-STABILIZER-01,2026-07-10 14:00:00,1.13,52.3,36.3,157.2,0.0,RUNNING
TEL-11617,MCH-TESTING-01,2026-07-10 14:00:00,2.46,61.0,40.8,154.2,0.0,RUNNING
TEL-11618,MCH-COILING-01,2026-07-10 15:00:00,2.29,57.8,39.0,157.2,1460.2,RUNNING
TEL-11619,MCH-COILING-02,2026-07-10 15:00:00,2.41,61.9,40.9,152.8,1448.1,RUNNING
TEL-11620,MCH-HEATTREAT-01,2026-07-10 15:00:00,1.03,852.5,36.4,159.2,0.0,RUNNING
TEL-11621,MCH-TEMPERING-01,2026-07-10 15:00:00,2.24,60.0,41.6,155.4,0.0,RUNNING
TEL-11622,MCH-SHOTPEEN-01,2026-07-10 15:00:00,1.18,53.7,35.3,157.4,0.0,RUNNING
TEL-11623,MCH-STABILIZER-01,2026-07-10 15:00:00,1.09,50.7,35.5,157.1,0.0,RUNNING
TEL-11624,MCH-TESTING-01,2026-07-10 15:00:00,2.7,61.6,39.3,150.6,0.0,RUNNING
TEL-11625,MCH-COILING-01,2026-07-10 16:00:00,1.92,56.2,37.3,156.6,1464.1,RUNNING
TEL-11626,MCH-COILING-02,2026-07-10 16:00:00,2.56,62.8,41.8,153.3,1449.7,RUNNING
TEL-11627,MCH-HEATTREAT-01,2026-07-10 16:00:00,1.37,855.1,37.4,155.4,0.0,IDLE
TEL-11628,MCH-TEMPERING-01,2026-07-10 16:00:00,2.52,57.4,40.8,155.0,0.0,RUNNING
TEL-11629,MCH-SHOTPEEN-01,2026-07-10 16:00:00,1.28,54.3,35.4,158.6,0.0,RUNNING
TEL-11630,MCH-STABILIZER-01,2026-07-10 16:00:00,1.13,52.2,38.1,156.1,0.0,RUNNING
TEL-11631,MCH-TESTING-01,2026-07-10 16:00:00,2.34,63.1,41.7,150.8,0.0,RUNNING
TEL-11632,MCH-COILING-01,2026-07-10 17:00:00,2.27,55.5,39.4,156.0,1463.2,RUNNING
TEL-11633,MCH-COILING-02,2026-07-10 17:00:00,2.55,61.1,39.0,154.4,1450.0,RUNNING
TEL-11634,MCH-HEATTREAT-01,2026-07-10 17:00:00,1.05,853.1,35.8,156.4,0.0,RUNNING
TEL-11635,MCH-TEMPERING-01,2026-07-10 17:00:00,2.23,61.2,41.1,149.8,0.0,RUNNING
TEL-11636,MCH-SHOTPEEN-01,2026-07-10 17:00:00,1.25,51.1,37.0,159.0,0.0,RUNNING
TEL-11637,MCH-STABILIZER-01,2026-07-10 17:00:00,1.27,49.4,35.5,159.3,0.0,RUNNING
TEL-11638,MCH-TESTING-01,2026-07-10 17:00:00,2.57,63.9,41.5,153.6,0.0,RUNNING
TEL-11639,MCH-COILING-01,2026-07-10 18:00:00,2.06,52.2,38.7,154.4,1460.1,RUNNING
TEL-11640,MCH-COILING-02,2026-07-10 18:00:00,2.58,58.0,41.1,150.3,1436.6,RUNNING
TEL-11641,MCH-HEATTREAT-01,2026-07-10 18:00:00,1.09,851.1,35.9,156.6,0.0,RUNNING
TEL-11642,MCH-TEMPERING-01,2026-07-10 18:00:00,2.51,57.5,39.5,153.9,0.0,RUNNING
TEL-11643,MCH-SHOTPEEN-01,2026-07-10 18:00:00,1.31,52.6,36.3,158.6,0.0,RUNNING
TEL-11644,MCH-STABILIZER-01,2026-07-10 18:00:00,1.34,54.1,35.3,159.9,0.0,RUNNING
TEL-11645,MCH-TESTING-01,2026-07-10 18:00:00,2.55,59.0,41.3,151.0,0.0,RUNNING
TEL-11646,MCH-COILING-01,2026-07-10 19:00:00,2.23,53.0,38.6,155.9,1459.9,RUNNING
TEL-11647,MCH-COILING-02,2026-07-10 19:00:00,2.25,61.8,39.6,152.3,1435.9,RUNNING
TEL-11648,MCH-HEATTREAT-01,2026-07-10 19:00:00,1.28,851.4,35.4,158.7,0.0,RUNNING
TEL-11649,MCH-TEMPERING-01,2026-07-10 19:00:00,2.31,60.2,38.7,154.0,0.0,RUNNING
TEL-11650,MCH-SHOTPEEN-01,2026-07-10 19:00:00,1.46,48.9,36.5,156.8,0.0,RUNNING
TEL-11651,MCH-STABILIZER-01,2026-07-10 19:00:00,1.13,54.6,36.1,157.7,0.0,RUNNING
TEL-11652,MCH-TESTING-01,2026-07-10 19:00:00,2.34,62.9,40.6,152.4,0.0,RUNNING
TEL-11653,MCH-COILING-01,2026-07-10 20:00:00,2.07,57.1,37.3,155.1,1445.1,RUNNING
TEL-11654,MCH-COILING-02,2026-07-10 20:00:00,2.33,63.1,41.4,154.1,1462.0,RUNNING
TEL-11655,MCH-HEATTREAT-01,2026-07-10 20:00:00,1.19,855.2,37.8,157.6,0.0,IDLE
TEL-11656,MCH-TEMPERING-01,2026-07-10 20:00:00,2.36,62.4,41.3,155.6,0.0,RUNNING
TEL-11657,MCH-SHOTPEEN-01,2026-07-10 20:00:00,1.19,55.2,37.5,155.6,0.0,RUNNING
TEL-11658,MCH-STABILIZER-01,2026-07-10 20:00:00,1.47,55.0,36.1,159.5,0.0,RUNNING
TEL-11659,MCH-TESTING-01,2026-07-10 20:00:00,2.52,58.7,39.2,149.8,0.0,RUNNING
TEL-11660,MCH-COILING-01,2026-07-10 21:00:00,2.03,52.2,37.2,154.1,1437.7,RUNNING
TEL-11661,MCH-COILING-02,2026-07-10 21:00:00,2.49,62.3,39.9,152.4,1445.3,RUNNING
TEL-11662,MCH-HEATTREAT-01,2026-07-10 21:00:00,1.3,854.7,37.7,159.2,0.0,RUNNING
TEL-11663,MCH-TEMPERING-01,2026-07-10 21:00:00,2.44,61.3,38.9,150.5,0.0,RUNNING
TEL-11664,MCH-SHOTPEEN-01,2026-07-10 21:00:00,1.17,53.9,38.0,159.7,0.0,RUNNING
TEL-11665,MCH-STABILIZER-01,2026-07-10 21:00:00,1.26,51.2,35.4,157.8,0.0,RUNNING
TEL-11666,MCH-TESTING-01,2026-07-10 21:00:00,2.57,59.1,41.0,153.5,0.0,RUNNING
TEL-11667,MCH-COILING-01,2026-07-10 22:00:00,2.04,57.0,38.4,157.4,1462.4,RUNNING
TEL-11668,MCH-COILING-02,2026-07-10 22:00:00,2.27,58.0,39.4,152.1,1445.2,RUNNING
TEL-11669,MCH-HEATTREAT-01,2026-07-10 22:00:00,1.19,852.0,36.1,160.1,0.0,IDLE
TEL-11670,MCH-TEMPERING-01,2026-07-10 22:00:00,2.54,59.1,39.1,153.9,0.0,RUNNING
TEL-11671,MCH-SHOTPEEN-01,2026-07-10 22:00:00,1.3,49.4,37.3,155.4,0.0,RUNNING
TEL-11672,MCH-STABILIZER-01,2026-07-10 22:00:00,1.41,48.7,36.2,158.4,0.0,RUNNING
TEL-11673,MCH-TESTING-01,2026-07-10 22:00:00,2.52,60.8,42.1,151.3,0.0,RUNNING
TEL-11674,MCH-COILING-01,2026-07-10 23:00:00,2.03,53.3,38.4,156.5,1459.1,RUNNING
TEL-11675,MCH-COILING-02,2026-07-10 23:00:00,2.36,59.8,39.8,152.7,1445.9,RUNNING
TEL-11676,MCH-HEATTREAT-01,2026-07-10 23:00:00,1.41,853.6,36.1,159.3,0.0,RUNNING
TEL-11677,MCH-TEMPERING-01,2026-07-10 23:00:00,2.29,62.4,40.4,150.9,0.0,RUNNING
TEL-11678,MCH-SHOTPEEN-01,2026-07-10 23:00:00,1.4,51.8,35.4,156.5,0.0,RUNNING
TEL-11679,MCH-STABILIZER-01,2026-07-10 23:00:00,1.28,51.0,37.9,159.0,0.0,RUNNING
TEL-11680,MCH-TESTING-01,2026-07-10 23:00:00,2.47,59.6,41.6,152.2,0.0,RUNNING
TEL-11681,MCH-COILING-01,2026-07-11 00:00:00,1.57,52.8,36.5,159.1,1447.9,RUNNING
TEL-11682,MCH-COILING-02,2026-07-11 00:00:00,2.35,59.0,41.5,153.7,1438.4,RUNNING
TEL-11683,MCH-HEATTREAT-01,2026-07-11 00:00:00,1.31,853.3,38.1,159.4,0.0,RUNNING
TEL-11684,MCH-TEMPERING-01,2026-07-11 00:00:00,2.29,61.2,39.1,154.7,0.0,RUNNING
TEL-11685,MCH-SHOTPEEN-01,2026-07-11 00:00:00,1.28,51.0,36.4,157.1,0.0,RUNNING
TEL-11686,MCH-STABILIZER-01,2026-07-11 00:00:00,1.46,53.0,37.3,159.0,0.0,RUNNING
TEL-11687,MCH-TESTING-01,2026-07-11 00:00:00,2.57,60.0,40.7,150.5,0.0,RUNNING
TEL-11688,MCH-COILING-01,2026-07-11 01:00:00,1.8,49.2,36.9,158.1,1448.2,RUNNING
TEL-11689,MCH-COILING-02,2026-07-11 01:00:00,2.58,61.8,39.5,150.9,1446.5,RUNNING
TEL-11690,MCH-HEATTREAT-01,2026-07-11 01:00:00,1.16,852.4,36.3,158.1,0.0,RUNNING
TEL-11691,MCH-TEMPERING-01,2026-07-11 01:00:00,2.54,61.8,41.9,151.8,0.0,RUNNING
TEL-11692,MCH-SHOTPEEN-01,2026-07-11 01:00:00,1.25,51.6,36.0,159.5,0.0,RUNNING
TEL-11693,MCH-STABILIZER-01,2026-07-11 01:00:00,1.33,55.0,37.0,155.5,0.0,RUNNING
TEL-11694,MCH-TESTING-01,2026-07-11 01:00:00,2.53,64.4,39.6,154.0,0.0,RUNNING
TEL-11695,MCH-COILING-01,2026-07-11 02:00:00,1.55,49.6,35.8,159.9,1458.7,RUNNING
TEL-11696,MCH-COILING-02,2026-07-11 02:00:00,2.43,60.3,41.8,154.6,1460.2,RUNNING
TEL-11697,MCH-HEATTREAT-01,2026-07-11 02:00:00,1.46,854.5,36.1,155.8,0.0,RUNNING
TEL-11698,MCH-TEMPERING-01,2026-07-11 02:00:00,2.41,57.6,39.9,149.7,0.0,RUNNING
TEL-11699,MCH-SHOTPEEN-01,2026-07-11 02:00:00,1.4,54.2,38.1,160.3,0.0,RUNNING
TEL-11700,MCH-STABILIZER-01,2026-07-11 02:00:00,1.41,51.0,36.3,158.9,0.0,RUNNING
TEL-11701,MCH-TESTING-01,2026-07-11 02:00:00,2.72,60.1,41.7,151.1,0.0,IDLE
TEL-11702,MCH-COILING-01,2026-07-11 03:00:00,1.67,51.8,35.3,156.4,1459.9,RUNNING
TEL-11703,MCH-COILING-02,2026-07-11 03:00:00,2.65,60.7,39.2,150.5,1452.6,RUNNING
TEL-11704,MCH-HEATTREAT-01,2026-07-11 03:00:00,1.33,854.5,37.7,156.5,0.0,RUNNING
TEL-11705,MCH-TEMPERING-01,2026-07-11 03:00:00,2.33,57.8,39.2,150.5,0.0,RUNNING
TEL-11706,MCH-SHOTPEEN-01,2026-07-11 03:00:00,1.27,52.5,37.2,157.9,0.0,RUNNING
TEL-11707,MCH-STABILIZER-01,2026-07-11 03:00:00,1.23,55.1,37.8,155.6,0.0,RUNNING
TEL-11708,MCH-TESTING-01,2026-07-11 03:00:00,2.71,61.5,39.6,152.8,0.0,RUNNING
TEL-11709,MCH-COILING-01,2026-07-11 04:00:00,1.62,49.3,36.5,158.3,1463.5,RUNNING
TEL-11710,MCH-COILING-02,2026-07-11 04:00:00,2.63,58.9,39.9,152.5,1444.3,RUNNING
TEL-11711,MCH-HEATTREAT-01,2026-07-11 04:00:00,1.54,857.2,36.8,156.5,0.0,RUNNING
TEL-11712,MCH-TEMPERING-01,2026-07-11 04:00:00,2.44,58.1,39.1,151.9,0.0,RUNNING
TEL-11713,MCH-SHOTPEEN-01,2026-07-11 04:00:00,1.56,52.2,37.4,157.7,0.0,RUNNING
TEL-11714,MCH-STABILIZER-01,2026-07-11 04:00:00,1.5,54.3,36.1,157.4,0.0,RUNNING
TEL-11715,MCH-TESTING-01,2026-07-11 04:00:00,2.67,59.2,40.5,152.0,0.0,RUNNING
TEL-11716,MCH-COILING-01,2026-07-11 05:00:00,1.48,49.2,37.3,159.9,1460.6,RUNNING
TEL-11717,MCH-COILING-02,2026-07-11 05:00:00,2.35,63.5,42.0,153.1,1458.7,RUNNING
TEL-11718,MCH-HEATTREAT-01,2026-07-11 05:00:00,1.25,857.1,36.8,159.8,0.0,RUNNING
TEL-11719,MCH-TEMPERING-01,2026-07-11 05:00:00,2.31,59.2,40.0,153.8,0.0,RUNNING
TEL-11720,MCH-SHOTPEEN-01,2026-07-11 05:00:00,1.36,51.9,36.8,159.0,0.0,RUNNING
TEL-11721,MCH-STABILIZER-01,2026-07-11 05:00:00,1.57,51.6,37.9,160.3,0.0,RUNNING
TEL-11722,MCH-TESTING-01,2026-07-11 05:00:00,2.47,63.1,40.2,152.6,0.0,RUNNING
TEL-11723,MCH-COILING-01,2026-07-11 06:00:00,1.57,50.3,37.4,157.2,1451.8,RUNNING
TEL-11724,MCH-COILING-02,2026-07-11 06:00:00,2.37,60.6,41.6,149.8,1442.3,RUNNING
TEL-11725,MCH-HEATTREAT-01,2026-07-11 06:00:00,1.34,855.7,36.8,160.5,0.0,IDLE
TEL-11726,MCH-TEMPERING-01,2026-07-11 06:00:00,2.51,61.5,41.6,152.3,0.0,RUNNING
TEL-11727,MCH-SHOTPEEN-01,2026-07-11 06:00:00,1.43,51.8,35.8,158.3,0.0,RUNNING
TEL-11728,MCH-STABILIZER-01,2026-07-11 06:00:00,1.33,55.3,35.8,155.2,0.0,RUNNING
TEL-11729,MCH-TESTING-01,2026-07-11 06:00:00,2.59,63.6,40.8,149.2,0.0,RUNNING
TEL-11730,MCH-COILING-01,2026-07-11 07:00:00,1.54,49.5,35.3,156.7,1452.2,RUNNING
TEL-11731,MCH-COILING-02,2026-07-11 07:00:00,2.39,60.7,39.9,149.3,1458.2,RUNNING
TEL-11732,MCH-HEATTREAT-01,2026-07-11 07:00:00,1.46,855.7,36.3,159.7,0.0,RUNNING
TEL-11733,MCH-TEMPERING-01,2026-07-11 07:00:00,2.43,62.8,39.5,152.1,0.0,RUNNING
TEL-11734,MCH-SHOTPEEN-01,2026-07-11 07:00:00,1.32,53.8,37.6,156.0,0.0,RUNNING
TEL-11735,MCH-STABILIZER-01,2026-07-11 07:00:00,1.19,50.1,36.7,156.8,0.0,RUNNING
TEL-11736,MCH-TESTING-01,2026-07-11 07:00:00,2.48,62.0,42.3,151.4,0.0,IDLE
TEL-11737,MCH-COILING-01,2026-07-11 08:00:00,1.6,48.4,36.5,160.0,1458.7,RUNNING
TEL-11738,MCH-COILING-02,2026-07-11 08:00:00,2.52,61.4,41.2,152.5,1464.2,RUNNING
TEL-11739,MCH-HEATTREAT-01,2026-07-11 08:00:00,1.36,856.2,37.9,155.2,0.0,RUNNING
TEL-11740,MCH-TEMPERING-01,2026-07-11 08:00:00,2.49,63.5,41.2,153.9,0.0,RUNNING
TEL-11741,MCH-SHOTPEEN-01,2026-07-11 08:00:00,1.3,52.3,38.2,158.9,0.0,RUNNING
TEL-11742,MCH-STABILIZER-01,2026-07-11 08:00:00,1.21,53.6,36.5,157.6,0.0,RUNNING
TEL-11743,MCH-TESTING-01,2026-07-11 08:00:00,2.79,61.3,39.7,151.8,0.0,IDLE
TEL-11744,MCH-COILING-01,2026-07-11 09:00:00,1.75,48.3,35.7,157.8,1442.8,RUNNING
TEL-11745,MCH-COILING-02,2026-07-11 09:00:00,2.56,59.4,40.4,153.1,1458.1,RUNNING
TEL-11746,MCH-HEATTREAT-01,2026-07-11 09:00:00,1.29,856.8,38.0,155.5,0.0,RUNNING
TEL-11747,MCH-TEMPERING-01,2026-07-11 09:00:00,2.33,58.2,39.0,152.9,0.0,RUNNING
TEL-11748,MCH-SHOTPEEN-01,2026-07-11 09:00:00,1.5,52.9,38.4,156.4,0.0,RUNNING
TEL-11749,MCH-STABILIZER-01,2026-07-11 09:00:00,1.28,50.7,36.4,157.0,0.0,RUNNING
TEL-11750,MCH-TESTING-01,2026-07-11 09:00:00,2.83,59.9,40.7,149.1,0.0,RUNNING
TEL-11751,MCH-COILING-01,2026-07-11 10:00:00,1.6,53.6,36.1,157.9,1457.3,RUNNING
TEL-11752,MCH-COILING-02,2026-07-11 10:00:00,2.44,60.2,40.2,150.4,1446.4,RUNNING
TEL-11753,MCH-HEATTREAT-01,2026-07-11 10:00:00,1.18,852.2,38.1,159.0,0.0,RUNNING
TEL-11754,MCH-TEMPERING-01,2026-07-11 10:00:00,2.55,57.8,40.4,153.0,0.0,RUNNING
TEL-11755,MCH-SHOTPEEN-01,2026-07-11 10:00:00,1.31,50.6,38.5,159.2,0.0,RUNNING
TEL-11756,MCH-STABILIZER-01,2026-07-11 10:00:00,1.29,50.1,36.9,154.5,0.0,RUNNING
TEL-11757,MCH-TESTING-01,2026-07-11 10:00:00,2.62,64.1,40.7,154.0,0.0,RUNNING
TEL-11758,MCH-COILING-01,2026-07-11 11:00:00,1.6,53.7,35.9,161.2,1437.5,RUNNING
TEL-11759,MCH-COILING-02,2026-07-11 11:00:00,2.44,60.4,41.9,150.8,1454.4,RUNNING
TEL-11760,MCH-HEATTREAT-01,2026-07-11 11:00:00,1.2,852.7,37.1,155.4,0.0,RUNNING
TEL-11761,MCH-TEMPERING-01,2026-07-11 11:00:00,2.53,62.0,39.1,154.1,0.0,RUNNING
TEL-11762,MCH-SHOTPEEN-01,2026-07-11 11:00:00,1.45,51.8,36.8,155.4,0.0,RUNNING
TEL-11763,MCH-STABILIZER-01,2026-07-11 11:00:00,1.56,55.6,37.7,159.3,0.0,RUNNING
TEL-11764,MCH-TESTING-01,2026-07-11 11:00:00,2.81,59.2,40.1,151.3,0.0,RUNNING
TEL-11765,MCH-COILING-01,2026-07-11 12:00:00,1.67,54.1,35.8,157.1,1458.5,RUNNING
TEL-11766,MCH-COILING-02,2026-07-11 12:00:00,2.64,57.5,41.7,154.6,1436.4,RUNNING
TEL-11767,MCH-HEATTREAT-01,2026-07-11 12:00:00,1.38,854.5,35.9,154.7,0.0,RUNNING
TEL-11768,MCH-TEMPERING-01,2026-07-11 12:00:00,2.28,63.4,39.2,152.2,0.0,RUNNING
TEL-11769,MCH-SHOTPEEN-01,2026-07-11 12:00:00,1.53,52.8,35.9,158.0,0.0,RUNNING
TEL-11770,MCH-STABILIZER-01,2026-07-11 12:00:00,1.31,52.4,38.2,155.2,0.0,RUNNING
TEL-11771,MCH-TESTING-01,2026-07-11 12:00:00,2.61,62.5,41.7,151.2,0.0,RUNNING
TEL-11772,MCH-COILING-01,2026-07-11 13:00:00,1.76,49.5,35.6,156.0,1463.3,RUNNING
TEL-11773,MCH-COILING-02,2026-07-11 13:00:00,2.32,57.9,40.2,154.5,1438.2,RUNNING
TEL-11774,MCH-HEATTREAT-01,2026-07-11 13:00:00,1.22,855.3,36.4,160.5,0.0,RUNNING
TEL-11775,MCH-TEMPERING-01,2026-07-11 13:00:00,2.46,60.8,41.6,153.9,0.0,RUNNING
TEL-11776,MCH-SHOTPEEN-01,2026-07-11 13:00:00,1.35,53.7,37.3,160.0,0.0,IDLE
TEL-11777,MCH-STABILIZER-01,2026-07-11 13:00:00,1.55,51.8,35.7,155.6,0.0,RUNNING
TEL-11778,MCH-TESTING-01,2026-07-11 13:00:00,2.52,58.7,42.0,149.3,0.0,RUNNING
TEL-11779,MCH-COILING-01,2026-07-11 14:00:00,1.65,51.3,36.0,159.0,1459.5,RUNNING
TEL-11780,MCH-COILING-02,2026-07-11 14:00:00,2.47,58.7,40.9,152.4,1438.5,RUNNING
TEL-11781,MCH-HEATTREAT-01,2026-07-11 14:00:00,1.45,857.1,36.4,160.0,0.0,RUNNING
TEL-11782,MCH-TEMPERING-01,2026-07-11 14:00:00,2.57,60.2,40.6,153.3,0.0,RUNNING
TEL-11783,MCH-SHOTPEEN-01,2026-07-11 14:00:00,1.32,52.7,35.7,156.6,0.0,RUNNING
TEL-11784,MCH-STABILIZER-01,2026-07-11 14:00:00,1.57,50.2,36.2,157.2,0.0,RUNNING
TEL-11785,MCH-TESTING-01,2026-07-11 14:00:00,2.68,60.5,42.2,150.2,0.0,RUNNING
TEL-11786,MCH-COILING-01,2026-07-11 15:00:00,1.82,48.7,37.6,158.2,1446.9,RUNNING
TEL-11787,MCH-COILING-02,2026-07-11 15:00:00,2.69,58.6,41.6,150.5,1435.5,RUNNING
TEL-11788,MCH-HEATTREAT-01,2026-07-11 15:00:00,1.29,855.0,35.8,159.8,0.0,RUNNING
TEL-11789,MCH-TEMPERING-01,2026-07-11 15:00:00,2.57,59.4,39.6,155.0,0.0,RUNNING
TEL-11790,MCH-SHOTPEEN-01,2026-07-11 15:00:00,1.34,50.0,36.0,158.2,0.0,RUNNING
TEL-11791,MCH-STABILIZER-01,2026-07-11 15:00:00,1.52,54.2,36.0,160.1,0.0,RUNNING
TEL-11792,MCH-TESTING-01,2026-07-11 15:00:00,2.8,60.3,42.5,154.0,0.0,RUNNING
TEL-11793,MCH-COILING-01,2026-07-11 16:00:00,1.78,54.5,37.7,158.0,1439.1,RUNNING
TEL-11794,MCH-COILING-02,2026-07-11 16:00:00,2.29,58.9,40.7,151.0,1462.7,RUNNING
TEL-11795,MCH-HEATTREAT-01,2026-07-11 16:00:00,1.53,851.4,36.6,155.5,0.0,RUNNING
TEL-11796,MCH-TEMPERING-01,2026-07-11 16:00:00,2.55,62.2,41.8,150.8,0.0,RUNNING
TEL-11797,MCH-SHOTPEEN-01,2026-07-11 16:00:00,1.44,51.9,36.1,159.4,0.0,RUNNING
TEL-11798,MCH-STABILIZER-01,2026-07-11 16:00:00,1.57,51.1,38.2,155.2,0.0,RUNNING
TEL-11799,MCH-TESTING-01,2026-07-11 16:00:00,2.84,59.5,40.9,152.3,0.0,RUNNING
TEL-11800,MCH-COILING-01,2026-07-11 17:00:00,1.43,48.9,35.9,155.8,1453.9,RUNNING
TEL-11801,MCH-COILING-02,2026-07-11 17:00:00,2.55,59.2,39.4,153.6,1448.6,RUNNING
TEL-11802,MCH-HEATTREAT-01,2026-07-11 17:00:00,1.54,857.0,36.4,156.3,0.0,RUNNING
TEL-11803,MCH-TEMPERING-01,2026-07-11 17:00:00,2.4,62.8,39.3,152.1,0.0,RUNNING
TEL-11804,MCH-SHOTPEEN-01,2026-07-11 17:00:00,1.54,53.8,37.9,159.0,0.0,RUNNING
TEL-11805,MCH-STABILIZER-01,2026-07-11 17:00:00,1.23,55.8,37.3,158.0,0.0,RUNNING
TEL-11806,MCH-TESTING-01,2026-07-11 17:00:00,2.81,62.9,42.1,154.1,0.0,RUNNING
TEL-11807,MCH-COILING-01,2026-07-11 18:00:00,1.68,53.8,35.8,159.6,1443.3,RUNNING
TEL-11808,MCH-COILING-02,2026-07-11 18:00:00,2.49,60.0,41.5,155.0,1437.5,RUNNING
TEL-11809,MCH-HEATTREAT-01,2026-07-11 18:00:00,1.47,852.6,36.9,158.2,0.0,RUNNING
TEL-11810,MCH-TEMPERING-01,2026-07-11 18:00:00,2.29,62.1,41.0,152.7,0.0,RUNNING
TEL-11811,MCH-SHOTPEEN-01,2026-07-11 18:00:00,1.34,52.7,38.3,156.7,0.0,RUNNING
TEL-11812,MCH-STABILIZER-01,2026-07-11 18:00:00,1.42,54.5,38.4,157.9,0.0,RUNNING
TEL-11813,MCH-TESTING-01,2026-07-11 18:00:00,2.77,60.9,41.6,153.7,0.0,RUNNING
TEL-11814,MCH-COILING-01,2026-07-11 19:00:00,1.58,53.0,36.0,159.9,1460.6,RUNNING
TEL-11815,MCH-COILING-02,2026-07-11 19:00:00,2.5,63.4,41.5,152.9,1458.3,RUNNING
TEL-11816,MCH-HEATTREAT-01,2026-07-11 19:00:00,1.15,854.7,35.5,160.3,0.0,RUNNING
TEL-11817,MCH-TEMPERING-01,2026-07-11 19:00:00,2.62,62.2,41.1,154.4,0.0,RUNNING
TEL-11818,MCH-SHOTPEEN-01,2026-07-11 19:00:00,1.51,51.6,38.4,155.9,0.0,RUNNING
TEL-11819,MCH-STABILIZER-01,2026-07-11 19:00:00,1.2,52.3,38.5,156.0,0.0,RUNNING
TEL-11820,MCH-TESTING-01,2026-07-11 19:00:00,2.54,63.5,41.2,150.2,0.0,RUNNING
TEL-11821,MCH-COILING-01,2026-07-11 20:00:00,1.56,53.5,37.5,160.4,1445.0,RUNNING
TEL-11822,MCH-COILING-02,2026-07-11 20:00:00,2.58,62.7,39.7,154.1,1438.0,RUNNING
TEL-11823,MCH-HEATTREAT-01,2026-07-11 20:00:00,1.4,853.1,36.9,155.7,0.0,RUNNING
TEL-11824,MCH-TEMPERING-01,2026-07-11 20:00:00,2.35,61.6,40.0,154.2,0.0,RUNNING
TEL-11825,MCH-SHOTPEEN-01,2026-07-11 20:00:00,1.49,55.6,36.5,155.1,0.0,RUNNING
TEL-11826,MCH-STABILIZER-01,2026-07-11 20:00:00,1.55,53.9,37.2,159.0,0.0,RUNNING
TEL-11827,MCH-TESTING-01,2026-07-11 20:00:00,2.62,63.0,40.2,148.9,0.0,RUNNING
TEL-11828,MCH-COILING-01,2026-07-11 21:00:00,1.77,50.8,35.8,159.5,1451.0,RUNNING
TEL-11829,MCH-COILING-02,2026-07-11 21:00:00,2.66,58.0,41.9,154.0,1461.6,RUNNING
TEL-11830,MCH-HEATTREAT-01,2026-07-11 21:00:00,1.37,851.6,38.4,157.3,0.0,IDLE
TEL-11831,MCH-TEMPERING-01,2026-07-11 21:00:00,2.47,61.3,39.7,152.3,0.0,RUNNING
TEL-11832,MCH-SHOTPEEN-01,2026-07-11 21:00:00,1.58,50.9,36.2,158.3,0.0,RUNNING
TEL-11833,MCH-STABILIZER-01,2026-07-11 21:00:00,1.19,50.9,35.6,158.1,0.0,RUNNING
TEL-11834,MCH-TESTING-01,2026-07-11 21:00:00,2.63,62.1,41.3,150.8,0.0,RUNNING
TEL-11835,MCH-COILING-01,2026-07-11 22:00:00,1.65,52.3,37.7,161.1,1457.4,RUNNING
TEL-11836,MCH-COILING-02,2026-07-11 22:00:00,2.68,62.5,39.8,151.4,1462.0,RUNNING
TEL-11837,MCH-HEATTREAT-01,2026-07-11 22:00:00,1.27,853.4,38.3,155.4,0.0,RUNNING
TEL-11838,MCH-TEMPERING-01,2026-07-11 22:00:00,2.64,58.6,40.5,150.1,0.0,RUNNING
TEL-11839,MCH-SHOTPEEN-01,2026-07-11 22:00:00,1.5,52.7,36.9,156.3,0.0,RUNNING
TEL-11840,MCH-STABILIZER-01,2026-07-11 22:00:00,1.43,54.0,37.7,158.3,0.0,RUNNING
TEL-11841,MCH-TESTING-01,2026-07-11 22:00:00,2.85,61.6,41.3,148.6,0.0,RUNNING
TEL-11842,MCH-COILING-01,2026-07-11 23:00:00,1.62,51.0,37.8,156.2,1451.8,RUNNING
TEL-11843,MCH-COILING-02,2026-07-11 23:00:00,2.31,59.5,41.6,150.0,1455.5,RUNNING
TEL-11844,MCH-HEATTREAT-01,2026-07-11 23:00:00,1.43,854.8,38.2,159.0,0.0,RUNNING
TEL-11845,MCH-TEMPERING-01,2026-07-11 23:00:00,2.44,61.6,41.7,155.2,0.0,RUNNING
TEL-11846,MCH-SHOTPEEN-01,2026-07-11 23:00:00,1.37,52.9,37.5,156.4,0.0,RUNNING
TEL-11847,MCH-STABILIZER-01,2026-07-11 23:00:00,1.53,55.5,35.9,157.7,0.0,RUNNING
TEL-11848,MCH-TESTING-01,2026-07-11 23:00:00,2.59,58.6,41.4,152.6,0.0,RUNNING
TEL-11849,MCH-COILING-01,2026-07-12 00:00:00,1.6,53.8,35.7,157.1,1446.1,RUNNING
TEL-11850,MCH-COILING-02,2026-07-12 00:00:00,2.6,63.3,41.5,151.5,1464.2,RUNNING
TEL-11851,MCH-HEATTREAT-01,2026-07-12 00:00:00,1.5,851.8,35.6,155.2,0.0,RUNNING
TEL-11852,MCH-TEMPERING-01,2026-07-12 00:00:00,2.48,59.1,40.7,154.1,0.0,RUNNING
TEL-11853,MCH-SHOTPEEN-01,2026-07-12 00:00:00,1.42,56.1,37.3,155.4,0.0,RUNNING
TEL-11854,MCH-STABILIZER-01,2026-07-12 00:00:00,1.17,53.0,35.1,157.8,0.0,RUNNING
TEL-11855,MCH-TESTING-01,2026-07-12 00:00:00,1.12,49.0,35.0,159.2,0.0,RUNNING
TEL-11856,MCH-COILING-01,2026-07-12 01:00:00,1.61,49.7,37.0,154.6,1456.6,RUNNING
TEL-11857,MCH-COILING-02,2026-07-12 01:00:00,2.55,58.5,42.2,152.6,1435.2,IDLE
TEL-11858,MCH-HEATTREAT-01,2026-07-12 01:00:00,1.24,854.1,37.3,159.4,0.0,RUNNING
TEL-11859,MCH-TEMPERING-01,2026-07-12 01:00:00,2.4,61.5,39.4,153.6,0.0,RUNNING
TEL-11860,MCH-SHOTPEEN-01,2026-07-12 01:00:00,1.49,52.4,37.8,156.4,0.0,RUNNING
TEL-11861,MCH-STABILIZER-01,2026-07-12 01:00:00,1.13,51.5,35.8,161.0,0.0,RUNNING
TEL-11862,MCH-TESTING-01,2026-07-12 01:00:00,1.07,53.0,35.9,161.2,0.0,RUNNING
TEL-11863,MCH-COILING-01,2026-07-12 02:00:00,1.68,54.0,38.4,156.8,1442.7,RUNNING
TEL-11864,MCH-COILING-02,2026-07-12 02:00:00,2.72,61.1,40.4,148.7,1447.3,RUNNING
TEL-11865,MCH-HEATTREAT-01,2026-07-12 02:00:00,1.55,858.0,36.0,158.1,0.0,RUNNING
TEL-11866,MCH-TEMPERING-01,2026-07-12 02:00:00,2.54,63.7,40.7,151.4,0.0,RUNNING
TEL-11867,MCH-SHOTPEEN-01,2026-07-12 02:00:00,1.45,52.1,37.8,154.8,0.0,RUNNING
TEL-11868,MCH-STABILIZER-01,2026-07-12 02:00:00,1.13,52.9,36.7,160.8,0.0,RUNNING
TEL-11869,MCH-TESTING-01,2026-07-12 02:00:00,1.2,49.5,35.9,161.1,0.0,RUNNING
TEL-11870,MCH-COILING-01,2026-07-12 03:00:00,1.72,51.2,36.6,157.3,1451.3,RUNNING
TEL-11871,MCH-COILING-02,2026-07-12 03:00:00,2.79,64.5,42.1,150.9,1441.0,RUNNING
TEL-11872,MCH-HEATTREAT-01,2026-07-12 03:00:00,1.57,855.8,38.4,156.9,0.0,RUNNING
TEL-11873,MCH-TEMPERING-01,2026-07-12 03:00:00,2.39,59.3,41.0,149.7,0.0,RUNNING
TEL-11874,MCH-SHOTPEEN-01,2026-07-12 03:00:00,1.54,54.9,37.7,157.5,0.0,RUNNING
TEL-11875,MCH-STABILIZER-01,2026-07-12 03:00:00,1.1,50.3,35.8,159.6,0.0,RUNNING
TEL-11876,MCH-TESTING-01,2026-07-12 03:00:00,1.08,51.1,36.8,159.1,0.0,RUNNING
TEL-11877,MCH-COILING-01,2026-07-12 04:00:00,1.58,49.9,35.7,154.6,1462.6,RUNNING
TEL-11878,MCH-COILING-02,2026-07-12 04:00:00,2.56,58.9,42.3,150.6,1457.3,RUNNING
TEL-11879,MCH-HEATTREAT-01,2026-07-12 04:00:00,1.34,852.0,37.5,156.2,0.0,RUNNING
TEL-11880,MCH-TEMPERING-01,2026-07-12 04:00:00,2.56,60.2,39.9,150.5,0.0,RUNNING
TEL-11881,MCH-SHOTPEEN-01,2026-07-12 04:00:00,1.33,55.7,36.3,154.8,0.0,RUNNING
TEL-11882,MCH-STABILIZER-01,2026-07-12 04:00:00,1.2,51.9,36.9,159.3,0.0,RUNNING
TEL-11883,MCH-TESTING-01,2026-07-12 04:00:00,1.22,48.8,34.9,161.6,0.0,RUNNING
TEL-11884,MCH-COILING-01,2026-07-12 05:00:00,1.61,49.5,38.1,157.3,1449.3,RUNNING
TEL-11885,MCH-COILING-02,2026-07-12 05:00:00,2.66,64.7,40.6,151.1,1452.2,RUNNING
TEL-11886,MCH-HEATTREAT-01,2026-07-12 05:00:00,1.22,854.8,37.6,156.4,0.0,RUNNING
TEL-11887,MCH-TEMPERING-01,2026-07-12 05:00:00,2.42,60.4,39.9,152.4,0.0,RUNNING
TEL-11888,MCH-SHOTPEEN-01,2026-07-12 05:00:00,1.63,50.7,38.6,159.8,0.0,RUNNING
TEL-11889,MCH-STABILIZER-01,2026-07-12 05:00:00,1.29,50.2,37.4,159.9,0.0,RUNNING
TEL-11890,MCH-TESTING-01,2026-07-12 05:00:00,1.28,50.4,36.4,159.4,0.0,RUNNING
TEL-11891,MCH-COILING-01,2026-07-12 06:00:00,1.72,50.9,37.0,160.4,1462.1,IDLE
TEL-11892,MCH-COILING-02,2026-07-12 06:00:00,2.55,59.4,41.4,152.7,1442.9,RUNNING
TEL-11893,MCH-HEATTREAT-01,2026-07-12 06:00:00,1.35,853.3,38.6,158.2,0.0,RUNNING
TEL-11894,MCH-TEMPERING-01,2026-07-12 06:00:00,2.52,58.2,42.0,154.2,0.0,IDLE
TEL-11895,MCH-SHOTPEEN-01,2026-07-12 06:00:00,1.5,51.9,36.4,156.9,0.0,RUNNING
TEL-11896,MCH-STABILIZER-01,2026-07-12 06:00:00,1.31,50.0,36.2,157.3,0.0,RUNNING
TEL-11897,MCH-TESTING-01,2026-07-12 06:00:00,1.28,49.9,36.7,156.7,0.0,RUNNING
TEL-11898,MCH-COILING-01,2026-07-12 07:00:00,1.67,50.5,36.3,155.0,1448.5,RUNNING
TEL-11899,MCH-COILING-02,2026-07-12 07:00:00,2.75,64.2,42.1,153.8,1435.7,RUNNING
TEL-11900,MCH-HEATTREAT-01,2026-07-12 07:00:00,1.52,853.1,36.1,154.7,0.0,RUNNING
TEL-11901,MCH-TEMPERING-01,2026-07-12 07:00:00,2.48,58.5,39.6,153.0,0.0,RUNNING
TEL-11902,MCH-SHOTPEEN-01,2026-07-12 07:00:00,1.4,55.8,36.0,157.5,0.0,RUNNING
TEL-11903,MCH-STABILIZER-01,2026-07-12 07:00:00,1.42,52.4,36.0,159.1,0.0,RUNNING
TEL-11904,MCH-TESTING-01,2026-07-12 07:00:00,0.9,48.1,37.3,161.4,0.0,RUNNING
TEL-11905,MCH-COILING-01,2026-07-12 08:00:00,1.86,49.8,36.8,158.6,1441.3,RUNNING
TEL-11906,MCH-COILING-02,2026-07-12 08:00:00,2.58,62.4,40.1,153.4,1456.2,RUNNING
TEL-11907,MCH-HEATTREAT-01,2026-07-12 08:00:00,1.5,854.6,37.8,157.8,0.0,RUNNING
TEL-11908,MCH-TEMPERING-01,2026-07-12 08:00:00,2.56,61.3,39.6,154.5,0.0,RUNNING
TEL-11909,MCH-SHOTPEEN-01,2026-07-12 08:00:00,1.62,53.7,36.3,154.8,0.0,RUNNING
TEL-11910,MCH-STABILIZER-01,2026-07-12 08:00:00,1.11,53.8,37.3,156.5,0.0,RUNNING
TEL-11911,MCH-TESTING-01,2026-07-12 08:00:00,1.22,49.1,35.8,159.7,0.0,RUNNING
TEL-11912,MCH-COILING-01,2026-07-12 09:00:00,1.67,51.5,36.2,154.5,1461.7,RUNNING
TEL-11913,MCH-COILING-02,2026-07-12 09:00:00,2.54,59.3,39.7,151.4,1462.1,RUNNING
TEL-11914,MCH-HEATTREAT-01,2026-07-12 09:00:00,1.52,854.4,37.6,159.7,0.0,RUNNING
TEL-11915,MCH-TEMPERING-01,2026-07-12 09:00:00,2.77,62.4,40.3,153.3,0.0,RUNNING
TEL-11916,MCH-SHOTPEEN-01,2026-07-12 09:00:00,1.55,53.9,38.6,157.5,0.0,RUNNING
TEL-11917,MCH-STABILIZER-01,2026-07-12 09:00:00,1.16,50.6,37.5,157.4,0.0,RUNNING
TEL-11918,MCH-TESTING-01,2026-07-12 09:00:00,1.08,50.7,36.8,157.3,0.0,RUNNING
TEL-11919,MCH-COILING-01,2026-07-12 10:00:00,1.85,51.9,38.1,156.5,1458.9,RUNNING
TEL-11920,MCH-COILING-02,2026-07-12 10:00:00,2.59,63.9,40.9,149.4,1457.1,RUNNING
TEL-11921,MCH-HEATTREAT-01,2026-07-12 10:00:00,1.59,857.2,38.0,156.6,0.0,RUNNING
TEL-11922,MCH-TEMPERING-01,2026-07-12 10:00:00,2.44,60.4,40.6,153.6,0.0,RUNNING
TEL-11923,MCH-SHOTPEEN-01,2026-07-12 10:00:00,1.33,56.1,36.4,154.1,0.0,RUNNING
TEL-11924,MCH-STABILIZER-01,2026-07-12 10:00:00,1.14,49.6,36.5,156.1,0.0,RUNNING
TEL-11925,MCH-TESTING-01,2026-07-12 10:00:00,1.22,49.0,35.1,159.5,0.0,RUNNING
TEL-11926,MCH-COILING-01,2026-07-12 11:00:00,1.74,54.8,36.9,158.5,1445.6,RUNNING
TEL-11927,MCH-COILING-02,2026-07-12 11:00:00,2.81,62.9,41.3,149.3,1450.6,RUNNING
TEL-11928,MCH-HEATTREAT-01,2026-07-12 11:00:00,1.3,854.7,38.5,158.1,0.0,RUNNING
TEL-11929,MCH-TEMPERING-01,2026-07-12 11:00:00,2.51,62.0,41.2,152.3,0.0,RUNNING
TEL-11930,MCH-SHOTPEEN-01,2026-07-12 11:00:00,1.4,52.4,37.8,154.8,0.0,RUNNING
TEL-11931,MCH-STABILIZER-01,2026-07-12 11:00:00,1.23,48.4,36.1,156.6,0.0,RUNNING
TEL-11932,MCH-TESTING-01,2026-07-12 11:00:00,1.16,53.1,37.2,159.7,0.0,RUNNING
TEL-11933,MCH-COILING-01,2026-07-12 12:00:00,1.76,51.1,36.5,159.3,1455.9,RUNNING
TEL-11934,MCH-COILING-02,2026-07-12 12:00:00,2.81,63.4,41.2,153.9,1456.2,RUNNING
TEL-11935,MCH-HEATTREAT-01,2026-07-12 12:00:00,1.54,853.2,37.3,159.6,0.0,RUNNING
TEL-11936,MCH-TEMPERING-01,2026-07-12 12:00:00,2.73,60.5,39.8,150.6,0.0,RUNNING
TEL-11937,MCH-SHOTPEEN-01,2026-07-12 12:00:00,1.45,55.8,38.6,158.4,0.0,RUNNING
TEL-11938,MCH-STABILIZER-01,2026-07-12 12:00:00,1.19,49.5,37.3,159.4,0.0,RUNNING
TEL-11939,MCH-TESTING-01,2026-07-12 12:00:00,1.19,50.2,35.2,155.9,0.0,RUNNING
TEL-11940,MCH-COILING-01,2026-07-12 13:00:00,1.82,52.9,37.8,160.2,1449.5,RUNNING
TEL-11941,MCH-COILING-02,2026-07-12 13:00:00,2.78,59.6,41.9,149.6,1462.7,RUNNING
TEL-11942,MCH-HEATTREAT-01,2026-07-12 13:00:00,1.33,852.0,38.3,157.4,0.0,RUNNING
TEL-11943,MCH-TEMPERING-01,2026-07-12 13:00:00,2.48,60.4,41.4,153.8,0.0,RUNNING
TEL-11944,MCH-SHOTPEEN-01,2026-07-12 13:00:00,1.35,51.9,35.9,157.9,0.0,RUNNING
TEL-11945,MCH-STABILIZER-01,2026-07-12 13:00:00,1.18,53.3,38.0,157.8,0.0,RUNNING
TEL-11946,MCH-TESTING-01,2026-07-12 13:00:00,0.94,50.1,35.5,161.5,0.0,RUNNING
TEL-11947,MCH-COILING-01,2026-07-12 14:00:00,1.65,53.2,36.3,158.0,1444.7,IDLE
TEL-11948,MCH-COILING-02,2026-07-12 14:00:00,2.45,60.4,40.9,149.3,1460.0,RUNNING
TEL-11949,MCH-HEATTREAT-01,2026-07-12 14:00:00,1.22,854.4,36.6,155.4,0.0,RUNNING
TEL-11950,MCH-TEMPERING-01,2026-07-12 14:00:00,2.69,62.2,40.3,153.2,0.0,IDLE
TEL-11951,MCH-SHOTPEEN-01,2026-07-12 14:00:00,1.47,54.6,37.9,157.0,0.0,RUNNING
TEL-11952,MCH-STABILIZER-01,2026-07-12 14:00:00,1.09,48.9,35.5,159.4,0.0,RUNNING
TEL-11953,MCH-TESTING-01,2026-07-12 14:00:00,1.03,49.5,34.8,157.9,0.0,RUNNING
TEL-11954,MCH-COILING-01,2026-07-12 15:00:00,1.73,49.6,36.7,159.2,1455.8,RUNNING
TEL-11955,MCH-COILING-02,2026-07-12 15:00:00,2.46,59.6,40.0,153.1,1461.1,RUNNING
TEL-11956,MCH-HEATTREAT-01,2026-07-12 15:00:00,1.24,856.0,35.7,158.2,0.0,RUNNING
TEL-11957,MCH-TEMPERING-01,2026-07-12 15:00:00,2.57,58.2,41.6,154.4,0.0,RUNNING
TEL-11958,MCH-SHOTPEEN-01,2026-07-12 15:00:00,1.32,52.0,36.9,157.8,0.0,RUNNING
TEL-11959,MCH-STABILIZER-01,2026-07-12 15:00:00,1.24,50.2,35.1,159.4,0.0,RUNNING
TEL-11960,MCH-TESTING-01,2026-07-12 15:00:00,0.91,48.5,34.6,157.3,0.0,RUNNING
TEL-11961,MCH-COILING-01,2026-07-12 16:00:00,1.71,49.8,38.1,157.6,1459.9,RUNNING
TEL-11962,MCH-COILING-02,2026-07-12 16:00:00,2.49,58.3,41.4,152.2,1443.0,RUNNING
TEL-11963,MCH-HEATTREAT-01,2026-07-12 16:00:00,1.37,857.0,37.9,155.8,0.0,RUNNING
TEL-11964,MCH-TEMPERING-01,2026-07-12 16:00:00,2.74,60.5,41.3,151.4,0.0,RUNNING
TEL-11965,MCH-SHOTPEEN-01,2026-07-12 16:00:00,1.65,54.3,38.1,155.3,0.0,RUNNING
TEL-11966,MCH-STABILIZER-01,2026-07-12 16:00:00,1.19,49.0,37.8,156.4,0.0,RUNNING
TEL-11967,MCH-TESTING-01,2026-07-12 16:00:00,1.18,49.1,36.6,157.2,0.0,RUNNING
TEL-11968,MCH-COILING-01,2026-07-12 17:00:00,1.69,52.3,37.4,155.9,1461.7,RUNNING
TEL-11969,MCH-COILING-02,2026-07-12 17:00:00,2.51,58.4,39.5,153.5,1460.8,RUNNING
TEL-11970,MCH-HEATTREAT-01,2026-07-12 17:00:00,1.59,854.1,36.6,160.2,0.0,RUNNING
TEL-11971,MCH-TEMPERING-01,2026-07-12 17:00:00,2.45,61.2,41.0,150.4,0.0,RUNNING
TEL-11972,MCH-SHOTPEEN-01,2026-07-12 17:00:00,1.61,51.6,37.6,159.3,0.0,RUNNING
TEL-11973,MCH-STABILIZER-01,2026-07-12 17:00:00,1.28,53.9,37.9,160.7,0.0,RUNNING
TEL-11974,MCH-TESTING-01,2026-07-12 17:00:00,1.03,50.9,35.0,156.2,0.0,RUNNING
TEL-11975,MCH-COILING-01,2026-07-12 18:00:00,1.65,52.0,38.1,155.0,1447.5,IDLE
TEL-11976,MCH-COILING-02,2026-07-12 18:00:00,2.73,64.1,40.4,150.1,1462.9,RUNNING
TEL-11977,MCH-HEATTREAT-01,2026-07-12 18:00:00,1.53,852.9,38.4,158.8,0.0,RUNNING
TEL-11978,MCH-TEMPERING-01,2026-07-12 18:00:00,2.39,64.0,40.8,148.8,0.0,RUNNING
TEL-11979,MCH-SHOTPEEN-01,2026-07-12 18:00:00,1.36,55.6,37.5,157.4,0.0,RUNNING
TEL-11980,MCH-STABILIZER-01,2026-07-12 18:00:00,1.32,51.4,37.2,156.1,0.0,RUNNING
TEL-11981,MCH-TESTING-01,2026-07-12 18:00:00,1.15,47.4,36.0,160.9,0.0,RUNNING
TEL-11982,MCH-COILING-01,2026-07-12 19:00:00,1.96,53.0,35.6,154.9,1458.1,RUNNING
TEL-11983,MCH-COILING-02,2026-07-12 19:00:00,2.54,61.4,41.9,148.6,1443.2,RUNNING
TEL-11984,MCH-HEATTREAT-01,2026-07-12 19:00:00,1.31,854.5,35.6,158.2,0.0,RUNNING
TEL-11985,MCH-TEMPERING-01,2026-07-12 19:00:00,2.72,60.8,42.2,151.6,0.0,RUNNING
TEL-11986,MCH-SHOTPEEN-01,2026-07-12 19:00:00,1.61,50.2,36.9,157.6,0.0,RUNNING
TEL-11987,MCH-STABILIZER-01,2026-07-12 19:00:00,1.22,49.3,37.0,157.4,0.0,RUNNING
TEL-11988,MCH-TESTING-01,2026-07-12 19:00:00,0.94,51.9,35.6,156.9,0.0,RUNNING
TEL-11989,MCH-COILING-01,2026-07-12 20:00:00,1.76,51.5,36.3,159.4,1457.5,RUNNING
TEL-11990,MCH-COILING-02,2026-07-12 20:00:00,2.64,60.6,40.8,152.1,1461.5,RUNNING
TEL-11991,MCH-HEATTREAT-01,2026-07-12 20:00:00,1.36,854.6,37.9,159.5,0.0,RUNNING
TEL-11992,MCH-TEMPERING-01,2026-07-12 20:00:00,2.4,61.3,41.9,152.4,0.0,RUNNING
TEL-11993,MCH-SHOTPEEN-01,2026-07-12 20:00:00,1.48,55.3,36.2,158.8,0.0,RUNNING
TEL-11994,MCH-STABILIZER-01,2026-07-12 20:00:00,1.36,49.6,37.1,155.6,0.0,RUNNING
TEL-11995,MCH-TESTING-01,2026-07-12 20:00:00,0.93,50.4,34.7,156.5,0.0,IDLE
TEL-11996,MCH-COILING-01,2026-07-12 21:00:00,1.94,53.6,36.0,155.9,1456.3,RUNNING
TEL-11997,MCH-COILING-02,2026-07-12 21:00:00,2.47,63.0,41.9,151.8,1446.8,RUNNING
TEL-11998,MCH-HEATTREAT-01,2026-07-12 21:00:00,1.37,855.3,37.9,158.4,0.0,RUNNING
TEL-11999,MCH-TEMPERING-01,2026-07-12 21:00:00,2.47,62.2,39.8,152.8,0.0,RUNNING
TEL-12000,MCH-SHOTPEEN-01,2026-07-12 21:00:00,1.55,55.7,38.7,158.8,0.0,RUNNING
TEL-12001,MCH-STABILIZER-01,2026-07-12 21:00:00,1.4,52.8,36.0,159.7,0.0,RUNNING
TEL-12002,MCH-TESTING-01,2026-07-12 21:00:00,0.97,51.3,37.4,157.0,0.0,IDLE
TEL-12003,MCH-COILING-01,2026-07-12 22:00:00,1.69,50.6,37.9,158.6,1437.0,RUNNING
TEL-12004,MCH-COILING-02,2026-07-12 22:00:00,2.47,64.4,41.5,148.5,1452.9,RUNNING
TEL-12005,MCH-HEATTREAT-01,2026-07-12 22:00:00,1.36,853.5,37.5,159.8,0.0,RUNNING
TEL-12006,MCH-TEMPERING-01,2026-07-12 22:00:00,2.62,62.4,42.3,151.7,0.0,RUNNING
TEL-12007,MCH-SHOTPEEN-01,2026-07-12 22:00:00,1.37,53.0,38.2,158.6,0.0,RUNNING
TEL-12008,MCH-STABILIZER-01,2026-07-12 22:00:00,1.21,52.1,37.7,160.8,0.0,RUNNING
TEL-12009,MCH-TESTING-01,2026-07-12 22:00:00,1.28,49.6,37.4,160.4,0.0,RUNNING
TEL-12010,MCH-COILING-01,2026-07-12 23:00:00,1.67,49.8,36.2,159.5,1453.9,RUNNING
TEL-12011,MCH-COILING-02,2026-07-12 23:00:00,2.58,60.5,41.3,151.3,1444.7,RUNNING
TEL-12012,MCH-HEATTREAT-01,2026-07-12 23:00:00,1.5,854.5,37.4,154.9,0.0,RUNNING
TEL-12013,MCH-TEMPERING-01,2026-07-12 23:00:00,2.62,62.4,39.4,151.7,0.0,RUNNING
TEL-12014,MCH-SHOTPEEN-01,2026-07-12 23:00:00,1.34,51.7,37.5,158.9,0.0,RUNNING
TEL-12015,MCH-STABILIZER-01,2026-07-12 23:00:00,1.33,49.9,35.4,158.2,0.0,RUNNING
TEL-12016,MCH-TESTING-01,2026-07-12 23:00:00,1.06,52.7,34.7,159.5,0.0,RUNNING
TEL-12017,MCH-COILING-01,2026-07-13 00:00:00,1.77,51.1,38.2,159.8,1436.2,RUNNING
TEL-12018,MCH-COILING-02,2026-07-13 00:00:00,1.12,52.0,35.5,155.5,1457.3,RUNNING
TEL-12019,MCH-HEATTREAT-01,2026-07-13 00:00:00,1.3,856.4,36.0,154.6,0.0,RUNNING
TEL-12020,MCH-TEMPERING-01,2026-07-13 00:00:00,2.78,60.6,40.4,149.5,0.0,RUNNING
TEL-12021,MCH-SHOTPEEN-01,2026-07-13 00:00:00,1.7,56.9,37.3,154.8,0.0,IDLE
TEL-12022,MCH-STABILIZER-01,2026-07-13 00:00:00,1.34,53.7,35.8,160.6,0.0,RUNNING
TEL-12023,MCH-TESTING-01,2026-07-13 00:00:00,1.23,48.2,35.4,158.7,0.0,RUNNING
TEL-12024,MCH-COILING-01,2026-07-13 01:00:00,2.1,55.5,36.3,155.3,1447.2,RUNNING
TEL-12025,MCH-COILING-02,2026-07-13 01:00:00,1.32,54.4,37.9,156.6,1435.1,RUNNING
TEL-12026,MCH-HEATTREAT-01,2026-07-13 01:00:00,1.46,857.7,38.4,156.6,0.0,RUNNING
TEL-12027,MCH-TEMPERING-01,2026-07-13 01:00:00,2.83,61.4,41.0,149.1,0.0,RUNNING
TEL-12028,MCH-SHOTPEEN-01,2026-07-13 01:00:00,1.74,55.8,36.3,158.0,0.0,RUNNING
TEL-12029,MCH-STABILIZER-01,2026-07-13 01:00:00,1.38,51.6,37.9,156.9,0.0,IDLE
TEL-12030,MCH-TESTING-01,2026-07-13 01:00:00,1.22,50.6,36.3,156.5,0.0,RUNNING
TEL-12031,MCH-COILING-01,2026-07-13 02:00:00,1.74,55.7,38.0,154.8,1447.1,RUNNING
TEL-12032,MCH-COILING-02,2026-07-13 02:00:00,1.22,50.3,37.3,160.3,1446.4,RUNNING
TEL-12033,MCH-HEATTREAT-01,2026-07-13 02:00:00,1.67,856.6,37.5,157.8,0.0,RUNNING
TEL-12034,MCH-TEMPERING-01,2026-07-13 02:00:00,2.78,58.9,41.4,150.3,0.0,IDLE
TEL-12035,MCH-SHOTPEEN-01,2026-07-13 02:00:00,1.58,53.8,37.5,156.0,0.0,RUNNING
TEL-12036,MCH-STABILIZER-01,2026-07-13 02:00:00,1.21,54.7,36.0,155.8,0.0,RUNNING
TEL-12037,MCH-TESTING-01,2026-07-13 02:00:00,1.25,51.5,36.6,156.4,0.0,IDLE
TEL-12038,MCH-COILING-01,2026-07-13 03:00:00,1.86,50.6,36.6,158.1,1439.8,RUNNING
TEL-12039,MCH-COILING-02,2026-07-13 03:00:00,1.3,50.2,36.7,156.5,1439.5,RUNNING
TEL-12040,MCH-HEATTREAT-01,2026-07-13 03:00:00,1.46,857.8,36.4,156.4,0.0,RUNNING
TEL-12041,MCH-TEMPERING-01,2026-07-13 03:00:00,2.52,64.4,41.6,151.6,0.0,RUNNING
TEL-12042,MCH-SHOTPEEN-01,2026-07-13 03:00:00,1.75,56.5,38.4,155.1,0.0,RUNNING
TEL-12043,MCH-STABILIZER-01,2026-07-13 03:00:00,1.28,49.9,35.3,160.6,0.0,RUNNING
TEL-12044,MCH-TESTING-01,2026-07-13 03:00:00,1.04,53.1,35.8,160.0,0.0,RUNNING
TEL-12045,MCH-COILING-01,2026-07-13 04:00:00,2.02,53.9,37.0,154.9,1451.0,RUNNING
TEL-12046,MCH-COILING-02,2026-07-13 04:00:00,1.39,50.7,35.7,156.6,1459.4,RUNNING
TEL-12047,MCH-HEATTREAT-01,2026-07-13 04:00:00,1.65,854.7,36.3,156.8,0.0,RUNNING
TEL-12048,MCH-TEMPERING-01,2026-07-13 04:00:00,2.59,62.7,40.8,152.9,0.0,RUNNING
TEL-12049,MCH-SHOTPEEN-01,2026-07-13 04:00:00,1.58,55.5,38.3,154.4,0.0,RUNNING
TEL-12050,MCH-STABILIZER-01,2026-07-13 04:00:00,1.12,55.2,35.7,156.5,0.0,RUNNING
TEL-12051,MCH-TESTING-01,2026-07-13 04:00:00,1.21,53.0,36.6,159.6,0.0,RUNNING
TEL-12052,MCH-COILING-01,2026-07-13 05:00:00,1.9,54.5,37.5,158.5,1452.3,RUNNING
TEL-12053,MCH-COILING-02,2026-07-13 05:00:00,1.24,50.2,38.0,156.0,1460.7,RUNNING
TEL-12054,MCH-HEATTREAT-01,2026-07-13 05:00:00,1.3,852.6,38.8,159.0,0.0,RUNNING
TEL-12055,MCH-TEMPERING-01,2026-07-13 05:00:00,2.85,61.3,40.6,148.3,0.0,RUNNING
TEL-12056,MCH-SHOTPEEN-01,2026-07-13 05:00:00,1.7,52.3,38.5,157.9,0.0,RUNNING
TEL-12057,MCH-STABILIZER-01,2026-07-13 05:00:00,1.34,53.7,35.7,159.6,0.0,RUNNING
TEL-12058,MCH-TESTING-01,2026-07-13 05:00:00,1.07,54.0,37.7,156.8,0.0,RUNNING
TEL-12059,MCH-COILING-01,2026-07-13 06:00:00,2.0,52.7,36.5,154.6,1463.8,RUNNING
TEL-12060,MCH-COILING-02,2026-07-13 06:00:00,1.13,52.7,35.5,157.2,1445.5,RUNNING
TEL-12061,MCH-HEATTREAT-01,2026-07-13 06:00:00,1.64,857.8,36.1,155.7,0.0,RUNNING
TEL-12062,MCH-TEMPERING-01,2026-07-13 06:00:00,2.71,59.0,42.6,153.2,0.0,RUNNING
TEL-12063,MCH-SHOTPEEN-01,2026-07-13 06:00:00,1.53,52.9,37.7,153.5,0.0,RUNNING
TEL-12064,MCH-STABILIZER-01,2026-07-13 06:00:00,1.4,52.4,35.4,157.9,0.0,RUNNING
TEL-12065,MCH-TESTING-01,2026-07-13 06:00:00,1.16,51.0,36.0,158.9,0.0,RUNNING
TEL-12066,MCH-COILING-01,2026-07-13 07:00:00,1.84,52.6,38.3,157.3,1461.5,RUNNING
TEL-12067,MCH-COILING-02,2026-07-13 07:00:00,1.25,51.9,37.2,158.2,1457.5,RUNNING
TEL-12068,MCH-HEATTREAT-01,2026-07-13 07:00:00,1.69,853.1,38.3,155.9,0.0,RUNNING
TEL-12069,MCH-TEMPERING-01,2026-07-13 07:00:00,2.78,62.9,40.1,152.7,0.0,RUNNING
TEL-12070,MCH-SHOTPEEN-01,2026-07-13 07:00:00,1.65,52.7,36.9,153.7,0.0,IDLE
TEL-12071,MCH-STABILIZER-01,2026-07-13 07:00:00,1.16,51.5,35.8,159.6,0.0,RUNNING
TEL-12072,MCH-TESTING-01,2026-07-13 07:00:00,1.18,51.8,37.9,156.5,0.0,RUNNING
TEL-12073,MCH-COILING-01,2026-07-13 08:00:00,1.78,50.5,38.1,158.6,1441.6,RUNNING
TEL-12074,MCH-COILING-02,2026-07-13 08:00:00,1.14,52.9,35.5,159.0,1459.4,RUNNING
TEL-12075,MCH-HEATTREAT-01,2026-07-13 08:00:00,1.58,854.5,37.2,159.7,0.0,RUNNING
TEL-12076,MCH-TEMPERING-01,2026-07-13 08:00:00,2.71,64.6,41.9,151.9,0.0,RUNNING
TEL-12077,MCH-SHOTPEEN-01,2026-07-13 08:00:00,1.46,55.3,38.4,156.5,0.0,RUNNING
TEL-12078,MCH-STABILIZER-01,2026-07-13 08:00:00,1.34,54.6,35.9,154.9,0.0,RUNNING
TEL-12079,MCH-TESTING-01,2026-07-13 08:00:00,1.14,51.4,36.5,159.6,0.0,RUNNING
TEL-12080,MCH-COILING-01,2026-07-13 09:00:00,2.09,52.2,38.5,154.5,1439.4,RUNNING
TEL-12081,MCH-COILING-02,2026-07-13 09:00:00,1.39,54.3,35.9,160.4,1462.8,RUNNING
TEL-12082,MCH-HEATTREAT-01,2026-07-13 09:00:00,1.49,854.8,37.0,157.3,0.0,RUNNING
TEL-12083,MCH-TEMPERING-01,2026-07-13 09:00:00,2.59,62.8,42.5,152.1,0.0,RUNNING
TEL-12084,MCH-SHOTPEEN-01,2026-07-13 09:00:00,1.77,51.3,37.4,156.0,0.0,RUNNING
TEL-12085,MCH-STABILIZER-01,2026-07-13 09:00:00,1.5,51.0,36.4,156.7,0.0,RUNNING
TEL-12086,MCH-TESTING-01,2026-07-13 09:00:00,1.41,54.1,36.2,156.5,0.0,RUNNING
TEL-12087,MCH-COILING-01,2026-07-13 10:00:00,1.8,51.8,38.3,155.8,1452.9,RUNNING
TEL-12088,MCH-COILING-02,2026-07-13 10:00:00,1.42,49.2,35.4,159.4,1439.5,RUNNING
TEL-12089,MCH-HEATTREAT-01,2026-07-13 10:00:00,1.65,858.2,38.2,158.1,0.0,RUNNING
TEL-12090,MCH-TEMPERING-01,2026-07-13 10:00:00,2.51,61.8,39.8,149.9,0.0,RUNNING
TEL-12091,MCH-SHOTPEEN-01,2026-07-13 10:00:00,1.67,56.9,38.3,157.4,0.0,RUNNING
TEL-12092,MCH-STABILIZER-01,2026-07-13 10:00:00,1.17,50.8,35.6,160.8,0.0,RUNNING
TEL-12093,MCH-TESTING-01,2026-07-13 10:00:00,1.03,48.1,37.7,160.0,0.0,RUNNING
TEL-12094,MCH-COILING-01,2026-07-13 11:00:00,2.04,53.4,36.7,155.6,1460.1,RUNNING
TEL-12095,MCH-COILING-02,2026-07-13 11:00:00,1.32,49.5,36.5,160.1,1439.7,RUNNING
TEL-12096,MCH-HEATTREAT-01,2026-07-13 11:00:00,1.49,855.3,36.5,155.6,0.0,RUNNING
TEL-12097,MCH-TEMPERING-01,2026-07-13 11:00:00,2.63,59.8,41.1,150.9,0.0,RUNNING
TEL-12098,MCH-SHOTPEEN-01,2026-07-13 11:00:00,1.52,55.2,38.6,155.9,0.0,RUNNING
TEL-12099,MCH-STABILIZER-01,2026-07-13 11:00:00,1.42,54.3,37.3,156.1,0.0,RUNNING
TEL-12100,MCH-TESTING-01,2026-07-13 11:00:00,1.29,48.4,35.1,160.5,0.0,RUNNING
TEL-12101,MCH-COILING-01,2026-07-13 12:00:00,2.11,51.1,38.1,155.5,1445.0,RUNNING
TEL-12102,MCH-COILING-02,2026-07-13 12:00:00,1.17,51.7,36.4,160.5,1455.0,RUNNING
TEL-12103,MCH-HEATTREAT-01,2026-07-13 12:00:00,1.58,854.1,38.0,159.3,0.0,RUNNING
TEL-12104,MCH-TEMPERING-01,2026-07-13 12:00:00,2.64,61.3,40.7,148.5,0.0,RUNNING
TEL-12105,MCH-SHOTPEEN-01,2026-07-13 12:00:00,1.72,53.4,38.6,156.2,0.0,RUNNING
TEL-12106,MCH-STABILIZER-01,2026-07-13 12:00:00,1.42,54.4,36.6,159.7,0.0,RUNNING
TEL-12107,MCH-TESTING-01,2026-07-13 12:00:00,1.3,52.4,37.8,159.8,0.0,RUNNING
TEL-12108,MCH-COILING-01,2026-07-13 13:00:00,1.78,55.9,36.4,155.3,1437.8,RUNNING
TEL-12109,MCH-COILING-02,2026-07-13 13:00:00,1.21,48.8,35.6,158.0,1449.9,RUNNING
TEL-12110,MCH-HEATTREAT-01,2026-07-13 13:00:00,1.37,853.3,36.0,154.0,0.0,RUNNING
TEL-12111,MCH-TEMPERING-01,2026-07-13 13:00:00,2.63,62.8,40.7,148.8,0.0,RUNNING
TEL-12112,MCH-SHOTPEEN-01,2026-07-13 13:00:00,1.79,52.2,36.6,157.5,0.0,RUNNING
TEL-12113,MCH-STABILIZER-01,2026-07-13 13:00:00,1.4,50.6,36.4,158.0,0.0,RUNNING
TEL-12114,MCH-TESTING-01,2026-07-13 13:00:00,1.38,49.4,37.3,159.6,0.0,IDLE
TEL-12115,MCH-COILING-01,2026-07-13 14:00:00,2.1,54.1,36.8,159.8,1448.7,RUNNING
TEL-12116,MCH-COILING-02,2026-07-13 14:00:00,1.08,52.4,38.1,155.3,1459.9,RUNNING
TEL-12117,MCH-HEATTREAT-01,2026-07-13 14:00:00,1.47,857.8,37.6,159.5,0.0,RUNNING
TEL-12118,MCH-TEMPERING-01,2026-07-13 14:00:00,2.58,60.5,42.4,153.3,0.0,RUNNING
TEL-12119,MCH-SHOTPEEN-01,2026-07-13 14:00:00,1.67,54.7,37.4,153.4,0.0,RUNNING
TEL-12120,MCH-STABILIZER-01,2026-07-13 14:00:00,1.2,54.1,36.0,154.8,0.0,IDLE
TEL-12121,MCH-TESTING-01,2026-07-13 14:00:00,1.04,53.3,36.6,160.7,0.0,RUNNING
TEL-12122,MCH-COILING-01,2026-07-13 15:00:00,1.72,55.9,38.1,158.4,1458.6,RUNNING
TEL-12123,MCH-COILING-02,2026-07-13 15:00:00,1.34,51.8,36.9,158.2,1451.6,RUNNING
TEL-12124,MCH-HEATTREAT-01,2026-07-13 15:00:00,1.63,858.1,37.0,158.3,0.0,RUNNING
TEL-12125,MCH-TEMPERING-01,2026-07-13 15:00:00,2.75,58.9,41.0,150.1,0.0,RUNNING
TEL-12126,MCH-SHOTPEEN-01,2026-07-13 15:00:00,1.59,51.6,39.0,157.8,0.0,RUNNING
TEL-12127,MCH-STABILIZER-01,2026-07-13 15:00:00,1.22,50.5,35.7,157.4,0.0,RUNNING
TEL-12128,MCH-TESTING-01,2026-07-13 15:00:00,1.16,53.1,35.8,161.2,0.0,RUNNING
TEL-12129,MCH-COILING-01,2026-07-13 16:00:00,1.97,50.7,36.4,154.6,1463.1,RUNNING
TEL-12130,MCH-COILING-02,2026-07-13 16:00:00,1.1,53.6,37.4,156.6,1440.4,RUNNING
TEL-12131,MCH-HEATTREAT-01,2026-07-13 16:00:00,1.42,855.3,38.3,157.1,0.0,RUNNING
TEL-12132,MCH-TEMPERING-01,2026-07-13 16:00:00,2.68,62.8,42.1,150.3,0.0,RUNNING
TEL-12133,MCH-SHOTPEEN-01,2026-07-13 16:00:00,1.47,56.2,37.8,154.9,0.0,IDLE
TEL-12134,MCH-STABILIZER-01,2026-07-13 16:00:00,1.47,54.0,37.6,155.3,0.0,RUNNING
TEL-12135,MCH-TESTING-01,2026-07-13 16:00:00,1.07,49.2,37.4,158.5,0.0,RUNNING
TEL-12136,MCH-COILING-01,2026-07-13 17:00:00,2.08,54.4,36.0,159.0,1458.8,RUNNING
TEL-12137,MCH-COILING-02,2026-07-13 17:00:00,1.4,53.6,36.4,156.0,1453.6,RUNNING
TEL-12138,MCH-HEATTREAT-01,2026-07-13 17:00:00,1.52,856.6,38.8,158.4,0.0,RUNNING
TEL-12139,MCH-TEMPERING-01,2026-07-13 17:00:00,2.87,63.8,41.4,150.9,0.0,RUNNING
TEL-12140,MCH-SHOTPEEN-01,2026-07-13 17:00:00,1.55,56.8,36.3,154.5,0.0,RUNNING
TEL-12141,MCH-STABILIZER-01,2026-07-13 17:00:00,1.11,53.1,36.4,156.8,0.0,RUNNING
TEL-12142,MCH-TESTING-01,2026-07-13 17:00:00,1.02,50.2,36.4,156.1,0.0,RUNNING
TEL-12143,MCH-COILING-01,2026-07-13 18:00:00,1.92,55.2,37.7,156.7,1451.6,RUNNING
TEL-12144,MCH-COILING-02,2026-07-13 18:00:00,1.38,49.3,37.6,159.7,1454.1,RUNNING
TEL-12145,MCH-HEATTREAT-01,2026-07-13 18:00:00,1.5,854.9,36.0,154.6,0.0,RUNNING
TEL-12146,MCH-TEMPERING-01,2026-07-13 18:00:00,2.76,65.3,41.8,153.1,0.0,RUNNING
TEL-12147,MCH-SHOTPEEN-01,2026-07-13 18:00:00,1.51,56.4,39.1,159.2,0.0,RUNNING
TEL-12148,MCH-STABILIZER-01,2026-07-13 18:00:00,1.31,53.6,36.5,155.0,0.0,RUNNING
TEL-12149,MCH-TESTING-01,2026-07-13 18:00:00,1.09,48.7,35.4,158.4,0.0,RUNNING
TEL-12150,MCH-COILING-01,2026-07-13 19:00:00,1.75,51.0,38.8,158.4,1444.5,RUNNING
TEL-12151,MCH-COILING-02,2026-07-13 19:00:00,1.31,52.3,35.4,155.3,1444.3,RUNNING
TEL-12152,MCH-HEATTREAT-01,2026-07-13 19:00:00,1.59,858.0,36.1,158.2,0.0,RUNNING
TEL-12153,MCH-TEMPERING-01,2026-07-13 19:00:00,2.84,62.3,42.4,152.1,0.0,RUNNING
TEL-12154,MCH-SHOTPEEN-01,2026-07-13 19:00:00,1.56,57.0,37.1,158.7,0.0,RUNNING
TEL-12155,MCH-STABILIZER-01,2026-07-13 19:00:00,1.24,53.6,35.7,155.4,0.0,RUNNING
TEL-12156,MCH-TESTING-01,2026-07-13 19:00:00,1.01,53.9,35.1,160.1,0.0,RUNNING
TEL-12157,MCH-COILING-01,2026-07-13 20:00:00,1.75,51.3,38.7,159.2,1442.4,RUNNING
TEL-12158,MCH-COILING-02,2026-07-13 20:00:00,1.15,54.5,37.3,155.6,1459.4,RUNNING
TEL-12159,MCH-HEATTREAT-01,2026-07-13 20:00:00,1.58,852.9,38.1,158.9,0.0,RUNNING
TEL-12160,MCH-TEMPERING-01,2026-07-13 20:00:00,2.59,61.4,41.7,153.4,0.0,RUNNING
TEL-12161,MCH-SHOTPEEN-01,2026-07-13 20:00:00,1.69,56.4,37.7,154.8,0.0,RUNNING
TEL-12162,MCH-STABILIZER-01,2026-07-13 20:00:00,1.35,51.3,37.7,156.6,0.0,RUNNING
TEL-12163,MCH-TESTING-01,2026-07-13 20:00:00,1.4,50.8,36.7,156.9,0.0,RUNNING
TEL-12164,MCH-COILING-01,2026-07-13 21:00:00,2.07,54.8,36.7,157.5,1435.0,RUNNING
TEL-12165,MCH-COILING-02,2026-07-13 21:00:00,1.31,53.4,37.2,158.4,1459.4,RUNNING
TEL-12166,MCH-HEATTREAT-01,2026-07-13 21:00:00,1.68,853.7,38.0,155.3,0.0,RUNNING
TEL-12167,MCH-TEMPERING-01,2026-07-13 21:00:00,2.51,59.2,40.9,153.9,0.0,RUNNING
TEL-12168,MCH-SHOTPEEN-01,2026-07-13 21:00:00,1.45,50.9,36.8,154.1,0.0,RUNNING
TEL-12169,MCH-STABILIZER-01,2026-07-13 21:00:00,1.27,51.0,36.6,155.7,0.0,RUNNING
TEL-12170,MCH-TESTING-01,2026-07-13 21:00:00,1.06,50.5,37.9,157.5,0.0,RUNNING
TEL-12171,MCH-COILING-01,2026-07-13 22:00:00,1.82,54.6,38.5,154.7,1446.7,RUNNING
TEL-12172,MCH-COILING-02,2026-07-13 22:00:00,1.34,54.7,35.9,157.9,1443.2,IDLE
TEL-12173,MCH-HEATTREAT-01,2026-07-13 22:00:00,1.29,855.1,36.0,159.3,0.0,RUNNING
TEL-12174,MCH-TEMPERING-01,2026-07-13 22:00:00,2.68,60.6,40.9,153.4,0.0,RUNNING
TEL-12175,MCH-SHOTPEEN-01,2026-07-13 22:00:00,1.51,53.7,36.2,158.1,0.0,RUNNING
TEL-12176,MCH-STABILIZER-01,2026-07-13 22:00:00,1.34,51.0,37.2,157.5,0.0,RUNNING
TEL-12177,MCH-TESTING-01,2026-07-13 22:00:00,1.12,51.2,36.1,156.2,0.0,RUNNING
TEL-12178,MCH-COILING-01,2026-07-13 23:00:00,2.07,50.4,36.6,156.7,1441.6,RUNNING
TEL-12179,MCH-COILING-02,2026-07-13 23:00:00,1.28,54.6,35.5,159.3,1450.7,RUNNING
TEL-12180,MCH-HEATTREAT-01,2026-07-13 23:00:00,1.4,856.4,38.2,158.4,0.0,IDLE
TEL-12181,MCH-TEMPERING-01,2026-07-13 23:00:00,2.72,64.5,40.4,149.9,0.0,RUNNING
TEL-12182,MCH-SHOTPEEN-01,2026-07-13 23:00:00,1.7,55.3,37.9,157.1,0.0,RUNNING
TEL-12183,MCH-STABILIZER-01,2026-07-13 23:00:00,1.32,50.0,36.8,158.0,0.0,RUNNING
TEL-12184,MCH-TESTING-01,2026-07-13 23:00:00,1.02,53.1,37.3,157.8,0.0,RUNNING
TEL-12185,MCH-COILING-01,2026-07-14 00:00:00,1.8,54.7,36.2,155.0,1442.4,RUNNING
TEL-12186,MCH-COILING-02,2026-07-14 00:00:00,1.35,51.9,37.2,157.5,1447.2,RUNNING
TEL-12187,MCH-HEATTREAT-01,2026-07-14 00:00:00,0.93,849.8,35.2,157.5,0.0,RUNNING
TEL-12188,MCH-TEMPERING-01,2026-07-14 00:00:00,1.1,49.2,36.9,160.8,0.0,RUNNING
TEL-12189,MCH-SHOTPEEN-01,2026-07-14 00:00:00,1.49,56.1,38.3,153.4,0.0,RUNNING
TEL-12190,MCH-STABILIZER-01,2026-07-14 00:00:00,1.4,55.3,37.3,157.9,0.0,RUNNING
TEL-12191,MCH-TESTING-01,2026-07-14 00:00:00,1.15,53.1,37.3,160.3,0.0,RUNNING
TEL-12192,MCH-COILING-01,2026-07-14 01:00:00,1.86,51.2,37.0,153.7,1438.7,RUNNING
TEL-12193,MCH-COILING-02,2026-07-14 01:00:00,1.55,50.4,37.3,157.5,1435.1,RUNNING
TEL-12194,MCH-HEATTREAT-01,2026-07-14 01:00:00,0.94,854.4,34.9,161.8,0.0,RUNNING
TEL-12195,MCH-TEMPERING-01,2026-07-14 01:00:00,1.21,50.2,35.5,160.7,0.0,RUNNING
TEL-12196,MCH-SHOTPEEN-01,2026-07-14 01:00:00,1.5,53.2,36.9,153.4,0.0,RUNNING
TEL-12197,MCH-STABILIZER-01,2026-07-14 01:00:00,1.48,51.6,36.2,157.6,0.0,RUNNING
TEL-12198,MCH-TESTING-01,2026-07-14 01:00:00,1.43,51.7,35.8,156.1,0.0,RUNNING
TEL-12199,MCH-COILING-01,2026-07-14 02:00:00,2.07,53.2,38.3,156.6,1441.4,RUNNING
TEL-12200,MCH-COILING-02,2026-07-14 02:00:00,1.53,50.1,38.2,159.2,1443.7,RUNNING
TEL-12201,MCH-HEATTREAT-01,2026-07-14 02:00:00,0.99,851.1,36.6,160.7,0.0,RUNNING
TEL-12202,MCH-TEMPERING-01,2026-07-14 02:00:00,0.86,49.5,35.1,160.1,0.0,RUNNING
TEL-12203,MCH-SHOTPEEN-01,2026-07-14 02:00:00,1.75,53.3,39.3,158.5,0.0,IDLE
TEL-12204,MCH-STABILIZER-01,2026-07-14 02:00:00,1.27,52.2,36.9,155.9,0.0,RUNNING
TEL-12205,MCH-TESTING-01,2026-07-14 02:00:00,1.37,54.3,36.9,160.2,0.0,RUNNING
TEL-12206,MCH-COILING-01,2026-07-14 03:00:00,2.08,53.2,37.8,156.5,1440.4,RUNNING
TEL-12207,MCH-COILING-02,2026-07-14 03:00:00,1.35,55.9,37.0,159.3,1436.8,RUNNING
TEL-12208,MCH-HEATTREAT-01,2026-07-14 03:00:00,0.85,853.3,34.6,161.2,0.0,RUNNING
TEL-12209,MCH-TEMPERING-01,2026-07-14 03:00:00,1.21,48.2,36.7,158.2,0.0,RUNNING
TEL-12210,MCH-SHOTPEEN-01,2026-07-14 03:00:00,1.58,53.5,38.6,155.4,0.0,RUNNING
TEL-12211,MCH-STABILIZER-01,2026-07-14 03:00:00,1.29,50.4,36.0,157.8,0.0,RUNNING
TEL-12212,MCH-TESTING-01,2026-07-14 03:00:00,1.43,54.1,37.0,158.3,0.0,RUNNING
TEL-12213,MCH-COILING-01,2026-07-14 04:00:00,2.02,54.9,36.7,154.8,1447.1,RUNNING
TEL-12214,MCH-COILING-02,2026-07-14 04:00:00,1.3,55.3,38.2,158.6,1463.7,RUNNING
TEL-12215,MCH-HEATTREAT-01,2026-07-14 04:00:00,1.08,852.1,36.7,158.1,0.0,RUNNING
TEL-12216,MCH-TEMPERING-01,2026-07-14 04:00:00,1.02,50.1,35.6,159.4,0.0,RUNNING
TEL-12217,MCH-SHOTPEEN-01,2026-07-14 04:00:00,1.83,51.5,37.0,158.0,0.0,RUNNING
TEL-12218,MCH-STABILIZER-01,2026-07-14 04:00:00,1.25,50.4,38.0,154.9,0.0,RUNNING
TEL-12219,MCH-TESTING-01,2026-07-14 04:00:00,1.38,55.0,36.1,156.9,0.0,RUNNING
TEL-12220,MCH-COILING-01,2026-07-14 05:00:00,2.07,52.5,37.0,159.3,1438.6,RUNNING
TEL-12221,MCH-COILING-02,2026-07-14 05:00:00,1.38,49.6,37.5,155.6,1446.0,RUNNING
TEL-12222,MCH-HEATTREAT-01,2026-07-14 05:00:00,0.89,849.2,35.3,156.5,0.0,RUNNING
TEL-12223,MCH-TEMPERING-01,2026-07-14 05:00:00,1.05,51.9,35.3,159.3,0.0,RUNNING
TEL-12224,MCH-SHOTPEEN-01,2026-07-14 05:00:00,1.63,54.5,39.0,156.6,0.0,RUNNING
TEL-12225,MCH-STABILIZER-01,2026-07-14 05:00:00,1.4,50.8,37.8,159.8,0.0,RUNNING
TEL-12226,MCH-TESTING-01,2026-07-14 05:00:00,1.34,49.5,36.7,156.7,0.0,RUNNING
TEL-12227,MCH-COILING-01,2026-07-14 06:00:00,1.82,56.9,38.2,158.6,1443.8,RUNNING
TEL-12228,MCH-COILING-02,2026-07-14 06:00:00,1.38,54.4,38.1,158.1,1458.3,RUNNING
TEL-12229,MCH-HEATTREAT-01,2026-07-14 06:00:00,1.03,851.4,35.7,160.9,0.0,IDLE
TEL-12230,MCH-TEMPERING-01,2026-07-14 06:00:00,1.12,47.6,34.8,160.8,0.0,IDLE
TEL-12231,MCH-SHOTPEEN-01,2026-07-14 06:00:00,1.49,52.7,39.4,156.2,0.0,RUNNING
TEL-12232,MCH-STABILIZER-01,2026-07-14 06:00:00,1.39,55.5,35.9,159.4,0.0,IDLE
TEL-12233,MCH-TESTING-01,2026-07-14 06:00:00,1.2,52.0,36.3,159.1,0.0,RUNNING
TEL-12234,MCH-COILING-01,2026-07-14 07:00:00,1.86,52.2,38.8,155.6,1459.5,RUNNING
TEL-12235,MCH-COILING-02,2026-07-14 07:00:00,1.29,53.3,37.1,159.4,1447.7,RUNNING
TEL-12236,MCH-HEATTREAT-01,2026-07-14 07:00:00,1.19,852.9,37.3,161.1,0.0,RUNNING
TEL-12237,MCH-TEMPERING-01,2026-07-14 07:00:00,1.22,47.6,35.3,159.4,0.0,RUNNING
TEL-12238,MCH-SHOTPEEN-01,2026-07-14 07:00:00,1.87,56.5,37.5,154.5,0.0,RUNNING
TEL-12239,MCH-STABILIZER-01,2026-07-14 07:00:00,1.6,54.5,37.3,156.6,0.0,RUNNING
TEL-12240,MCH-TESTING-01,2026-07-14 07:00:00,1.4,53.0,35.7,155.3,0.0,RUNNING
TEL-12241,MCH-COILING-01,2026-07-14 08:00:00,2.06,50.9,38.6,156.5,1464.8,RUNNING
TEL-12242,MCH-COILING-02,2026-07-14 08:00:00,1.24,51.4,37.3,159.9,1456.4,RUNNING
TEL-12243,MCH-HEATTREAT-01,2026-07-14 08:00:00,0.93,854.1,35.6,159.7,0.0,RUNNING
TEL-12244,MCH-TEMPERING-01,2026-07-14 08:00:00,1.22,49.6,36.3,160.9,0.0,RUNNING
TEL-12245,MCH-SHOTPEEN-01,2026-07-14 08:00:00,1.74,56.8,38.4,157.6,0.0,RUNNING
TEL-12246,MCH-STABILIZER-01,2026-07-14 08:00:00,1.5,54.7,38.2,154.7,0.0,RUNNING
TEL-12247,MCH-TESTING-01,2026-07-14 08:00:00,1.2,54.1,37.1,158.5,0.0,RUNNING
TEL-12248,MCH-COILING-01,2026-07-14 09:00:00,1.84,54.5,37.0,158.1,1461.6,RUNNING
TEL-12249,MCH-COILING-02,2026-07-14 09:00:00,1.53,55.1,38.5,159.6,1438.3,RUNNING
TEL-12250,MCH-HEATTREAT-01,2026-07-14 09:00:00,1.16,850.3,36.7,160.8,0.0,RUNNING
TEL-12251,MCH-TEMPERING-01,2026-07-14 09:00:00,1.07,53.1,34.6,159.8,0.0,IDLE
TEL-12252,MCH-SHOTPEEN-01,2026-07-14 09:00:00,1.7,52.4,38.4,155.8,0.0,RUNNING
TEL-12253,MCH-STABILIZER-01,2026-07-14 09:00:00,1.59,53.9,36.2,155.5,0.0,RUNNING
TEL-12254,MCH-TESTING-01,2026-07-14 09:00:00,1.54,50.5,37.2,156.6,0.0,RUNNING
TEL-12255,MCH-COILING-01,2026-07-14 10:00:00,2.15,55.0,38.9,156.6,1454.7,RUNNING
TEL-12256,MCH-COILING-02,2026-07-14 10:00:00,1.22,54.9,36.5,154.3,1445.3,RUNNING
TEL-12257,MCH-HEATTREAT-01,2026-07-14 10:00:00,1.1,855.2,37.1,159.5,0.0,RUNNING
TEL-12258,MCH-TEMPERING-01,2026-07-14 10:00:00,0.85,52.1,36.8,158.5,0.0,RUNNING
TEL-12259,MCH-SHOTPEEN-01,2026-07-14 10:00:00,1.69,52.4,38.4,153.6,0.0,RUNNING
TEL-12260,MCH-STABILIZER-01,2026-07-14 10:00:00,1.46,51.9,37.6,159.7,0.0,RUNNING
TEL-12261,MCH-TESTING-01,2026-07-14 10:00:00,1.36,54.3,35.7,159.6,0.0,RUNNING
TEL-12262,MCH-COILING-01,2026-07-14 11:00:00,2.09,56.0,37.1,155.5,1462.7,RUNNING
TEL-12263,MCH-COILING-02,2026-07-14 11:00:00,1.55,54.6,36.8,155.2,1452.6,RUNNING
TEL-12264,MCH-HEATTREAT-01,2026-07-14 11:00:00,1.17,850.6,37.1,161.3,0.0,RUNNING
TEL-12265,MCH-TEMPERING-01,2026-07-14 11:00:00,0.91,51.8,34.4,160.1,0.0,RUNNING
TEL-12266,MCH-SHOTPEEN-01,2026-07-14 11:00:00,1.71,57.3,37.6,159.0,0.0,RUNNING
TEL-12267,MCH-STABILIZER-01,2026-07-14 11:00:00,1.63,52.2,36.3,154.7,0.0,RUNNING
TEL-12268,MCH-TESTING-01,2026-07-14 11:00:00,1.38,54.4,37.8,154.8,0.0,RUNNING
TEL-12269,MCH-COILING-01,2026-07-14 12:00:00,1.94,51.2,38.1,153.9,1453.9,RUNNING
TEL-12270,MCH-COILING-02,2026-07-14 12:00:00,1.51,49.9,36.8,155.4,1453.9,RUNNING
TEL-12271,MCH-HEATTREAT-01,2026-07-14 12:00:00,1.07,851.7,35.6,157.0,0.0,RUNNING
TEL-12272,MCH-TEMPERING-01,2026-07-14 12:00:00,0.93,48.7,34.5,159.1,0.0,RUNNING
TEL-12273,MCH-SHOTPEEN-01,2026-07-14 12:00:00,1.59,52.5,38.6,155.7,0.0,RUNNING
TEL-12274,MCH-STABILIZER-01,2026-07-14 12:00:00,1.4,55.3,37.7,157.8,0.0,RUNNING
TEL-12275,MCH-TESTING-01,2026-07-14 12:00:00,1.36,49.6,38.0,159.0,0.0,RUNNING
TEL-12276,MCH-COILING-01,2026-07-14 13:00:00,2.16,56.8,39.1,156.9,1463.0,RUNNING
TEL-12277,MCH-COILING-02,2026-07-14 13:00:00,1.53,49.7,38.4,158.3,1442.9,RUNNING
TEL-12278,MCH-HEATTREAT-01,2026-07-14 13:00:00,0.91,851.8,34.7,156.9,0.0,RUNNING
TEL-12279,MCH-TEMPERING-01,2026-07-14 13:00:00,0.98,52.9,35.0,161.6,0.0,RUNNING
TEL-12280,MCH-SHOTPEEN-01,2026-07-14 13:00:00,1.66,57.5,37.8,154.3,0.0,RUNNING
TEL-12281,MCH-STABILIZER-01,2026-07-14 13:00:00,1.6,54.1,35.9,155.2,0.0,RUNNING
TEL-12282,MCH-TESTING-01,2026-07-14 13:00:00,1.23,51.8,37.8,160.5,0.0,RUNNING
TEL-12283,MCH-COILING-01,2026-07-14 14:00:00,1.97,54.3,39.1,155.7,1440.7,RUNNING
TEL-12284,MCH-COILING-02,2026-07-14 14:00:00,1.57,53.1,36.5,157.8,1456.8,RUNNING
TEL-12285,MCH-HEATTREAT-01,2026-07-14 14:00:00,1.06,849.1,37.0,157.9,0.0,IDLE
TEL-12286,MCH-TEMPERING-01,2026-07-14 14:00:00,1.17,49.7,35.3,156.4,0.0,RUNNING
TEL-12287,MCH-SHOTPEEN-01,2026-07-14 14:00:00,1.75,56.8,37.6,156.2,0.0,RUNNING
TEL-12288,MCH-STABILIZER-01,2026-07-14 14:00:00,1.6,54.5,37.2,157.3,0.0,RUNNING
TEL-12289,MCH-TESTING-01,2026-07-14 14:00:00,1.17,54.4,37.3,159.9,0.0,RUNNING
TEL-12290,MCH-COILING-01,2026-07-14 15:00:00,2.02,56.2,36.5,154.6,1450.6,RUNNING
TEL-12291,MCH-COILING-02,2026-07-14 15:00:00,1.28,53.1,37.8,157.2,1456.9,RUNNING
TEL-12292,MCH-HEATTREAT-01,2026-07-14 15:00:00,0.93,851.6,36.9,161.4,0.0,RUNNING
TEL-12293,MCH-TEMPERING-01,2026-07-14 15:00:00,1.19,52.4,34.9,160.2,0.0,RUNNING
TEL-12294,MCH-SHOTPEEN-01,2026-07-14 15:00:00,1.49,52.9,38.7,158.8,0.0,IDLE
TEL-12295,MCH-STABILIZER-01,2026-07-14 15:00:00,1.55,53.5,37.8,156.8,0.0,RUNNING
TEL-12296,MCH-TESTING-01,2026-07-14 15:00:00,1.54,52.0,37.5,157.1,0.0,RUNNING
TEL-12297,MCH-COILING-01,2026-07-14 16:00:00,1.88,53.4,38.5,154.3,1458.8,RUNNING
TEL-12298,MCH-COILING-02,2026-07-14 16:00:00,1.22,53.1,35.9,159.3,1440.4,RUNNING
TEL-12299,MCH-HEATTREAT-01,2026-07-14 16:00:00,0.96,849.9,37.4,160.2,0.0,RUNNING
TEL-12300,MCH-TEMPERING-01,2026-07-14 16:00:00,0.85,49.0,37.4,161.7,0.0,RUNNING
TEL-12301,MCH-SHOTPEEN-01,2026-07-14 16:00:00,1.64,52.4,36.7,157.0,0.0,RUNNING
TEL-12302,MCH-STABILIZER-01,2026-07-14 16:00:00,1.26,53.4,36.7,156.6,0.0,RUNNING
TEL-12303,MCH-TESTING-01,2026-07-14 16:00:00,1.38,49.3,37.1,159.3,0.0,RUNNING
TEL-12304,MCH-COILING-01,2026-07-14 17:00:00,1.96,54.8,37.0,156.7,1435.5,RUNNING
TEL-12305,MCH-COILING-02,2026-07-14 17:00:00,1.57,49.8,36.6,154.5,1453.2,RUNNING
TEL-12306,MCH-HEATTREAT-01,2026-07-14 17:00:00,1.1,852.3,37.3,159.7,0.0,RUNNING
TEL-12307,MCH-TEMPERING-01,2026-07-14 17:00:00,1.04,48.8,34.8,161.4,0.0,RUNNING
TEL-12308,MCH-SHOTPEEN-01,2026-07-14 17:00:00,1.77,54.8,38.3,156.9,0.0,RUNNING
TEL-12309,MCH-STABILIZER-01,2026-07-14 17:00:00,1.41,53.3,37.0,159.1,0.0,RUNNING
TEL-12310,MCH-TESTING-01,2026-07-14 17:00:00,1.42,51.9,36.4,155.7,0.0,RUNNING
TEL-12311,MCH-COILING-01,2026-07-14 18:00:00,1.95,53.3,36.7,158.1,1454.7,IDLE
TEL-12312,MCH-COILING-02,2026-07-14 18:00:00,1.46,51.3,37.9,160.1,1436.9,RUNNING
TEL-12313,MCH-HEATTREAT-01,2026-07-14 18:00:00,1.22,852.0,36.0,158.4,0.0,RUNNING
TEL-12314,MCH-TEMPERING-01,2026-07-14 18:00:00,1.09,52.8,35.9,160.4,0.0,RUNNING
TEL-12315,MCH-SHOTPEEN-01,2026-07-14 18:00:00,1.81,53.5,38.2,156.0,0.0,RUNNING
TEL-12316,MCH-STABILIZER-01,2026-07-14 18:00:00,1.55,53.2,37.7,154.2,0.0,RUNNING
TEL-12317,MCH-TESTING-01,2026-07-14 18:00:00,1.41,54.2,36.5,158.8,0.0,RUNNING
TEL-12318,MCH-COILING-01,2026-07-14 19:00:00,2.05,56.4,38.4,155.8,1456.8,RUNNING
TEL-12319,MCH-COILING-02,2026-07-14 19:00:00,1.4,49.8,37.6,155.3,1462.0,RUNNING
TEL-12320,MCH-HEATTREAT-01,2026-07-14 19:00:00,1.13,854.4,35.2,157.2,0.0,RUNNING
TEL-12321,MCH-TEMPERING-01,2026-07-14 19:00:00,1.02,49.4,34.8,161.0,0.0,RUNNING
TEL-12322,MCH-SHOTPEEN-01,2026-07-14 19:00:00,1.55,53.0,39.3,157.1,0.0,RUNNING
TEL-12323,MCH-STABILIZER-01,2026-07-14 19:00:00,1.57,54.8,38.2,155.5,0.0,RUNNING
TEL-12324,MCH-TESTING-01,2026-07-14 19:00:00,1.36,54.9,37.1,155.3,0.0,RUNNING
TEL-12325,MCH-COILING-01,2026-07-14 20:00:00,1.89,55.2,38.9,154.6,1457.8,RUNNING
TEL-12326,MCH-COILING-02,2026-07-14 20:00:00,1.59,50.7,38.4,156.6,1464.1,RUNNING
TEL-12327,MCH-HEATTREAT-01,2026-07-14 20:00:00,1.21,850.3,36.5,158.2,0.0,RUNNING
TEL-12328,MCH-TEMPERING-01,2026-07-14 20:00:00,1.11,47.5,37.0,161.7,0.0,RUNNING
TEL-12329,MCH-SHOTPEEN-01,2026-07-14 20:00:00,1.76,53.8,36.5,156.9,0.0,RUNNING
TEL-12330,MCH-STABILIZER-01,2026-07-14 20:00:00,1.62,55.9,37.3,154.3,0.0,RUNNING
TEL-12331,MCH-TESTING-01,2026-07-14 20:00:00,1.33,53.4,37.8,156.0,0.0,RUNNING
TEL-12332,MCH-COILING-01,2026-07-14 21:00:00,2.04,51.6,38.2,156.5,1452.3,RUNNING
TEL-12333,MCH-COILING-02,2026-07-14 21:00:00,1.26,52.7,37.1,154.6,1450.6,RUNNING
TEL-12334,MCH-HEATTREAT-01,2026-07-14 21:00:00,1.07,850.6,34.5,161.2,0.0,RUNNING
TEL-12335,MCH-TEMPERING-01,2026-07-14 21:00:00,0.96,49.0,35.8,158.1,0.0,RUNNING
TEL-12336,MCH-SHOTPEEN-01,2026-07-14 21:00:00,1.52,56.2,37.5,158.4,0.0,RUNNING
TEL-12337,MCH-STABILIZER-01,2026-07-14 21:00:00,1.42,55.2,37.2,155.6,0.0,RUNNING
TEL-12338,MCH-TESTING-01,2026-07-14 21:00:00,1.48,49.3,38.2,156.3,0.0,RUNNING
TEL-12339,MCH-COILING-01,2026-07-14 22:00:00,2.06,55.0,36.5,159.2,1458.8,IDLE
TEL-12340,MCH-COILING-02,2026-07-14 22:00:00,1.36,52.5,37.5,160.0,1438.7,RUNNING
TEL-12341,MCH-HEATTREAT-01,2026-07-14 22:00:00,1.02,849.2,36.6,156.9,0.0,RUNNING
TEL-12342,MCH-TEMPERING-01,2026-07-14 22:00:00,0.95,47.7,36.9,159.3,0.0,RUNNING
TEL-12343,MCH-SHOTPEEN-01,2026-07-14 22:00:00,1.61,52.5,36.8,155.0,0.0,RUNNING
TEL-12344,MCH-STABILIZER-01,2026-07-14 22:00:00,1.56,52.5,35.8,156.1,0.0,RUNNING
TEL-12345,MCH-TESTING-01,2026-07-14 22:00:00,1.34,54.2,36.7,157.3,0.0,RUNNING
TEL-12346,MCH-COILING-01,2026-07-14 23:00:00,1.85,54.0,37.2,155.5,1457.2,RUNNING
TEL-12347,MCH-COILING-02,2026-07-14 23:00:00,1.43,51.8,37.4,160.1,1458.9,RUNNING
TEL-12348,MCH-HEATTREAT-01,2026-07-14 23:00:00,1.12,852.8,34.9,156.9,0.0,RUNNING
TEL-12349,MCH-TEMPERING-01,2026-07-14 23:00:00,1.2,53.2,36.8,158.7,0.0,RUNNING
TEL-12350,MCH-SHOTPEEN-01,2026-07-14 23:00:00,1.53,57.0,39.1,153.3,0.0,RUNNING
TEL-12351,MCH-STABILIZER-01,2026-07-14 23:00:00,1.38,51.2,37.6,155.6,0.0,RUNNING
TEL-12352,MCH-TESTING-01,2026-07-14 23:00:00,1.19,54.7,38.0,159.6,0.0,RUNNING
TEL-12353,MCH-COILING-01,2026-07-15 00:00:00,2.16,55.6,36.7,154.3,1443.3,RUNNING
TEL-12354,MCH-COILING-02,2026-07-15 00:00:00,1.52,50.6,38.4,159.3,1452.3,RUNNING
TEL-12355,MCH-HEATTREAT-01,2026-07-15 00:00:00,1.01,854.3,36.4,159.1,0.0,RUNNING
TEL-12356,MCH-TEMPERING-01,2026-07-15 00:00:00,1.13,51.9,37.0,156.2,0.0,RUNNING
TEL-12357,MCH-SHOTPEEN-01,2026-07-15 00:00:00,1.89,58.0,39.5,155.2,0.0,RUNNING
TEL-12358,MCH-STABILIZER-01,2026-07-15 00:00:00,1.42,51.4,38.4,157.6,0.0,RUNNING
TEL-12359,MCH-TESTING-01,2026-07-15 00:00:00,1.34,50.1,38.3,154.7,0.0,RUNNING
TEL-12360,MCH-COILING-01,2026-07-15 01:00:00,1.87,52.2,37.4,157.6,1450.9,RUNNING
TEL-12361,MCH-COILING-02,2026-07-15 01:00:00,1.41,56.3,38.2,155.1,1443.8,RUNNING
TEL-12362,MCH-HEATTREAT-01,2026-07-15 01:00:00,1.13,851.2,34.9,156.5,0.0,RUNNING
TEL-12363,MCH-TEMPERING-01,2026-07-15 01:00:00,1.24,49.8,36.4,156.4,0.0,RUNNING
TEL-12364,MCH-SHOTPEEN-01,2026-07-15 01:00:00,1.62,52.5,36.7,156.0,0.0,RUNNING
TEL-12365,MCH-STABILIZER-01,2026-07-15 01:00:00,1.57,56.6,38.7,157.1,0.0,RUNNING
TEL-12366,MCH-TESTING-01,2026-07-15 01:00:00,1.24,53.3,36.7,154.5,0.0,RUNNING
TEL-12367,MCH-COILING-01,2026-07-15 02:00:00,1.93,56.8,39.4,155.2,1446.4,RUNNING
TEL-12368,MCH-COILING-02,2026-07-15 02:00:00,1.63,55.0,35.9,159.4,1456.5,RUNNING
TEL-12369,MCH-HEATTREAT-01,2026-07-15 02:00:00,1.12,854.9,36.6,160.4,0.0,RUNNING
TEL-12370,MCH-TEMPERING-01,2026-07-15 02:00:00,1.06,50.7,35.2,156.6,0.0,RUNNING
TEL-12371,MCH-SHOTPEEN-01,2026-07-15 02:00:00,1.77,55.5,37.8,157.3,0.0,RUNNING
TEL-12372,MCH-STABILIZER-01,2026-07-15 02:00:00,1.7,52.3,36.3,158.0,0.0,RUNNING
TEL-12373,MCH-TESTING-01,2026-07-15 02:00:00,1.25,52.5,35.7,155.1,0.0,RUNNING
TEL-12374,MCH-COILING-01,2026-07-15 03:00:00,2.05,54.9,37.2,154.1,1453.6,RUNNING
TEL-12375,MCH-COILING-02,2026-07-15 03:00:00,1.6,50.8,37.2,157.4,1447.4,RUNNING
TEL-12376,MCH-HEATTREAT-01,2026-07-15 03:00:00,1.32,853.3,37.7,156.1,0.0,RUNNING
TEL-12377,MCH-TEMPERING-01,2026-07-15 03:00:00,1.35,48.8,37.5,159.3,0.0,IDLE
TEL-12378,MCH-SHOTPEEN-01,2026-07-15 03:00:00,1.83,57.6,36.8,153.0,0.0,IDLE
TEL-12379,MCH-STABILIZER-01,2026-07-15 03:00:00,1.51,56.5,38.9,157.0,0.0,RUNNING
TEL-12380,MCH-TESTING-01,2026-07-15 03:00:00,1.37,52.1,37.9,158.1,0.0,RUNNING
TEL-12381,MCH-COILING-01,2026-07-15 04:00:00,2.09,56.4,37.4,154.8,1460.3,RUNNING
TEL-12382,MCH-COILING-02,2026-07-15 04:00:00,1.41,55.7,36.3,158.7,1448.9,IDLE
TEL-12383,MCH-HEATTREAT-01,2026-07-15 04:00:00,1.0,850.3,35.2,160.1,0.0,RUNNING
TEL-12384,MCH-TEMPERING-01,2026-07-15 04:00:00,1.05,53.0,37.0,157.9,0.0,RUNNING
TEL-12385,MCH-SHOTPEEN-01,2026-07-15 04:00:00,1.73,53.7,39.5,155.6,0.0,RUNNING
TEL-12386,MCH-STABILIZER-01,2026-07-15 04:00:00,1.38,50.7,36.4,158.0,0.0,RUNNING
TEL-12387,MCH-TESTING-01,2026-07-15 04:00:00,1.23,53.2,38.1,155.1,0.0,RUNNING
TEL-12388,MCH-COILING-01,2026-07-15 05:00:00,1.88,51.9,37.9,155.6,1438.0,RUNNING
TEL-12389,MCH-COILING-02,2026-07-15 05:00:00,1.6,52.4,38.8,158.7,1443.6,RUNNING
TEL-12390,MCH-HEATTREAT-01,2026-07-15 05:00:00,1.36,853.1,35.5,157.8,0.0,RUNNING
TEL-12391,MCH-TEMPERING-01,2026-07-15 05:00:00,1.05,47.9,36.1,157.6,0.0,RUNNING
TEL-12392,MCH-SHOTPEEN-01,2026-07-15 05:00:00,1.82,54.9,38.8,156.3,0.0,RUNNING
TEL-12393,MCH-STABILIZER-01,2026-07-15 05:00:00,1.44,54.3,37.1,159.6,0.0,RUNNING
TEL-12394,MCH-TESTING-01,2026-07-15 05:00:00,1.5,53.3,36.0,159.3,0.0,RUNNING
TEL-12395,MCH-COILING-01,2026-07-15 06:00:00,2.22,56.8,39.0,155.8,1439.5,RUNNING
TEL-12396,MCH-COILING-02,2026-07-15 06:00:00,1.34,51.8,36.3,159.0,1435.6,RUNNING
TEL-12397,MCH-HEATTREAT-01,2026-07-15 06:00:00,1.09,852.6,35.2,161.2,0.0,RUNNING
TEL-12398,MCH-TEMPERING-01,2026-07-15 06:00:00,0.98,48.2,35.2,158.1,0.0,RUNNING
TEL-12399,MCH-SHOTPEEN-01,2026-07-15 06:00:00,1.73,57.9,36.8,157.2,0.0,RUNNING
TEL-12400,MCH-STABILIZER-01,2026-07-15 06:00:00,1.45,55.6,37.7,158.5,0.0,RUNNING
TEL-12401,MCH-TESTING-01,2026-07-15 06:00:00,1.47,54.0,37.6,157.9,0.0,RUNNING
TEL-12402,MCH-COILING-01,2026-07-15 07:00:00,2.12,55.9,37.3,154.2,1442.7,RUNNING
TEL-12403,MCH-COILING-02,2026-07-15 07:00:00,1.33,54.1,37.9,157.4,1449.9,RUNNING
TEL-12404,MCH-HEATTREAT-01,2026-07-15 07:00:00,1.29,853.3,36.3,156.8,0.0,RUNNING
TEL-12405,MCH-TEMPERING-01,2026-07-15 07:00:00,1.15,50.7,35.2,158.0,0.0,RUNNING
TEL-12406,MCH-SHOTPEEN-01,2026-07-15 07:00:00,1.85,52.6,39.4,158.4,0.0,RUNNING
TEL-12407,MCH-STABILIZER-01,2026-07-15 07:00:00,1.55,56.8,37.5,157.0,0.0,RUNNING
TEL-12408,MCH-TESTING-01,2026-07-15 07:00:00,1.52,54.3,36.8,155.7,0.0,RUNNING
TEL-12409,MCH-COILING-01,2026-07-15 08:00:00,2.06,55.1,37.2,156.5,1438.4,RUNNING
TEL-12410,MCH-COILING-02,2026-07-15 08:00:00,1.63,50.7,38.4,155.4,1461.5,RUNNING
TEL-12411,MCH-HEATTREAT-01,2026-07-15 08:00:00,1.36,850.8,35.5,155.7,0.0,RUNNING
TEL-12412,MCH-TEMPERING-01,2026-07-15 08:00:00,1.33,53.3,35.1,157.9,0.0,RUNNING
TEL-12413,MCH-SHOTPEEN-01,2026-07-15 08:00:00,1.81,56.2,38.6,156.7,0.0,RUNNING
TEL-12414,MCH-STABILIZER-01,2026-07-15 08:00:00,1.7,56.5,37.7,159.4,0.0,RUNNING
TEL-12415,MCH-TESTING-01,2026-07-15 08:00:00,1.34,54.0,37.4,157.5,0.0,RUNNING
TEL-12416,MCH-COILING-01,2026-07-15 09:00:00,2.25,55.1,39.1,158.5,1437.5,RUNNING
TEL-12417,MCH-COILING-02,2026-07-15 09:00:00,1.32,55.7,37.4,157.4,1443.7,RUNNING
TEL-12418,MCH-HEATTREAT-01,2026-07-15 09:00:00,0.99,855.2,35.1,158.7,0.0,RUNNING
TEL-12419,MCH-TEMPERING-01,2026-07-15 09:00:00,1.07,51.3,35.3,156.2,0.0,RUNNING
TEL-12420,MCH-SHOTPEEN-01,2026-07-15 09:00:00,1.9,55.3,38.9,154.1,0.0,RUNNING
TEL-12421,MCH-STABILIZER-01,2026-07-15 09:00:00,1.75,53.0,38.9,156.8,0.0,RUNNING
TEL-12422,MCH-TESTING-01,2026-07-15 09:00:00,1.2,52.9,36.8,156.3,0.0,RUNNING
TEL-12423,MCH-COILING-01,2026-07-15 10:00:00,2.19,52.5,36.9,156.5,1444.0,RUNNING
TEL-12424,MCH-COILING-02,2026-07-15 10:00:00,1.62,54.6,38.7,156.9,1450.0,RUNNING
TEL-12425,MCH-HEATTREAT-01,2026-07-15 10:00:00,1.09,850.9,36.9,158.8,0.0,RUNNING
TEL-12426,MCH-TEMPERING-01,2026-07-15 10:00:00,1.15,52.7,36.6,161.5,0.0,RUNNING
TEL-12427,MCH-SHOTPEEN-01,2026-07-15 10:00:00,1.74,56.1,37.5,156.2,0.0,RUNNING
TEL-12428,MCH-STABILIZER-01,2026-07-15 10:00:00,1.41,56.5,36.3,157.1,0.0,RUNNING
TEL-12429,MCH-TESTING-01,2026-07-15 10:00:00,1.36,52.6,37.2,155.9,0.0,RUNNING
TEL-12430,MCH-COILING-01,2026-07-15 11:00:00,2.13,56.6,38.0,154.5,1456.7,RUNNING
TEL-12431,MCH-COILING-02,2026-07-15 11:00:00,1.62,53.2,38.3,158.7,1455.1,RUNNING
TEL-12432,MCH-HEATTREAT-01,2026-07-15 11:00:00,1.1,850.2,36.7,158.0,0.0,RUNNING
TEL-12433,MCH-TEMPERING-01,2026-07-15 11:00:00,1.3,50.2,36.5,159.8,0.0,RUNNING
TEL-12434,MCH-SHOTPEEN-01,2026-07-15 11:00:00,1.72,53.7,38.2,153.6,0.0,RUNNING
TEL-12435,MCH-STABILIZER-01,2026-07-15 11:00:00,1.42,52.8,37.2,154.6,0.0,RUNNING
TEL-12436,MCH-TESTING-01,2026-07-15 11:00:00,1.42,51.0,37.4,156.1,0.0,RUNNING
TEL-12437,MCH-COILING-01,2026-07-15 12:00:00,1.86,57.6,39.3,157.8,1443.0,RUNNING
TEL-12438,MCH-COILING-02,2026-07-15 12:00:00,1.59,51.7,36.0,156.4,1464.6,RUNNING
TEL-12439,MCH-HEATTREAT-01,2026-07-15 12:00:00,1.04,856.3,36.4,159.0,0.0,RUNNING
TEL-12440,MCH-TEMPERING-01,2026-07-15 12:00:00,0.98,53.2,35.1,155.9,0.0,RUNNING
TEL-12441,MCH-SHOTPEEN-01,2026-07-15 12:00:00,1.59,57.8,39.7,154.2,0.0,RUNNING
TEL-12442,MCH-STABILIZER-01,2026-07-15 12:00:00,1.75,54.8,36.6,158.5,0.0,RUNNING
TEL-12443,MCH-TESTING-01,2026-07-15 12:00:00,1.35,50.9,37.0,156.9,0.0,IDLE
TEL-12444,MCH-COILING-01,2026-07-15 13:00:00,1.93,52.9,39.1,155.1,1450.3,RUNNING
TEL-12445,MCH-COILING-02,2026-07-15 13:00:00,1.62,54.8,38.6,156.0,1463.7,RUNNING
TEL-12446,MCH-HEATTREAT-01,2026-07-15 13:00:00,1.18,851.6,36.7,158.0,0.0,RUNNING
TEL-12447,MCH-TEMPERING-01,2026-07-15 13:00:00,1.32,52.3,35.6,160.2,0.0,RUNNING
TEL-12448,MCH-SHOTPEEN-01,2026-07-15 13:00:00,1.88,55.0,38.9,158.1,0.0,RUNNING
TEL-12449,MCH-STABILIZER-01,2026-07-15 13:00:00,1.39,54.0,38.2,157.2,0.0,RUNNING
TEL-12450,MCH-TESTING-01,2026-07-15 13:00:00,1.41,49.7,37.2,159.9,0.0,IDLE
TEL-12451,MCH-COILING-01,2026-07-15 14:00:00,2.02,56.7,36.8,154.8,1448.3,RUNNING
TEL-12452,MCH-COILING-02,2026-07-15 14:00:00,1.65,50.9,36.6,155.8,1440.5,RUNNING
TEL-12453,MCH-HEATTREAT-01,2026-07-15 14:00:00,1.13,851.6,36.1,159.4,0.0,RUNNING
TEL-12454,MCH-TEMPERING-01,2026-07-15 14:00:00,1.34,52.3,36.6,159.6,0.0,RUNNING
TEL-12455,MCH-SHOTPEEN-01,2026-07-15 14:00:00,1.67,55.2,38.4,156.8,0.0,RUNNING
TEL-12456,MCH-STABILIZER-01,2026-07-15 14:00:00,1.49,54.4,39.0,158.4,0.0,IDLE
TEL-12457,MCH-TESTING-01,2026-07-15 14:00:00,1.24,50.3,37.3,155.5,0.0,RUNNING
TEL-12458,MCH-COILING-01,2026-07-15 15:00:00,2.17,57.8,37.1,158.7,1461.7,IDLE
TEL-12459,MCH-COILING-02,2026-07-15 15:00:00,1.36,53.3,37.2,158.2,1441.8,RUNNING
TEL-12460,MCH-HEATTREAT-01,2026-07-15 15:00:00,1.28,853.5,36.0,157.9,0.0,RUNNING
TEL-12461,MCH-TEMPERING-01,2026-07-15 15:00:00,1.36,52.0,35.1,158.9,0.0,RUNNING
TEL-12462,MCH-SHOTPEEN-01,2026-07-15 15:00:00,1.79,54.4,36.7,152.8,0.0,RUNNING
TEL-12463,MCH-STABILIZER-01,2026-07-15 15:00:00,1.59,55.9,37.0,159.4,0.0,RUNNING
TEL-12464,MCH-TESTING-01,2026-07-15 15:00:00,1.21,55.4,38.5,158.5,0.0,RUNNING
TEL-12465,MCH-COILING-01,2026-07-15 16:00:00,2.22,56.9,38.2,155.7,1447.3,RUNNING
TEL-12466,MCH-COILING-02,2026-07-15 16:00:00,1.48,51.3,38.4,159.4,1444.4,RUNNING
TEL-12467,MCH-HEATTREAT-01,2026-07-15 16:00:00,1.17,852.7,36.5,155.6,0.0,RUNNING
TEL-12468,MCH-TEMPERING-01,2026-07-15 16:00:00,1.35,52.8,37.7,156.6,0.0,RUNNING
TEL-12469,MCH-SHOTPEEN-01,2026-07-15 16:00:00,1.79,54.7,37.4,157.4,0.0,RUNNING
TEL-12470,MCH-STABILIZER-01,2026-07-15 16:00:00,1.52,53.1,36.5,157.4,0.0,RUNNING
TEL-12471,MCH-TESTING-01,2026-07-15 16:00:00,1.32,51.3,35.9,158.2,0.0,RUNNING
TEL-12472,MCH-COILING-01,2026-07-15 17:00:00,1.99,57.3,36.4,158.7,1447.8,RUNNING
TEL-12473,MCH-COILING-02,2026-07-15 17:00:00,1.36,51.2,36.5,158.4,1448.6,RUNNING
TEL-12474,MCH-HEATTREAT-01,2026-07-15 17:00:00,1.17,854.1,35.8,156.2,0.0,RUNNING
TEL-12475,MCH-TEMPERING-01,2026-07-15 17:00:00,1.0,48.0,35.1,157.2,0.0,RUNNING
TEL-12476,MCH-SHOTPEEN-01,2026-07-15 17:00:00,1.58,57.9,39.2,157.6,0.0,RUNNING
TEL-12477,MCH-STABILIZER-01,2026-07-15 17:00:00,1.68,54.8,39.1,153.6,0.0,RUNNING
TEL-12478,MCH-TESTING-01,2026-07-15 17:00:00,1.4,50.1,37.3,160.3,0.0,RUNNING
TEL-12479,MCH-COILING-01,2026-07-15 18:00:00,2.05,54.9,37.0,153.6,1452.3,RUNNING
TEL-12480,MCH-COILING-02,2026-07-15 18:00:00,1.45,56.3,38.6,159.4,1443.2,RUNNING
TEL-12481,MCH-HEATTREAT-01,2026-07-15 18:00:00,1.27,855.0,37.4,159.3,0.0,RUNNING
TEL-12482,MCH-TEMPERING-01,2026-07-15 18:00:00,1.03,48.5,35.3,156.7,0.0,RUNNING
TEL-12483,MCH-SHOTPEEN-01,2026-07-15 18:00:00,1.84,57.7,37.7,155.3,0.0,RUNNING
TEL-12484,MCH-STABILIZER-01,2026-07-15 18:00:00,1.65,56.2,37.7,156.4,0.0,RUNNING
TEL-12485,MCH-TESTING-01,2026-07-15 18:00:00,1.52,50.5,38.5,160.1,0.0,RUNNING
TEL-12486,MCH-COILING-01,2026-07-15 19:00:00,1.91,55.7,38.5,154.5,1444.7,RUNNING
TEL-12487,MCH-COILING-02,2026-07-15 19:00:00,1.63,56.6,36.7,154.0,1463.3,RUNNING
TEL-12488,MCH-HEATTREAT-01,2026-07-15 19:00:00,1.24,851.7,36.3,159.9,0.0,RUNNING
TEL-12489,MCH-TEMPERING-01,2026-07-15 19:00:00,1.31,48.3,35.2,156.6,0.0,RUNNING
TEL-12490,MCH-SHOTPEEN-01,2026-07-15 19:00:00,1.94,53.8,38.3,157.3,0.0,RUNNING
TEL-12491,MCH-STABILIZER-01,2026-07-15 19:00:00,1.56,56.7,38.3,159.5,0.0,RUNNING
TEL-12492,MCH-TESTING-01,2026-07-15 19:00:00,1.55,52.0,36.1,158.4,0.0,RUNNING
TEL-12493,MCH-COILING-01,2026-07-15 20:00:00,2.13,52.4,36.9,154.3,1460.0,RUNNING
TEL-12494,MCH-COILING-02,2026-07-15 20:00:00,1.58,55.6,38.6,156.0,1435.4,RUNNING
TEL-12495,MCH-HEATTREAT-01,2026-07-15 20:00:00,1.3,850.3,37.2,161.2,0.0,RUNNING
TEL-12496,MCH-TEMPERING-01,2026-07-15 20:00:00,1.07,52.4,35.4,157.8,0.0,RUNNING
TEL-12497,MCH-SHOTPEEN-01,2026-07-15 20:00:00,1.94,54.1,38.3,157.7,0.0,RUNNING
TEL-12498,MCH-STABILIZER-01,2026-07-15 20:00:00,1.72,52.8,36.8,155.4,0.0,IDLE
TEL-12499,MCH-TESTING-01,2026-07-15 20:00:00,1.56,53.9,37.4,155.0,0.0,RUNNING
TEL-12500,MCH-COILING-01,2026-07-15 21:00:00,2.21,54.2,37.9,156.2,1437.0,RUNNING
TEL-12501,MCH-COILING-02,2026-07-15 21:00:00,1.71,52.1,36.7,157.8,1445.8,RUNNING
TEL-12502,MCH-HEATTREAT-01,2026-07-15 21:00:00,1.0,853.3,37.3,160.7,0.0,RUNNING
TEL-12503,MCH-TEMPERING-01,2026-07-15 21:00:00,1.16,51.8,36.2,160.2,0.0,RUNNING
TEL-12504,MCH-SHOTPEEN-01,2026-07-15 21:00:00,1.8,56.2,39.4,157.1,0.0,RUNNING
TEL-12505,MCH-STABILIZER-01,2026-07-15 21:00:00,1.62,51.4,37.7,159.4,0.0,RUNNING
TEL-12506,MCH-TESTING-01,2026-07-15 21:00:00,1.29,52.9,36.7,158.1,0.0,RUNNING
TEL-12507,MCH-COILING-01,2026-07-15 22:00:00,2.25,54.7,38.7,158.4,1457.9,RUNNING
TEL-12508,MCH-COILING-02,2026-07-15 22:00:00,1.43,56.7,37.4,158.0,1460.1,RUNNING
TEL-12509,MCH-HEATTREAT-01,2026-07-15 22:00:00,1.31,854.3,35.6,156.8,0.0,RUNNING
TEL-12510,MCH-TEMPERING-01,2026-07-15 22:00:00,1.31,54.2,36.4,161.2,0.0,RUNNING
TEL-12511,MCH-SHOTPEEN-01,2026-07-15 22:00:00,1.62,52.8,37.3,156.0,0.0,RUNNING
TEL-12512,MCH-STABILIZER-01,2026-07-15 22:00:00,1.54,54.0,36.8,158.3,0.0,RUNNING
TEL-12513,MCH-TESTING-01,2026-07-15 22:00:00,1.24,53.6,37.2,154.6,0.0,RUNNING
TEL-12514,MCH-COILING-01,2026-07-15 23:00:00,1.92,57.0,37.0,154.2,1461.0,RUNNING
TEL-12515,MCH-COILING-02,2026-07-15 23:00:00,1.6,53.9,36.6,154.7,1436.3,RUNNING
TEL-12516,MCH-HEATTREAT-01,2026-07-15 23:00:00,1.05,851.0,34.9,155.8,0.0,RUNNING
TEL-12517,MCH-TEMPERING-01,2026-07-15 23:00:00,1.15,50.3,35.0,155.6,0.0,RUNNING
TEL-12518,MCH-SHOTPEEN-01,2026-07-15 23:00:00,1.79,57.6,39.4,156.8,0.0,RUNNING
TEL-12519,MCH-STABILIZER-01,2026-07-15 23:00:00,1.41,54.2,38.5,154.7,0.0,RUNNING
TEL-12520,MCH-TESTING-01,2026-07-15 23:00:00,1.23,49.8,37.7,159.8,0.0,RUNNING
TEL-12521,MCH-COILING-01,2026-07-16 00:00:00,2.0,55.9,37.4,152.8,1437.1,RUNNING
TEL-12522,MCH-COILING-02,2026-07-16 00:00:00,1.5,50.8,39.0,155.1,1456.0,RUNNING
TEL-12523,MCH-HEATTREAT-01,2026-07-16 00:00:00,1.15,854.1,37.6,158.1,0.0,RUNNING
TEL-12524,MCH-TEMPERING-01,2026-07-16 00:00:00,1.23,54.1,35.7,158.2,0.0,RUNNING
TEL-12525,MCH-SHOTPEEN-01,2026-07-16 00:00:00,1.86,56.2,39.5,154.8,0.0,RUNNING
TEL-12526,MCH-STABILIZER-01,2026-07-16 00:00:00,1.6,57.8,38.8,155.4,0.0,RUNNING
TEL-12527,MCH-TESTING-01,2026-07-16 00:00:00,1.67,55.3,37.4,154.8,0.0,RUNNING
TEL-12528,MCH-COILING-01,2026-07-16 01:00:00,2.3,57.4,37.0,158.0,1456.8,RUNNING
TEL-12529,MCH-COILING-02,2026-07-16 01:00:00,1.48,51.0,37.2,156.9,1453.3,RUNNING
TEL-12530,MCH-HEATTREAT-01,2026-07-16 01:00:00,1.19,853.9,36.2,160.6,0.0,RUNNING
TEL-12531,MCH-TEMPERING-01,2026-07-16 01:00:00,1.4,51.7,36.9,160.1,0.0,RUNNING
TEL-12532,MCH-SHOTPEEN-01,2026-07-16 01:00:00,1.97,53.5,38.5,154.8,0.0,RUNNING
TEL-12533,MCH-STABILIZER-01,2026-07-16 01:00:00,1.71,51.8,37.8,154.1,0.0,RUNNING
TEL-12534,MCH-TESTING-01,2026-07-16 01:00:00,1.68,56.6,38.5,159.5,0.0,RUNNING
TEL-12535,MCH-COILING-01,2026-07-16 02:00:00,2.2,58.5,37.7,153.9,1462.6,RUNNING
TEL-12536,MCH-COILING-02,2026-07-16 02:00:00,1.63,56.3,37.3,154.3,1436.4,RUNNING
TEL-12537,MCH-HEATTREAT-01,2026-07-16 02:00:00,1.29,853.7,36.1,155.1,0.0,RUNNING
TEL-12538,MCH-TEMPERING-01,2026-07-16 02:00:00,1.36,51.1,36.4,157.2,0.0,RUNNING
TEL-12539,MCH-SHOTPEEN-01,2026-07-16 02:00:00,1.7,57.9,38.7,155.6,0.0,RUNNING
TEL-12540,MCH-STABILIZER-01,2026-07-16 02:00:00,1.8,52.3,38.0,157.2,0.0,RUNNING
TEL-12541,MCH-TESTING-01,2026-07-16 02:00:00,1.55,54.0,38.5,154.5,0.0,RUNNING
TEL-12542,MCH-COILING-01,2026-07-16 03:00:00,2.02,57.2,39.6,153.1,1464.6,IDLE
TEL-12543,MCH-COILING-02,2026-07-16 03:00:00,1.51,52.6,39.0,157.6,1436.6,RUNNING
TEL-12544,MCH-HEATTREAT-01,2026-07-16 03:00:00,1.18,851.0,37.4,157.0,0.0,RUNNING
TEL-12545,MCH-TEMPERING-01,2026-07-16 03:00:00,1.44,54.9,37.4,155.3,0.0,RUNNING
TEL-12546,MCH-SHOTPEEN-01,2026-07-16 03:00:00,1.62,53.1,37.3,154.9,0.0,RUNNING
TEL-12547,MCH-STABILIZER-01,2026-07-16 03:00:00,1.81,55.2,39.1,153.3,0.0,RUNNING
TEL-12548,MCH-TESTING-01,2026-07-16 03:00:00,1.46,55.4,38.6,154.4,0.0,RUNNING
TEL-12549,MCH-COILING-01,2026-07-16 04:00:00,2.06,56.8,37.3,157.8,1464.0,RUNNING
TEL-12550,MCH-COILING-02,2026-07-16 04:00:00,1.65,52.4,38.0,157.2,1436.0,RUNNING
TEL-12551,MCH-HEATTREAT-01,2026-07-16 04:00:00,1.5,854.0,37.6,159.0,0.0,RUNNING
TEL-12552,MCH-TEMPERING-01,2026-07-16 04:00:00,1.3,52.4,38.1,159.0,0.0,RUNNING
TEL-12553,MCH-SHOTPEEN-01,2026-07-16 04:00:00,1.77,52.7,37.6,156.8,0.0,RUNNING
TEL-12554,MCH-STABILIZER-01,2026-07-16 04:00:00,1.5,54.1,39.4,156.7,0.0,RUNNING
TEL-12555,MCH-TESTING-01,2026-07-16 04:00:00,1.6,50.2,37.9,157.4,0.0,IDLE
TEL-12556,MCH-COILING-01,2026-07-16 05:00:00,2.12,58.3,39.4,155.1,1450.2,RUNNING
TEL-12557,MCH-COILING-02,2026-07-16 05:00:00,1.68,51.1,37.8,157.3,1462.3,RUNNING
TEL-12558,MCH-HEATTREAT-01,2026-07-16 05:00:00,1.51,853.0,37.1,160.1,0.0,RUNNING
TEL-12559,MCH-TEMPERING-01,2026-07-16 05:00:00,1.26,53.8,36.0,157.0,0.0,RUNNING
TEL-12560,MCH-SHOTPEEN-01,2026-07-16 05:00:00,1.68,54.9,37.1,152.7,0.0,RUNNING
TEL-12561,MCH-STABILIZER-01,2026-07-16 05:00:00,1.72,55.3,38.4,155.3,0.0,RUNNING
TEL-12562,MCH-TESTING-01,2026-07-16 05:00:00,1.65,55.5,36.0,157.2,0.0,RUNNING
TEL-12563,MCH-COILING-01,2026-07-16 06:00:00,2.17,52.5,38.9,154.0,1449.4,RUNNING
TEL-12564,MCH-COILING-02,2026-07-16 06:00:00,1.65,55.4,39.0,157.5,1452.1,RUNNING
TEL-12565,MCH-HEATTREAT-01,2026-07-16 06:00:00,1.35,857.1,36.4,156.1,0.0,IDLE
TEL-12566,MCH-TEMPERING-01,2026-07-16 06:00:00,1.31,51.3,37.8,155.7,0.0,RUNNING
TEL-12567,MCH-SHOTPEEN-01,2026-07-16 06:00:00,1.71,56.6,39.4,152.8,0.0,RUNNING
TEL-12568,MCH-STABILIZER-01,2026-07-16 06:00:00,1.64,53.2,39.2,154.1,0.0,RUNNING
TEL-12569,MCH-TESTING-01,2026-07-16 06:00:00,1.5,51.3,36.0,155.1,0.0,RUNNING
TEL-12570,MCH-COILING-01,2026-07-16 07:00:00,2.26,53.1,39.1,154.4,1460.7,RUNNING
TEL-12571,MCH-COILING-02,2026-07-16 07:00:00,1.67,50.9,36.2,158.9,1447.7,RUNNING
TEL-12572,MCH-HEATTREAT-01,2026-07-16 07:00:00,1.26,850.9,37.6,158.0,0.0,RUNNING
TEL-12573,MCH-TEMPERING-01,2026-07-16 07:00:00,1.32,50.4,35.7,160.2,0.0,RUNNING
TEL-12574,MCH-SHOTPEEN-01,2026-07-16 07:00:00,1.78,53.9,37.3,157.9,0.0,RUNNING
TEL-12575,MCH-STABILIZER-01,2026-07-16 07:00:00,1.76,57.8,39.3,155.7,0.0,RUNNING
TEL-12576,MCH-TESTING-01,2026-07-16 07:00:00,1.69,53.7,38.8,156.6,0.0,RUNNING
TEL-12577,MCH-COILING-01,2026-07-16 08:00:00,2.32,52.7,38.5,156.1,1447.7,RUNNING
TEL-12578,MCH-COILING-02,2026-07-16 08:00:00,1.4,56.9,36.8,157.5,1461.5,RUNNING
TEL-12579,MCH-HEATTREAT-01,2026-07-16 08:00:00,1.47,851.8,36.4,157.9,0.0,RUNNING
TEL-12580,MCH-TEMPERING-01,2026-07-16 08:00:00,1.3,51.8,35.4,158.4,0.0,IDLE
TEL-12581,MCH-SHOTPEEN-01,2026-07-16 08:00:00,1.8,53.1,38.0,153.3,0.0,RUNNING
TEL-12582,MCH-STABILIZER-01,2026-07-16 08:00:00,1.71,52.7,37.8,158.7,0.0,RUNNING
TEL-12583,MCH-TESTING-01,2026-07-16 08:00:00,1.61,54.8,36.4,156.1,0.0,RUNNING
TEL-12584,MCH-COILING-01,2026-07-16 09:00:00,2.29,55.6,39.5,156.9,1455.6,RUNNING
TEL-12585,MCH-COILING-02,2026-07-16 09:00:00,1.55,55.8,37.6,154.8,1446.1,RUNNING
TEL-12586,MCH-HEATTREAT-01,2026-07-16 09:00:00,1.15,854.7,36.2,159.3,0.0,RUNNING
TEL-12587,MCH-TEMPERING-01,2026-07-16 09:00:00,1.3,53.4,35.6,158.1,0.0,IDLE
TEL-12588,MCH-SHOTPEEN-01,2026-07-16 09:00:00,1.64,59.0,37.9,153.7,0.0,RUNNING
TEL-12589,MCH-STABILIZER-01,2026-07-16 09:00:00,1.82,55.5,37.1,156.2,0.0,RUNNING
TEL-12590,MCH-TESTING-01,2026-07-16 09:00:00,1.67,53.4,37.6,159.3,0.0,RUNNING
TEL-12591,MCH-COILING-01,2026-07-16 10:00:00,2.09,58.4,37.7,152.9,1437.9,RUNNING
TEL-12592,MCH-COILING-02,2026-07-16 10:00:00,1.44,55.6,36.6,153.8,1451.5,RUNNING
TEL-12593,MCH-HEATTREAT-01,2026-07-16 10:00:00,1.33,854.9,37.8,156.1,0.0,RUNNING
TEL-12594,MCH-TEMPERING-01,2026-07-16 10:00:00,1.18,50.5,36.1,157.7,0.0,RUNNING
TEL-12595,MCH-SHOTPEEN-01,2026-07-16 10:00:00,1.71,53.4,39.2,155.5,0.0,RUNNING
TEL-12596,MCH-STABILIZER-01,2026-07-16 10:00:00,1.66,57.8,37.6,156.6,0.0,RUNNING
TEL-12597,MCH-TESTING-01,2026-07-16 10:00:00,1.29,50.9,37.7,154.0,0.0,IDLE
TEL-12598,MCH-COILING-01,2026-07-16 11:00:00,2.06,52.5,39.6,156.7,1441.6,RUNNING
TEL-12599,MCH-COILING-02,2026-07-16 11:00:00,1.66,54.0,38.7,154.3,1461.3,RUNNING
TEL-12600,MCH-HEATTREAT-01,2026-07-16 11:00:00,1.4,851.1,37.6,155.6,0.0,RUNNING
TEL-12601,MCH-TEMPERING-01,2026-07-16 11:00:00,1.25,49.1,36.0,156.0,0.0,RUNNING
TEL-12602,MCH-SHOTPEEN-01,2026-07-16 11:00:00,1.95,54.8,39.3,153.7,0.0,RUNNING
TEL-12603,MCH-STABILIZER-01,2026-07-16 11:00:00,1.68,53.9,39.2,153.5,0.0,RUNNING
TEL-12604,MCH-TESTING-01,2026-07-16 11:00:00,1.34,50.6,35.9,154.9,0.0,RUNNING
TEL-12605,MCH-COILING-01,2026-07-16 12:00:00,2.14,57.9,38.8,157.0,1449.1,RUNNING
TEL-12606,MCH-COILING-02,2026-07-16 12:00:00,1.62,56.3,36.6,158.0,1450.9,RUNNING
TEL-12607,MCH-HEATTREAT-01,2026-07-16 12:00:00,1.43,852.5,37.8,159.2,0.0,RUNNING
TEL-12608,MCH-TEMPERING-01,2026-07-16 12:00:00,1.14,51.3,35.8,158.2,0.0,RUNNING
TEL-12609,MCH-SHOTPEEN-01,2026-07-16 12:00:00,1.71,53.3,38.4,155.3,0.0,RUNNING
TEL-12610,MCH-STABILIZER-01,2026-07-16 12:00:00,1.72,54.0,39.0,158.0,0.0,RUNNING
TEL-12611,MCH-TESTING-01,2026-07-16 12:00:00,1.47,55.0,38.5,156.2,0.0,RUNNING
TEL-12612,MCH-COILING-01,2026-07-16 13:00:00,2.35,52.7,38.3,154.9,1445.9,RUNNING
TEL-12613,MCH-COILING-02,2026-07-16 13:00:00,1.49,55.7,36.9,157.4,1448.2,RUNNING
TEL-12614,MCH-HEATTREAT-01,2026-07-16 13:00:00,1.5,855.3,37.1,155.9,0.0,RUNNING
TEL-12615,MCH-TEMPERING-01,2026-07-16 13:00:00,1.28,48.9,37.2,157.0,0.0,RUNNING
TEL-12616,MCH-SHOTPEEN-01,2026-07-16 13:00:00,1.68,53.6,37.3,157.6,0.0,RUNNING
TEL-12617,MCH-STABILIZER-01,2026-07-16 13:00:00,1.61,52.5,37.1,155.4,0.0,RUNNING
TEL-12618,MCH-TESTING-01,2026-07-16 13:00:00,1.62,52.3,37.8,158.1,0.0,RUNNING
TEL-12619,MCH-COILING-01,2026-07-16 14:00:00,2.04,56.6,39.3,156.4,1463.6,RUNNING
TEL-12620,MCH-COILING-02,2026-07-16 14:00:00,1.57,57.1,39.0,157.2,1457.2,RUNNING
TEL-12621,MCH-HEATTREAT-01,2026-07-16 14:00:00,1.17,852.4,36.2,159.7,0.0,RUNNING
TEL-12622,MCH-TEMPERING-01,2026-07-16 14:00:00,1.35,53.3,36.1,156.0,0.0,RUNNING
TEL-12623,MCH-SHOTPEEN-01,2026-07-16 14:00:00,1.72,53.4,39.8,158.3,0.0,RUNNING
TEL-12624,MCH-STABILIZER-01,2026-07-16 14:00:00,1.88,52.8,37.6,153.3,0.0,RUNNING
TEL-12625,MCH-TESTING-01,2026-07-16 14:00:00,1.38,51.8,36.4,158.8,0.0,RUNNING
TEL-12626,MCH-COILING-01,2026-07-16 15:00:00,2.07,52.7,39.3,157.6,1450.9,RUNNING
TEL-12627,MCH-COILING-02,2026-07-16 15:00:00,1.53,55.4,37.2,156.3,1456.8,RUNNING
TEL-12628,MCH-HEATTREAT-01,2026-07-16 15:00:00,1.34,852.6,36.3,157.5,0.0,RUNNING
TEL-12629,MCH-TEMPERING-01,2026-07-16 15:00:00,1.47,54.0,36.1,159.4,0.0,RUNNING
TEL-12630,MCH-SHOTPEEN-01,2026-07-16 15:00:00,1.88,58.7,38.0,153.8,0.0,RUNNING
TEL-12631,MCH-STABILIZER-01,2026-07-16 15:00:00,1.68,57.1,37.7,158.5,0.0,RUNNING
TEL-12632,MCH-TESTING-01,2026-07-16 15:00:00,1.49,56.4,36.0,155.2,0.0,RUNNING
TEL-12633,MCH-COILING-01,2026-07-16 16:00:00,2.01,54.4,37.9,155.8,1462.2,RUNNING
TEL-12634,MCH-COILING-02,2026-07-16 16:00:00,1.75,56.8,38.9,155.4,1437.6,RUNNING
TEL-12635,MCH-HEATTREAT-01,2026-07-16 16:00:00,1.42,854.7,36.3,160.4,0.0,RUNNING
TEL-12636,MCH-TEMPERING-01,2026-07-16 16:00:00,1.27,54.3,35.8,159.9,0.0,RUNNING
TEL-12637,MCH-SHOTPEEN-01,2026-07-16 16:00:00,1.81,58.9,37.3,154.5,0.0,RUNNING
TEL-12638,MCH-STABILIZER-01,2026-07-16 16:00:00,1.89,53.3,37.7,158.6,0.0,RUNNING
TEL-12639,MCH-TESTING-01,2026-07-16 16:00:00,1.69,56.3,37.8,157.4,0.0,RUNNING
TEL-12640,MCH-COILING-01,2026-07-16 17:00:00,2.34,58.3,39.2,154.4,1444.5,RUNNING
TEL-12641,MCH-COILING-02,2026-07-16 17:00:00,1.66,51.1,37.8,154.8,1458.1,RUNNING
TEL-12642,MCH-HEATTREAT-01,2026-07-16 17:00:00,1.5,855.3,35.3,158.0,0.0,RUNNING
TEL-12643,MCH-TEMPERING-01,2026-07-16 17:00:00,1.16,54.9,37.7,160.3,0.0,RUNNING
TEL-12644,MCH-SHOTPEEN-01,2026-07-16 17:00:00,1.67,54.9,38.6,152.9,0.0,RUNNING
TEL-12645,MCH-STABILIZER-01,2026-07-16 17:00:00,1.61,52.6,37.6,158.8,0.0,RUNNING
TEL-12646,MCH-TESTING-01,2026-07-16 17:00:00,1.65,52.9,38.6,158.7,0.0,RUNNING
TEL-12647,MCH-COILING-01,2026-07-16 18:00:00,2.31,56.4,38.8,152.8,1449.9,RUNNING
TEL-12648,MCH-COILING-02,2026-07-16 18:00:00,1.44,54.9,38.6,153.7,1450.9,RUNNING
TEL-12649,MCH-HEATTREAT-01,2026-07-16 18:00:00,1.46,856.2,35.9,157.4,0.0,RUNNING
TEL-12650,MCH-TEMPERING-01,2026-07-16 18:00:00,1.34,51.4,36.3,155.9,0.0,RUNNING
TEL-12651,MCH-SHOTPEEN-01,2026-07-16 18:00:00,1.67,58.4,38.9,152.6,0.0,RUNNING
TEL-12652,MCH-STABILIZER-01,2026-07-16 18:00:00,1.77,56.9,38.9,158.5,0.0,RUNNING
TEL-12653,MCH-TESTING-01,2026-07-16 18:00:00,1.66,52.5,37.8,157.9,0.0,IDLE
TEL-12654,MCH-COILING-01,2026-07-16 19:00:00,1.99,53.2,39.3,153.6,1438.8,RUNNING
TEL-12655,MCH-COILING-02,2026-07-16 19:00:00,1.5,55.0,39.0,154.2,1435.8,RUNNING
TEL-12656,MCH-HEATTREAT-01,2026-07-16 19:00:00,1.5,855.3,35.7,160.3,0.0,RUNNING
TEL-12657,MCH-TEMPERING-01,2026-07-16 19:00:00,1.32,52.9,35.5,160.7,0.0,RUNNING
TEL-12658,MCH-SHOTPEEN-01,2026-07-16 19:00:00,1.7,53.8,38.8,154.4,0.0,RUNNING
TEL-12659,MCH-STABILIZER-01,2026-07-16 19:00:00,1.8,52.7,38.7,156.6,0.0,RUNNING
TEL-12660,MCH-TESTING-01,2026-07-16 19:00:00,1.58,55.7,38.2,156.0,0.0,RUNNING
TEL-12661,MCH-COILING-01,2026-07-16 20:00:00,2.36,54.5,39.4,156.5,1441.4,RUNNING
TEL-12662,MCH-COILING-02,2026-07-16 20:00:00,1.44,54.9,38.4,156.2,1456.0,RUNNING
TEL-12663,MCH-HEATTREAT-01,2026-07-16 20:00:00,1.32,854.8,35.3,157.0,0.0,RUNNING
TEL-12664,MCH-TEMPERING-01,2026-07-16 20:00:00,1.39,54.6,37.8,159.5,0.0,RUNNING
TEL-12665,MCH-SHOTPEEN-01,2026-07-16 20:00:00,1.72,55.3,38.4,158.2,0.0,RUNNING
TEL-12666,MCH-STABILIZER-01,2026-07-16 20:00:00,1.53,51.9,39.4,153.2,0.0,RUNNING
TEL-12667,MCH-TESTING-01,2026-07-16 20:00:00,1.53,55.2,36.2,157.0,0.0,RUNNING
TEL-12668,MCH-COILING-01,2026-07-16 21:00:00,2.32,54.6,37.1,155.5,1439.7,RUNNING
TEL-12669,MCH-COILING-02,2026-07-16 21:00:00,1.63,56.9,39.1,154.8,1463.9,RUNNING
TEL-12670,MCH-HEATTREAT-01,2026-07-16 21:00:00,1.37,852.0,35.6,159.9,0.0,RUNNING
TEL-12671,MCH-TEMPERING-01,2026-07-16 21:00:00,1.45,51.7,37.4,156.4,0.0,RUNNING
TEL-12672,MCH-SHOTPEEN-01,2026-07-16 21:00:00,1.94,55.6,37.9,156.8,0.0,RUNNING
TEL-12673,MCH-STABILIZER-01,2026-07-16 21:00:00,1.58,57.9,37.1,157.1,0.0,RUNNING
TEL-12674,MCH-TESTING-01,2026-07-16 21:00:00,1.67,56.1,37.4,157.7,0.0,RUNNING
TEL-12675,MCH-COILING-01,2026-07-16 22:00:00,2.09,58.7,37.8,158.5,1460.7,RUNNING
TEL-12676,MCH-COILING-02,2026-07-16 22:00:00,1.66,55.1,38.2,158.7,1440.4,RUNNING
TEL-12677,MCH-HEATTREAT-01,2026-07-16 22:00:00,1.28,853.3,37.7,158.5,0.0,RUNNING
TEL-12678,MCH-TEMPERING-01,2026-07-16 22:00:00,1.2,53.1,38.0,156.2,0.0,RUNNING
TEL-12679,MCH-SHOTPEEN-01,2026-07-16 22:00:00,1.94,55.6,39.3,152.7,0.0,RUNNING
TEL-12680,MCH-STABILIZER-01,2026-07-16 22:00:00,1.71,53.3,38.5,155.9,0.0,RUNNING
TEL-12681,MCH-TESTING-01,2026-07-16 22:00:00,1.38,53.3,36.8,159.1,0.0,RUNNING
TEL-12682,MCH-COILING-01,2026-07-16 23:00:00,2.29,56.4,37.7,152.6,1454.8,RUNNING
TEL-12683,MCH-COILING-02,2026-07-16 23:00:00,1.53,53.3,36.3,158.2,1454.9,RUNNING
TEL-12684,MCH-HEATTREAT-01,2026-07-16 23:00:00,1.44,853.9,36.4,155.2,0.0,RUNNING
TEL-12685,MCH-TEMPERING-01,2026-07-16 23:00:00,1.43,49.1,36.2,158.2,0.0,RUNNING
TEL-12686,MCH-SHOTPEEN-01,2026-07-16 23:00:00,2.0,56.8,38.0,154.9,0.0,RUNNING
TEL-12687,MCH-STABILIZER-01,2026-07-16 23:00:00,1.52,55.2,39.3,155.0,0.0,RUNNING
TEL-12688,MCH-TESTING-01,2026-07-16 23:00:00,1.3,56.2,36.1,158.3,0.0,RUNNING
TEL-12689,MCH-COILING-01,2026-07-17 00:00:00,2.23,55.0,38.1,156.2,1449.1,IDLE
TEL-12690,MCH-COILING-02,2026-07-17 00:00:00,1.82,57.5,36.6,156.6,1441.6,RUNNING
TEL-12691,MCH-HEATTREAT-01,2026-07-17 00:00:00,1.48,855.0,36.1,158.6,0.0,RUNNING
TEL-12692,MCH-TEMPERING-01,2026-07-17 00:00:00,1.31,50.1,38.4,157.5,0.0,IDLE
TEL-12693,MCH-SHOTPEEN-01,2026-07-17 00:00:00,1.2,54.7,35.9,157.2,0.0,RUNNING
TEL-12694,MCH-STABILIZER-01,2026-07-17 00:00:00,1.86,52.3,37.5,154.5,0.0,RUNNING
TEL-12695,MCH-TESTING-01,2026-07-17 00:00:00,1.47,52.0,36.4,155.4,0.0,RUNNING
TEL-12696,MCH-COILING-01,2026-07-17 01:00:00,2.36,55.6,39.3,156.1,1454.7,RUNNING
TEL-12697,MCH-COILING-02,2026-07-17 01:00:00,1.66,51.4,38.0,158.6,1463.5,RUNNING
TEL-12698,MCH-HEATTREAT-01,2026-07-17 01:00:00,1.48,852.3,38.1,156.7,0.0,RUNNING
TEL-12699,MCH-TEMPERING-01,2026-07-17 01:00:00,1.24,55.4,37.6,158.1,0.0,RUNNING
TEL-12700,MCH-SHOTPEEN-01,2026-07-17 01:00:00,1.3,50.8,36.7,155.9,0.0,IDLE
TEL-12701,MCH-STABILIZER-01,2026-07-17 01:00:00,1.65,54.2,37.2,155.8,0.0,RUNNING
TEL-12702,MCH-TESTING-01,2026-07-17 01:00:00,1.51,51.0,36.6,156.9,0.0,RUNNING
TEL-12703,MCH-COILING-01,2026-07-17 02:00:00,2.24,55.1,38.4,154.1,1461.2,RUNNING
TEL-12704,MCH-COILING-02,2026-07-17 02:00:00,1.51,52.5,37.9,154.1,1458.8,IDLE
TEL-12705,MCH-HEATTREAT-01,2026-07-17 02:00:00,1.2,853.6,37.3,155.0,0.0,RUNNING
TEL-12706,MCH-TEMPERING-01,2026-07-17 02:00:00,1.23,49.8,36.2,156.7,0.0,RUNNING
TEL-12707,MCH-SHOTPEEN-01,2026-07-17 02:00:00,1.41,49.7,38.0,159.4,0.0,RUNNING
TEL-12708,MCH-STABILIZER-01,2026-07-17 02:00:00,1.89,55.0,38.0,157.3,0.0,RUNNING
TEL-12709,MCH-TESTING-01,2026-07-17 02:00:00,1.51,55.9,36.8,158.1,0.0,RUNNING
TEL-12710,MCH-COILING-01,2026-07-17 03:00:00,2.33,54.2,37.3,157.5,1462.3,RUNNING
TEL-12711,MCH-COILING-02,2026-07-17 03:00:00,1.67,52.9,37.8,154.6,1441.5,RUNNING
TEL-12712,MCH-HEATTREAT-01,2026-07-17 03:00:00,1.57,852.3,35.9,156.2,0.0,RUNNING
TEL-12713,MCH-TEMPERING-01,2026-07-17 03:00:00,1.61,53.4,37.9,160.2,0.0,RUNNING
TEL-12714,MCH-SHOTPEEN-01,2026-07-17 03:00:00,1.16,53.6,38.2,158.7,0.0,RUNNING
TEL-12715,MCH-STABILIZER-01,2026-07-17 03:00:00,1.59,54.5,38.1,157.9,0.0,RUNNING
TEL-12716,MCH-TESTING-01,2026-07-17 03:00:00,1.7,54.9,37.7,157.9,0.0,RUNNING
TEL-12717,MCH-COILING-01,2026-07-17 04:00:00,2.41,56.0,39.0,155.1,1459.7,RUNNING
TEL-12718,MCH-COILING-02,2026-07-17 04:00:00,1.69,56.6,39.2,154.3,1442.9,RUNNING
TEL-12719,MCH-HEATTREAT-01,2026-07-17 04:00:00,1.45,852.9,38.2,157.0,0.0,RUNNING
TEL-12720,MCH-TEMPERING-01,2026-07-17 04:00:00,1.41,50.6,37.2,159.8,0.0,RUNNING
TEL-12721,MCH-SHOTPEEN-01,2026-07-17 04:00:00,1.25,49.2,38.2,159.4,0.0,RUNNING
TEL-12722,MCH-STABILIZER-01,2026-07-17 04:00:00,1.73,55.6,38.9,158.1,0.0,RUNNING
TEL-12723,MCH-TESTING-01,2026-07-17 04:00:00,1.43,52.3,36.8,154.7,0.0,RUNNING
TEL-12724,MCH-COILING-01,2026-07-17 05:00:00,2.45,58.0,37.4,152.6,1464.4,RUNNING
TEL-12725,MCH-COILING-02,2026-07-17 05:00:00,1.63,54.6,37.1,155.3,1455.7,RUNNING
TEL-12726,MCH-HEATTREAT-01,2026-07-17 05:00:00,1.56,855.4,37.5,159.7,0.0,RUNNING
TEL-12727,MCH-TEMPERING-01,2026-07-17 05:00:00,1.41,50.0,38.1,156.0,0.0,IDLE
TEL-12728,MCH-SHOTPEEN-01,2026-07-17 05:00:00,1.37,50.4,35.8,155.4,0.0,RUNNING
TEL-12729,MCH-STABILIZER-01,2026-07-17 05:00:00,1.81,56.6,37.3,154.5,0.0,RUNNING
TEL-12730,MCH-TESTING-01,2026-07-17 05:00:00,1.67,53.9,36.6,154.4,0.0,RUNNING
TEL-12731,MCH-COILING-01,2026-07-17 06:00:00,2.23,54.5,37.7,154.8,1439.9,RUNNING
TEL-12732,MCH-COILING-02,2026-07-17 06:00:00,1.56,52.2,37.5,155.4,1444.6,RUNNING
TEL-12733,MCH-HEATTREAT-01,2026-07-17 06:00:00,1.43,855.6,38.1,155.5,0.0,RUNNING
TEL-12734,MCH-TEMPERING-01,2026-07-17 06:00:00,1.52,54.1,38.1,155.5,0.0,RUNNING
TEL-12735,MCH-SHOTPEEN-01,2026-07-17 06:00:00,1.24,54.6,37.8,156.6,0.0,RUNNING
TEL-12736,MCH-STABILIZER-01,2026-07-17 06:00:00,1.77,56.0,39.5,152.7,0.0,RUNNING
TEL-12737,MCH-TESTING-01,2026-07-17 06:00:00,1.69,50.7,37.2,157.7,0.0,RUNNING
TEL-12738,MCH-COILING-01,2026-07-17 07:00:00,2.35,53.3,39.4,154.0,1458.6,RUNNING
TEL-12739,MCH-COILING-02,2026-07-17 07:00:00,1.55,55.8,36.9,155.7,1454.7,RUNNING
TEL-12740,MCH-HEATTREAT-01,2026-07-17 07:00:00,1.55,856.2,36.8,156.0,0.0,RUNNING
TEL-12741,MCH-TEMPERING-01,2026-07-17 07:00:00,1.42,51.7,36.2,159.7,0.0,RUNNING
TEL-12742,MCH-SHOTPEEN-01,2026-07-17 07:00:00,1.13,49.4,36.5,158.0,0.0,RUNNING
TEL-12743,MCH-STABILIZER-01,2026-07-17 07:00:00,1.81,52.3,37.8,156.9,0.0,RUNNING
TEL-12744,MCH-TESTING-01,2026-07-17 07:00:00,1.6,51.4,37.1,158.8,0.0,RUNNING
TEL-12745,MCH-COILING-01,2026-07-17 08:00:00,2.24,53.1,38.8,154.0,1454.9,RUNNING
TEL-12746,MCH-COILING-02,2026-07-17 08:00:00,1.54,52.8,38.3,158.1,1454.4,RUNNING
TEL-12747,MCH-HEATTREAT-01,2026-07-17 08:00:00,1.44,853.3,37.8,155.5,0.0,RUNNING
TEL-12748,MCH-TEMPERING-01,2026-07-17 08:00:00,1.25,53.9,37.5,154.4,0.0,RUNNING
TEL-12749,MCH-SHOTPEEN-01,2026-07-17 08:00:00,1.26,50.2,37.5,156.1,0.0,RUNNING
TEL-12750,MCH-STABILIZER-01,2026-07-17 08:00:00,1.91,52.4,38.5,157.7,0.0,RUNNING
TEL-12751,MCH-TESTING-01,2026-07-17 08:00:00,1.71,51.1,38.0,154.6,0.0,RUNNING
TEL-12752,MCH-COILING-01,2026-07-17 09:00:00,2.45,54.0,37.3,156.6,1450.3,RUNNING
TEL-12753,MCH-COILING-02,2026-07-17 09:00:00,1.49,53.6,36.8,155.8,1447.5,RUNNING
TEL-12754,MCH-HEATTREAT-01,2026-07-17 09:00:00,1.35,857.2,35.9,157.9,0.0,RUNNING
TEL-12755,MCH-TEMPERING-01,2026-07-17 09:00:00,1.33,53.1,36.8,160.2,0.0,RUNNING
TEL-12756,MCH-SHOTPEEN-01,2026-07-17 09:00:00,1.46,53.3,35.4,157.1,0.0,RUNNING
TEL-12757,MCH-STABILIZER-01,2026-07-17 09:00:00,1.77,58.2,38.1,155.7,0.0,RUNNING
TEL-12758,MCH-TESTING-01,2026-07-17 09:00:00,1.49,52.8,38.3,155.9,0.0,RUNNING
TEL-12759,MCH-COILING-01,2026-07-17 10:00:00,2.45,55.5,38.0,156.6,1452.9,RUNNING
TEL-12760,MCH-COILING-02,2026-07-17 10:00:00,1.53,55.5,36.7,154.0,1462.9,RUNNING
TEL-12761,MCH-HEATTREAT-01,2026-07-17 10:00:00,1.27,852.7,35.6,158.5,0.0,IDLE
TEL-12762,MCH-TEMPERING-01,2026-07-17 10:00:00,1.29,51.3,36.3,160.1,0.0,RUNNING
TEL-12763,MCH-SHOTPEEN-01,2026-07-17 10:00:00,1.32,52.2,37.9,159.4,0.0,RUNNING
TEL-12764,MCH-STABILIZER-01,2026-07-17 10:00:00,1.61,55.2,38.6,153.5,0.0,RUNNING
TEL-12765,MCH-TESTING-01,2026-07-17 10:00:00,1.6,54.5,37.9,157.0,0.0,RUNNING
TEL-12766,MCH-COILING-01,2026-07-17 11:00:00,2.33,56.2,37.7,156.5,1435.6,RUNNING
TEL-12767,MCH-COILING-02,2026-07-17 11:00:00,1.62,53.9,38.6,157.7,1456.2,RUNNING
TEL-12768,MCH-HEATTREAT-01,2026-07-17 11:00:00,1.33,852.7,36.0,156.4,0.0,RUNNING
TEL-12769,MCH-TEMPERING-01,2026-07-17 11:00:00,1.3,50.3,36.6,154.5,0.0,RUNNING
TEL-12770,MCH-SHOTPEEN-01,2026-07-17 11:00:00,1.23,54.7,38.0,158.0,0.0,IDLE
TEL-12771,MCH-STABILIZER-01,2026-07-17 11:00:00,1.71,56.6,39.5,157.6,0.0,RUNNING
TEL-12772,MCH-TESTING-01,2026-07-17 11:00:00,1.63,54.3,37.9,153.9,0.0,RUNNING
TEL-12773,MCH-COILING-01,2026-07-17 12:00:00,2.35,53.9,38.4,154.7,1442.3,RUNNING
TEL-12774,MCH-COILING-02,2026-07-17 12:00:00,1.78,57.7,37.0,158.4,1453.3,RUNNING
TEL-12775,MCH-HEATTREAT-01,2026-07-17 12:00:00,1.51,857.7,36.2,157.3,0.0,RUNNING
TEL-12776,MCH-TEMPERING-01,2026-07-17 12:00:00,1.26,51.8,36.0,158.0,0.0,RUNNING
TEL-12777,MCH-SHOTPEEN-01,2026-07-17 12:00:00,1.45,54.3,36.5,157.1,0.0,RUNNING
TEL-12778,MCH-STABILIZER-01,2026-07-17 12:00:00,1.74,54.1,39.1,152.6,0.0,RUNNING
TEL-12779,MCH-TESTING-01,2026-07-17 12:00:00,1.43,53.9,36.6,159.0,0.0,RUNNING
TEL-12780,MCH-COILING-01,2026-07-17 13:00:00,2.13,57.2,39.6,156.5,1441.7,RUNNING
TEL-12781,MCH-COILING-02,2026-07-17 13:00:00,1.63,55.1,38.9,156.4,1444.8,RUNNING
TEL-12782,MCH-HEATTREAT-01,2026-07-17 13:00:00,1.49,856.0,36.8,159.8,0.0,RUNNING
TEL-12783,MCH-TEMPERING-01,2026-07-17 13:00:00,1.26,49.9,37.9,158.6,0.0,RUNNING
TEL-12784,MCH-SHOTPEEN-01,2026-07-17 13:00:00,1.19,53.0,38.1,157.9,0.0,RUNNING
TEL-12785,MCH-STABILIZER-01,2026-07-17 13:00:00,1.89,53.7,37.0,153.4,0.0,RUNNING
TEL-12786,MCH-TESTING-01,2026-07-17 13:00:00,1.75,51.4,38.8,157.7,0.0,RUNNING
TEL-12787,MCH-COILING-01,2026-07-17 14:00:00,2.31,56.6,38.7,153.6,1455.8,RUNNING
TEL-12788,MCH-COILING-02,2026-07-17 14:00:00,1.64,56.0,36.4,157.5,1457.0,RUNNING
TEL-12789,MCH-HEATTREAT-01,2026-07-17 14:00:00,1.34,855.9,38.0,157.6,0.0,RUNNING
TEL-12790,MCH-TEMPERING-01,2026-07-17 14:00:00,1.47,51.9,38.1,155.1,0.0,RUNNING
TEL-12791,MCH-SHOTPEEN-01,2026-07-17 14:00:00,1.24,52.2,37.0,160.5,0.0,RUNNING
TEL-12792,MCH-STABILIZER-01,2026-07-17 14:00:00,1.66,53.9,38.0,156.4,0.0,RUNNING
TEL-12793,MCH-TESTING-01,2026-07-17 14:00:00,1.66,56.4,37.8,157.2,0.0,RUNNING
TEL-12794,MCH-COILING-01,2026-07-17 15:00:00,2.32,53.8,38.9,154.6,1464.7,RUNNING
TEL-12795,MCH-COILING-02,2026-07-17 15:00:00,1.75,55.0,37.5,153.3,1435.1,RUNNING
TEL-12796,MCH-HEATTREAT-01,2026-07-17 15:00:00,1.38,855.9,37.0,157.7,0.0,RUNNING
TEL-12797,MCH-TEMPERING-01,2026-07-17 15:00:00,1.56,51.5,36.5,160.0,0.0,RUNNING
TEL-12798,MCH-SHOTPEEN-01,2026-07-17 15:00:00,1.36,52.2,36.2,157.2,0.0,RUNNING
TEL-12799,MCH-STABILIZER-01,2026-07-17 15:00:00,1.9,55.5,38.6,153.8,0.0,RUNNING
TEL-12800,MCH-TESTING-01,2026-07-17 15:00:00,1.58,54.1,39.1,155.3,0.0,RUNNING
TEL-12801,MCH-COILING-01,2026-07-17 16:00:00,2.08,54.7,37.1,155.7,1454.9,RUNNING
TEL-12802,MCH-COILING-02,2026-07-17 16:00:00,1.6,51.3,39.2,153.9,1461.6,IDLE
TEL-12803,MCH-HEATTREAT-01,2026-07-17 16:00:00,1.35,857.7,35.7,156.8,0.0,RUNNING
TEL-12804,MCH-TEMPERING-01,2026-07-17 16:00:00,1.59,49.8,37.3,155.9,0.0,RUNNING
TEL-12805,MCH-SHOTPEEN-01,2026-07-17 16:00:00,1.26,49.6,36.0,158.1,0.0,RUNNING
TEL-12806,MCH-STABILIZER-01,2026-07-17 16:00:00,1.79,57.8,39.2,154.6,0.0,RUNNING
TEL-12807,MCH-TESTING-01,2026-07-17 16:00:00,1.69,54.2,37.9,158.0,0.0,RUNNING
TEL-12808,MCH-COILING-01,2026-07-17 17:00:00,2.41,59.3,38.7,154.6,1461.0,IDLE
TEL-12809,MCH-COILING-02,2026-07-17 17:00:00,1.81,54.1,37.5,153.3,1435.0,IDLE
TEL-12810,MCH-HEATTREAT-01,2026-07-17 17:00:00,1.33,854.0,37.6,155.0,0.0,RUNNING
TEL-12811,MCH-TEMPERING-01,2026-07-17 17:00:00,1.54,52.0,36.2,159.7,0.0,RUNNING
TEL-12812,MCH-SHOTPEEN-01,2026-07-17 17:00:00,1.28,49.5,36.1,158.1,0.0,RUNNING
TEL-12813,MCH-STABILIZER-01,2026-07-17 17:00:00,1.96,56.4,39.4,154.4,0.0,RUNNING
TEL-12814,MCH-TESTING-01,2026-07-17 17:00:00,1.39,55.6,38.8,159.0,0.0,RUNNING
TEL-12815,MCH-COILING-01,2026-07-17 18:00:00,2.28,53.9,39.7,156.9,1435.9,RUNNING
TEL-12816,MCH-COILING-02,2026-07-17 18:00:00,1.53,53.6,38.4,153.5,1443.1,RUNNING
TEL-12817,MCH-HEATTREAT-01,2026-07-17 18:00:00,1.57,853.1,37.3,160.0,0.0,RUNNING
TEL-12818,MCH-TEMPERING-01,2026-07-17 18:00:00,1.33,51.9,36.9,159.7,0.0,RUNNING
TEL-12819,MCH-SHOTPEEN-01,2026-07-17 18:00:00,1.49,50.0,38.1,157.0,0.0,RUNNING
TEL-12820,MCH-STABILIZER-01,2026-07-17 18:00:00,1.62,54.2,37.8,156.2,0.0,RUNNING
TEL-12821,MCH-TESTING-01,2026-07-17 18:00:00,1.42,56.7,38.4,154.7,0.0,RUNNING
TEL-12822,MCH-COILING-01,2026-07-17 19:00:00,2.12,52.9,37.8,157.7,1454.4,RUNNING
TEL-12823,MCH-COILING-02,2026-07-17 19:00:00,1.76,52.9,37.3,158.6,1444.1,RUNNING
TEL-12824,MCH-HEATTREAT-01,2026-07-17 19:00:00,1.51,853.8,36.2,157.0,0.0,RUNNING
TEL-12825,MCH-TEMPERING-01,2026-07-17 19:00:00,1.56,55.0,37.2,156.1,0.0,RUNNING
TEL-12826,MCH-SHOTPEEN-01,2026-07-17 19:00:00,1.15,49.8,36.3,156.8,0.0,RUNNING
TEL-12827,MCH-STABILIZER-01,2026-07-17 19:00:00,1.85,57.7,38.5,152.6,0.0,RUNNING
TEL-12828,MCH-TESTING-01,2026-07-17 19:00:00,1.42,51.9,36.4,158.8,0.0,RUNNING
TEL-12829,MCH-COILING-01,2026-07-17 20:00:00,2.38,54.4,39.4,153.0,1464.1,RUNNING
TEL-12830,MCH-COILING-02,2026-07-17 20:00:00,1.61,53.0,38.3,157.6,1453.5,RUNNING
TEL-12831,MCH-HEATTREAT-01,2026-07-17 20:00:00,1.48,853.5,36.5,155.5,0.0,RUNNING
TEL-12832,MCH-TEMPERING-01,2026-07-17 20:00:00,1.29,55.1,36.1,159.4,0.0,RUNNING
TEL-12833,MCH-SHOTPEEN-01,2026-07-17 20:00:00,1.17,52.2,36.8,158.4,0.0,RUNNING
TEL-12834,MCH-STABILIZER-01,2026-07-17 20:00:00,1.59,58.1,38.3,156.4,0.0,RUNNING
TEL-12835,MCH-TESTING-01,2026-07-17 20:00:00,1.61,52.3,37.5,155.2,0.0,RUNNING
TEL-12836,MCH-COILING-01,2026-07-17 21:00:00,2.22,54.3,39.4,153.9,1461.2,RUNNING
TEL-12837,MCH-COILING-02,2026-07-17 21:00:00,1.79,53.1,38.8,158.2,1438.6,RUNNING
TEL-12838,MCH-HEATTREAT-01,2026-07-17 21:00:00,1.47,857.8,36.9,155.9,0.0,RUNNING
TEL-12839,MCH-TEMPERING-01,2026-07-17 21:00:00,1.47,49.9,36.3,157.3,0.0,IDLE
TEL-12840,MCH-SHOTPEEN-01,2026-07-17 21:00:00,1.2,52.3,36.6,160.0,0.0,RUNNING
TEL-12841,MCH-STABILIZER-01,2026-07-17 21:00:00,1.65,57.5,38.3,156.2,0.0,RUNNING
TEL-12842,MCH-TESTING-01,2026-07-17 21:00:00,1.74,54.0,37.6,158.9,0.0,RUNNING
TEL-12843,MCH-COILING-01,2026-07-17 22:00:00,2.3,55.2,37.6,155.4,1440.9,RUNNING
TEL-12844,MCH-COILING-02,2026-07-17 22:00:00,1.67,52.4,38.4,155.1,1438.7,RUNNING
TEL-12845,MCH-HEATTREAT-01,2026-07-17 22:00:00,1.36,856.8,36.2,156.4,0.0,RUNNING
TEL-12846,MCH-TEMPERING-01,2026-07-17 22:00:00,1.55,54.7,35.8,157.3,0.0,RUNNING
TEL-12847,MCH-SHOTPEEN-01,2026-07-17 22:00:00,1.26,53.3,35.9,156.4,0.0,RUNNING
TEL-12848,MCH-STABILIZER-01,2026-07-17 22:00:00,1.6,55.2,39.0,158.2,0.0,RUNNING
TEL-12849,MCH-TESTING-01,2026-07-17 22:00:00,1.53,56.7,39.1,154.9,0.0,RUNNING
TEL-12850,MCH-COILING-01,2026-07-17 23:00:00,2.13,56.8,37.8,154.3,1458.8,RUNNING
TEL-12851,MCH-COILING-02,2026-07-17 23:00:00,1.81,51.6,38.1,156.7,1435.9,IDLE
TEL-12852,MCH-HEATTREAT-01,2026-07-17 23:00:00,1.21,855.3,36.6,155.8,0.0,IDLE
TEL-12853,MCH-TEMPERING-01,2026-07-17 23:00:00,1.59,55.0,37.7,156.3,0.0,RUNNING
TEL-12854,MCH-SHOTPEEN-01,2026-07-17 23:00:00,1.15,52.8,37.3,156.5,0.0,RUNNING
TEL-12855,MCH-STABILIZER-01,2026-07-17 23:00:00,1.83,54.6,38.9,155.7,0.0,RUNNING
TEL-12856,MCH-TESTING-01,2026-07-17 23:00:00,1.61,56.8,38.6,157.3,0.0,RUNNING
TEL-12857,MCH-COILING-01,2026-07-18 00:00:00,2.51,56.6,39.6,157.0,1457.6,RUNNING
TEL-12858,MCH-COILING-02,2026-07-18 00:00:00,1.92,53.7,39.3,154.5,1457.5,RUNNING
TEL-12859,MCH-HEATTREAT-01,2026-07-18 00:00:00,1.48,851.9,36.2,155.8,0.0,RUNNING
TEL-12860,MCH-TEMPERING-01,2026-07-18 00:00:00,1.48,53.9,37.6,154.5,0.0,RUNNING
TEL-12861,MCH-SHOTPEEN-01,2026-07-18 00:00:00,1.42,55.4,36.6,158.4,0.0,RUNNING
TEL-12862,MCH-STABILIZER-01,2026-07-18 00:00:00,1.79,59.3,39.0,156.5,0.0,RUNNING
TEL-12863,MCH-TESTING-01,2026-07-18 00:00:00,1.66,52.7,37.8,157.0,0.0,RUNNING
TEL-12864,MCH-COILING-01,2026-07-18 01:00:00,2.34,58.0,37.9,153.5,1449.2,IDLE
TEL-12865,MCH-COILING-02,2026-07-18 01:00:00,1.68,53.7,36.8,152.6,1462.4,RUNNING
TEL-12866,MCH-HEATTREAT-01,2026-07-18 01:00:00,1.28,854.4,37.3,157.1,0.0,IDLE
TEL-12867,MCH-TEMPERING-01,2026-07-18 01:00:00,1.53,52.9,37.0,158.5,0.0,RUNNING
TEL-12868,MCH-SHOTPEEN-01,2026-07-18 01:00:00,1.64,50.4,38.3,159.2,0.0,RUNNING
TEL-12869,MCH-STABILIZER-01,2026-07-18 01:00:00,1.75,53.4,39.2,154.6,0.0,RUNNING
TEL-12870,MCH-TESTING-01,2026-07-18 01:00:00,1.57,53.2,36.5,157.3,0.0,RUNNING
TEL-12871,MCH-COILING-01,2026-07-18 02:00:00,2.37,57.9,37.6,153.1,1443.1,RUNNING
TEL-12872,MCH-COILING-02,2026-07-18 02:00:00,1.67,55.8,37.0,156.3,1456.4,RUNNING
TEL-12873,MCH-HEATTREAT-01,2026-07-18 02:00:00,1.53,857.1,35.8,156.3,0.0,RUNNING
TEL-12874,MCH-TEMPERING-01,2026-07-18 02:00:00,1.33,55.0,37.6,154.7,0.0,RUNNING
TEL-12875,MCH-SHOTPEEN-01,2026-07-18 02:00:00,1.37,56.0,37.0,155.1,0.0,RUNNING
TEL-12876,MCH-STABILIZER-01,2026-07-18 02:00:00,2.11,58.6,39.6,153.0,0.0,IDLE
TEL-12877,MCH-TESTING-01,2026-07-18 02:00:00,1.79,55.9,38.4,154.1,0.0,RUNNING
TEL-12878,MCH-COILING-01,2026-07-18 03:00:00,2.34,57.3,37.4,153.6,1450.8,RUNNING
TEL-12879,MCH-COILING-02,2026-07-18 03:00:00,1.73,52.5,36.8,155.8,1448.5,RUNNING
TEL-12880,MCH-HEATTREAT-01,2026-07-18 03:00:00,1.17,857.1,37.7,154.8,0.0,RUNNING
TEL-12881,MCH-TEMPERING-01,2026-07-18 03:00:00,1.63,52.8,38.3,158.1,0.0,RUNNING
TEL-12882,MCH-SHOTPEEN-01,2026-07-18 03:00:00,1.41,52.6,37.4,154.2,0.0,RUNNING
TEL-12883,MCH-STABILIZER-01,2026-07-18 03:00:00,1.9,55.2,37.4,154.9,0.0,RUNNING
TEL-12884,MCH-TESTING-01,2026-07-18 03:00:00,1.84,55.0,36.4,157.9,0.0,RUNNING
TEL-12885,MCH-COILING-01,2026-07-18 04:00:00,2.32,54.5,39.6,155.7,1440.1,RUNNING
TEL-12886,MCH-COILING-02,2026-07-18 04:00:00,1.66,57.5,38.5,157.0,1449.2,RUNNING
TEL-12887,MCH-HEATTREAT-01,2026-07-18 04:00:00,1.3,852.0,35.7,159.5,0.0,RUNNING
TEL-12888,MCH-TEMPERING-01,2026-07-18 04:00:00,1.66,54.9,36.8,156.3,0.0,RUNNING
TEL-12889,MCH-SHOTPEEN-01,2026-07-18 04:00:00,1.47,53.7,37.4,160.0,0.0,RUNNING
TEL-12890,MCH-STABILIZER-01,2026-07-18 04:00:00,2.05,56.1,38.1,154.3,0.0,RUNNING
TEL-12891,MCH-TESTING-01,2026-07-18 04:00:00,1.52,52.8,37.3,158.2,0.0,RUNNING
TEL-12892,MCH-COILING-01,2026-07-18 05:00:00,2.18,55.6,37.5,154.2,1439.3,RUNNING
TEL-12893,MCH-COILING-02,2026-07-18 05:00:00,1.94,53.9,37.0,158.3,1462.4,RUNNING
TEL-12894,MCH-HEATTREAT-01,2026-07-18 05:00:00,1.15,852.8,37.6,157.3,0.0,RUNNING
TEL-12895,MCH-TEMPERING-01,2026-07-18 05:00:00,1.67,52.7,36.0,157.9,0.0,RUNNING
TEL-12896,MCH-SHOTPEEN-01,2026-07-18 05:00:00,1.52,52.0,36.5,154.8,0.0,RUNNING
TEL-12897,MCH-STABILIZER-01,2026-07-18 05:00:00,1.97,57.1,38.1,155.2,0.0,RUNNING
TEL-12898,MCH-TESTING-01,2026-07-18 05:00:00,1.73,53.1,37.4,157.3,0.0,RUNNING
TEL-12899,MCH-COILING-01,2026-07-18 06:00:00,2.27,55.8,37.7,152.5,1455.0,RUNNING
TEL-12900,MCH-COILING-02,2026-07-18 06:00:00,1.95,56.0,39.3,153.6,1447.9,RUNNING
TEL-12901,MCH-HEATTREAT-01,2026-07-18 06:00:00,1.54,855.6,37.6,159.4,0.0,RUNNING
TEL-12902,MCH-TEMPERING-01,2026-07-18 06:00:00,1.42,53.9,38.3,159.3,0.0,RUNNING
TEL-12903,MCH-SHOTPEEN-01,2026-07-18 06:00:00,1.44,51.3,36.9,154.4,0.0,IDLE
TEL-12904,MCH-STABILIZER-01,2026-07-18 06:00:00,1.92,55.2,38.0,155.0,0.0,RUNNING
TEL-12905,MCH-TESTING-01,2026-07-18 06:00:00,1.79,55.0,36.7,156.5,0.0,RUNNING
TEL-12906,MCH-COILING-01,2026-07-18 07:00:00,2.33,57.3,39.0,152.3,1444.0,RUNNING
TEL-12907,MCH-COILING-02,2026-07-18 07:00:00,1.81,56.9,38.4,157.5,1461.8,RUNNING
TEL-12908,MCH-HEATTREAT-01,2026-07-18 07:00:00,1.3,857.3,37.3,159.6,0.0,RUNNING
TEL-12909,MCH-TEMPERING-01,2026-07-18 07:00:00,1.71,52.1,36.7,156.4,0.0,RUNNING
TEL-12910,MCH-SHOTPEEN-01,2026-07-18 07:00:00,1.65,53.2,36.1,157.5,0.0,RUNNING
TEL-12911,MCH-STABILIZER-01,2026-07-18 07:00:00,1.84,56.0,37.6,157.0,0.0,RUNNING
TEL-12912,MCH-TESTING-01,2026-07-18 07:00:00,1.86,52.6,38.6,157.2,0.0,RUNNING
TEL-12913,MCH-COILING-01,2026-07-18 08:00:00,2.48,55.6,38.2,157.1,1457.8,IDLE
TEL-12914,MCH-COILING-02,2026-07-18 08:00:00,1.59,55.7,37.9,157.3,1457.3,RUNNING
TEL-12915,MCH-HEATTREAT-01,2026-07-18 08:00:00,1.33,854.9,37.2,154.6,0.0,RUNNING
TEL-12916,MCH-TEMPERING-01,2026-07-18 08:00:00,1.62,54.0,36.2,155.3,0.0,RUNNING
TEL-12917,MCH-SHOTPEEN-01,2026-07-18 08:00:00,1.27,53.7,38.3,154.6,0.0,RUNNING
TEL-12918,MCH-STABILIZER-01,2026-07-18 08:00:00,2.01,54.1,37.9,156.0,0.0,RUNNING
TEL-12919,MCH-TESTING-01,2026-07-18 08:00:00,1.64,56.7,38.4,158.8,0.0,RUNNING
TEL-12920,MCH-COILING-01,2026-07-18 09:00:00,2.31,57.9,37.4,151.9,1458.9,RUNNING
TEL-12921,MCH-COILING-02,2026-07-18 09:00:00,1.8,57.7,37.0,157.7,1462.3,RUNNING
TEL-12922,MCH-HEATTREAT-01,2026-07-18 09:00:00,1.54,853.6,35.5,154.8,0.0,RUNNING
TEL-12923,MCH-TEMPERING-01,2026-07-18 09:00:00,1.65,54.1,36.8,155.1,0.0,RUNNING
TEL-12924,MCH-SHOTPEEN-01,2026-07-18 09:00:00,1.62,54.7,36.5,156.7,0.0,RUNNING
TEL-12925,MCH-STABILIZER-01,2026-07-18 09:00:00,1.92,53.7,37.5,155.5,0.0,RUNNING
TEL-12926,MCH-TESTING-01,2026-07-18 09:00:00,1.74,53.5,36.8,156.5,0.0,RUNNING
TEL-12927,MCH-COILING-01,2026-07-18 10:00:00,2.19,53.4,39.2,156.6,1454.9,RUNNING
TEL-12928,MCH-COILING-02,2026-07-18 10:00:00,1.66,57.1,37.6,155.0,1448.4,RUNNING
TEL-12929,MCH-HEATTREAT-01,2026-07-18 10:00:00,1.37,854.9,36.2,160.0,0.0,RUNNING
TEL-12930,MCH-TEMPERING-01,2026-07-18 10:00:00,1.48,53.2,38.1,154.4,0.0,RUNNING
TEL-12931,MCH-SHOTPEEN-01,2026-07-18 10:00:00,1.38,54.1,35.8,154.9,0.0,RUNNING
TEL-12932,MCH-STABILIZER-01,2026-07-18 10:00:00,2.08,57.6,37.7,152.7,0.0,RUNNING
TEL-12933,MCH-TESTING-01,2026-07-18 10:00:00,1.64,57.3,37.3,153.1,0.0,RUNNING
TEL-12934,MCH-COILING-01,2026-07-18 11:00:00,2.29,53.5,38.3,157.1,1449.9,RUNNING
TEL-12935,MCH-COILING-02,2026-07-18 11:00:00,1.94,55.2,39.1,154.7,1464.1,RUNNING
TEL-12936,MCH-HEATTREAT-01,2026-07-18 11:00:00,1.21,857.1,36.4,157.4,0.0,IDLE
TEL-12937,MCH-TEMPERING-01,2026-07-18 11:00:00,1.35,54.3,38.9,157.2,0.0,RUNNING
TEL-12938,MCH-SHOTPEEN-01,2026-07-18 11:00:00,1.55,50.7,36.1,156.5,0.0,RUNNING
TEL-12939,MCH-STABILIZER-01,2026-07-18 11:00:00,1.78,57.3,38.2,155.3,0.0,RUNNING
TEL-12940,MCH-TESTING-01,2026-07-18 11:00:00,1.81,53.9,39.0,153.5,0.0,RUNNING
TEL-12941,MCH-COILING-01,2026-07-18 12:00:00,2.22,55.0,38.5,152.1,1438.8,RUNNING
TEL-12942,MCH-COILING-02,2026-07-18 12:00:00,1.64,52.7,37.0,157.8,1462.2,RUNNING
TEL-12943,MCH-HEATTREAT-01,2026-07-18 12:00:00,1.51,854.7,38.4,158.4,0.0,RUNNING
TEL-12944,MCH-TEMPERING-01,2026-07-18 12:00:00,1.35,50.5,38.6,159.5,0.0,RUNNING
TEL-12945,MCH-SHOTPEEN-01,2026-07-18 12:00:00,1.27,54.7,37.1,156.0,0.0,RUNNING
TEL-12946,MCH-STABILIZER-01,2026-07-18 12:00:00,2.02,57.9,40.1,153.4,0.0,RUNNING
TEL-12947,MCH-TESTING-01,2026-07-18 12:00:00,1.48,57.0,38.4,158.5,0.0,RUNNING
TEL-12948,MCH-COILING-01,2026-07-18 13:00:00,2.3,54.7,39.2,154.1,1464.0,RUNNING
TEL-12949,MCH-COILING-02,2026-07-18 13:00:00,1.61,53.7,37.9,156.9,1459.0,RUNNING
TEL-12950,MCH-HEATTREAT-01,2026-07-18 13:00:00,1.53,853.1,37.9,156.2,0.0,RUNNING
TEL-12951,MCH-TEMPERING-01,2026-07-18 13:00:00,1.7,50.8,38.9,157.0,0.0,RUNNING
TEL-12952,MCH-SHOTPEEN-01,2026-07-18 13:00:00,1.4,50.6,37.8,159.0,0.0,RUNNING
TEL-12953,MCH-STABILIZER-01,2026-07-18 13:00:00,1.79,56.1,37.2,154.2,0.0,RUNNING
TEL-12954,MCH-TESTING-01,2026-07-18 13:00:00,1.79,57.4,39.2,157.8,0.0,RUNNING
TEL-12955,MCH-COILING-01,2026-07-18 14:00:00,2.47,55.1,37.5,157.4,1461.4,RUNNING
TEL-12956,MCH-COILING-02,2026-07-18 14:00:00,1.74,55.7,38.3,157.6,1458.7,RUNNING
TEL-12957,MCH-HEATTREAT-01,2026-07-18 14:00:00,1.33,851.6,35.9,155.0,0.0,RUNNING
TEL-12958,MCH-TEMPERING-01,2026-07-18 14:00:00,1.32,53.0,38.7,158.6,0.0,RUNNING
TEL-12959,MCH-SHOTPEEN-01,2026-07-18 14:00:00,1.49,56.4,38.7,154.8,0.0,RUNNING
TEL-12960,MCH-STABILIZER-01,2026-07-18 14:00:00,1.82,54.5,37.4,156.3,0.0,RUNNING
TEL-12961,MCH-TESTING-01,2026-07-18 14:00:00,1.76,54.9,39.2,154.0,0.0,RUNNING
TEL-12962,MCH-COILING-01,2026-07-18 15:00:00,2.39,58.8,39.1,156.3,1439.9,RUNNING
TEL-12963,MCH-COILING-02,2026-07-18 15:00:00,1.89,52.3,38.0,156.7,1459.0,RUNNING
TEL-12964,MCH-HEATTREAT-01,2026-07-18 15:00:00,1.18,851.9,37.4,158.3,0.0,RUNNING
TEL-12965,MCH-TEMPERING-01,2026-07-18 15:00:00,1.53,50.8,36.4,155.3,0.0,RUNNING
TEL-12966,MCH-SHOTPEEN-01,2026-07-18 15:00:00,1.44,51.9,36.8,157.6,0.0,RUNNING
TEL-12967,MCH-STABILIZER-01,2026-07-18 15:00:00,2.06,56.4,37.7,152.3,0.0,RUNNING
TEL-12968,MCH-TESTING-01,2026-07-18 15:00:00,1.7,54.1,36.5,155.5,0.0,RUNNING
TEL-12969,MCH-COILING-01,2026-07-18 16:00:00,2.44,55.5,37.6,152.4,1436.3,RUNNING
TEL-12970,MCH-COILING-02,2026-07-18 16:00:00,1.9,54.6,37.4,157.0,1437.5,RUNNING
TEL-12971,MCH-HEATTREAT-01,2026-07-18 16:00:00,1.24,851.2,37.5,154.9,0.0,RUNNING
TEL-12972,MCH-TEMPERING-01,2026-07-18 16:00:00,1.7,53.0,38.4,155.2,0.0,RUNNING
TEL-12973,MCH-SHOTPEEN-01,2026-07-18 16:00:00,1.55,54.1,37.3,154.3,0.0,RUNNING
TEL-12974,MCH-STABILIZER-01,2026-07-18 16:00:00,1.78,59.7,37.8,155.5,0.0,RUNNING
TEL-12975,MCH-TESTING-01,2026-07-18 16:00:00,1.7,55.3,39.3,153.6,0.0,RUNNING
TEL-12976,MCH-COILING-01,2026-07-18 17:00:00,2.14,53.4,38.2,157.4,1459.4,RUNNING
TEL-12977,MCH-COILING-02,2026-07-18 17:00:00,1.88,55.4,37.1,157.5,1457.9,RUNNING
TEL-12978,MCH-HEATTREAT-01,2026-07-18 17:00:00,1.16,855.9,38.0,159.2,0.0,RUNNING
TEL-12979,MCH-TEMPERING-01,2026-07-18 17:00:00,1.38,56.7,37.0,158.1,0.0,RUNNING
TEL-12980,MCH-SHOTPEEN-01,2026-07-18 17:00:00,1.66,54.6,36.6,157.5,0.0,RUNNING
TEL-12981,MCH-STABILIZER-01,2026-07-18 17:00:00,2.1,56.2,38.8,157.1,0.0,RUNNING
TEL-12982,MCH-TESTING-01,2026-07-18 17:00:00,1.71,51.8,39.3,155.1,0.0,RUNNING
TEL-12983,MCH-COILING-01,2026-07-18 18:00:00,2.2,54.1,38.7,152.8,1450.9,RUNNING
TEL-12984,MCH-COILING-02,2026-07-18 18:00:00,1.76,57.0,38.2,157.2,1453.0,RUNNING
TEL-12985,MCH-HEATTREAT-01,2026-07-18 18:00:00,1.23,851.8,36.6,157.2,0.0,RUNNING
TEL-12986,MCH-TEMPERING-01,2026-07-18 18:00:00,1.52,55.4,37.3,158.8,0.0,RUNNING
TEL-12987,MCH-SHOTPEEN-01,2026-07-18 18:00:00,1.35,53.8,38.1,157.8,0.0,RUNNING
TEL-12988,MCH-STABILIZER-01,2026-07-18 18:00:00,1.91,58.2,38.8,154.8,0.0,RUNNING
TEL-12989,MCH-TESTING-01,2026-07-18 18:00:00,1.48,57.1,38.1,153.7,0.0,RUNNING
TEL-12990,MCH-COILING-01,2026-07-18 19:00:00,2.2,55.1,37.3,156.1,1451.5,RUNNING
TEL-12991,MCH-COILING-02,2026-07-18 19:00:00,1.76,58.5,36.9,153.6,1442.7,RUNNING
TEL-12992,MCH-HEATTREAT-01,2026-07-18 19:00:00,1.22,856.1,36.0,157.0,0.0,RUNNING
TEL-12993,MCH-TEMPERING-01,2026-07-18 19:00:00,1.7,51.1,37.7,158.5,0.0,RUNNING
TEL-12994,MCH-SHOTPEEN-01,2026-07-18 19:00:00,1.54,52.4,36.8,156.8,0.0,RUNNING
TEL-12995,MCH-STABILIZER-01,2026-07-18 19:00:00,1.9,55.7,38.5,156.0,0.0,RUNNING
TEL-12996,MCH-TESTING-01,2026-07-18 19:00:00,1.71,52.1,38.1,159.0,0.0,RUNNING
TEL-12997,MCH-COILING-01,2026-07-18 20:00:00,2.41,59.4,40.1,152.3,1436.6,RUNNING
TEL-12998,MCH-COILING-02,2026-07-18 20:00:00,1.74,54.1,37.2,153.0,1449.4,IDLE
TEL-12999,MCH-HEATTREAT-01,2026-07-18 20:00:00,1.22,851.4,38.2,159.5,0.0,RUNNING
TEL-13000,MCH-TEMPERING-01,2026-07-18 20:00:00,1.42,55.4,36.8,155.1,0.0,RUNNING
TEL-13001,MCH-SHOTPEEN-01,2026-07-18 20:00:00,1.31,53.5,36.4,154.9,0.0,RUNNING
TEL-13002,MCH-STABILIZER-01,2026-07-18 20:00:00,1.83,53.6,37.3,153.7,0.0,RUNNING
TEL-13003,MCH-TESTING-01,2026-07-18 20:00:00,1.63,56.6,36.6,153.2,0.0,RUNNING
TEL-13004,MCH-COILING-01,2026-07-18 21:00:00,2.15,53.9,40.0,154.1,1456.6,RUNNING
TEL-13005,MCH-COILING-02,2026-07-18 21:00:00,1.86,58.6,38.9,155.0,1458.8,RUNNING
TEL-13006,MCH-HEATTREAT-01,2026-07-18 21:00:00,1.49,855.1,36.4,156.5,0.0,RUNNING
TEL-13007,MCH-TEMPERING-01,2026-07-18 21:00:00,1.32,50.4,36.3,158.4,0.0,RUNNING
TEL-13008,MCH-SHOTPEEN-01,2026-07-18 21:00:00,1.44,54.9,36.2,157.1,0.0,RUNNING
TEL-13009,MCH-STABILIZER-01,2026-07-18 21:00:00,2.03,58.7,37.6,154.7,0.0,RUNNING
TEL-13010,MCH-TESTING-01,2026-07-18 21:00:00,1.59,56.3,39.0,153.9,0.0,RUNNING
TEL-13011,MCH-COILING-01,2026-07-18 22:00:00,2.49,59.2,38.2,152.4,1442.0,RUNNING
TEL-13012,MCH-COILING-02,2026-07-18 22:00:00,1.8,55.5,37.8,154.1,1446.3,RUNNING
TEL-13013,MCH-HEATTREAT-01,2026-07-18 22:00:00,1.16,855.4,37.2,155.6,0.0,RUNNING
TEL-13014,MCH-TEMPERING-01,2026-07-18 22:00:00,1.32,52.2,36.8,158.4,0.0,RUNNING
TEL-13015,MCH-SHOTPEEN-01,2026-07-18 22:00:00,1.42,51.8,38.1,156.8,0.0,IDLE
TEL-13016,MCH-STABILIZER-01,2026-07-18 22:00:00,1.74,53.8,38.6,152.3,0.0,RUNNING
TEL-13017,MCH-TESTING-01,2026-07-18 22:00:00,1.51,53.8,37.2,157.0,0.0,RUNNING
TEL-13018,MCH-COILING-01,2026-07-18 23:00:00,2.39,54.8,39.3,152.2,1437.9,RUNNING
TEL-13019,MCH-COILING-02,2026-07-18 23:00:00,1.97,55.6,39.1,157.9,1443.9,RUNNING
TEL-13020,MCH-HEATTREAT-01,2026-07-18 23:00:00,1.26,856.6,37.5,158.7,0.0,RUNNING
TEL-13021,MCH-TEMPERING-01,2026-07-18 23:00:00,1.38,51.4,36.7,158.3,0.0,RUNNING
TEL-13022,MCH-SHOTPEEN-01,2026-07-18 23:00:00,1.43,50.9,37.1,157.4,0.0,RUNNING
TEL-13023,MCH-STABILIZER-01,2026-07-18 23:00:00,2.11,56.1,38.5,152.7,0.0,RUNNING
TEL-13024,MCH-TESTING-01,2026-07-18 23:00:00,1.82,55.8,36.8,158.8,0.0,RUNNING
TEL-13025,MCH-COILING-01,2026-07-19 00:00:00,2.46,55.1,38.0,157.1,1442.4,RUNNING
TEL-13026,MCH-COILING-02,2026-07-19 00:00:00,2.11,54.8,37.4,152.8,1446.2,RUNNING
TEL-13027,MCH-HEATTREAT-01,2026-07-19 00:00:00,1.33,857.0,35.7,158.1,0.0,RUNNING
TEL-13028,MCH-TEMPERING-01,2026-07-19 00:00:00,1.85,53.1,38.8,157.3,0.0,IDLE
TEL-13029,MCH-SHOTPEEN-01,2026-07-19 00:00:00,1.75,54.7,38.7,158.2,0.0,RUNNING
TEL-13030,MCH-STABILIZER-01,2026-07-19 00:00:00,2.15,58.1,39.9,152.8,0.0,RUNNING
TEL-13031,MCH-TESTING-01,2026-07-19 00:00:00,1.65,53.4,39.4,156.3,0.0,RUNNING
TEL-13032,MCH-COILING-01,2026-07-19 01:00:00,2.55,54.1,39.2,155.8,1465.0,RUNNING
TEL-13033,MCH-COILING-02,2026-07-19 01:00:00,1.77,59.5,38.0,153.5,1439.9,RUNNING
TEL-13034,MCH-HEATTREAT-01,2026-07-19 01:00:00,1.38,853.6,37.3,156.3,0.0,RUNNING
TEL-13035,MCH-TEMPERING-01,2026-07-19 01:00:00,1.69,52.1,36.5,154.0,0.0,RUNNING
TEL-13036,MCH-SHOTPEEN-01,2026-07-19 01:00:00,1.57,51.5,37.6,156.9,0.0,RUNNING
TEL-13037,MCH-STABILIZER-01,2026-07-19 01:00:00,1.86,54.1,38.1,156.0,0.0,RUNNING
TEL-13038,MCH-TESTING-01,2026-07-19 01:00:00,1.57,53.1,38.0,156.5,0.0,RUNNING
TEL-13039,MCH-COILING-01,2026-07-19 02:00:00,2.46,55.1,38.9,155.6,1438.0,RUNNING
TEL-13040,MCH-COILING-02,2026-07-19 02:00:00,2.01,54.1,38.5,157.6,1449.2,RUNNING
TEL-13041,MCH-HEATTREAT-01,2026-07-19 02:00:00,1.54,855.5,36.7,156.7,0.0,RUNNING
TEL-13042,MCH-TEMPERING-01,2026-07-19 02:00:00,1.51,51.4,38.2,153.9,0.0,RUNNING
TEL-13043,MCH-SHOTPEEN-01,2026-07-19 02:00:00,1.5,51.0,38.0,157.3,0.0,RUNNING
TEL-13044,MCH-STABILIZER-01,2026-07-19 02:00:00,2.2,56.1,38.0,151.7,0.0,RUNNING
TEL-13045,MCH-TESTING-01,2026-07-19 02:00:00,1.57,54.1,37.3,154.8,0.0,IDLE
TEL-13046,MCH-COILING-01,2026-07-19 03:00:00,2.26,55.3,39.9,152.0,1454.2,RUNNING
TEL-13047,MCH-COILING-02,2026-07-19 03:00:00,1.99,53.5,39.8,154.8,1452.7,RUNNING
TEL-13048,MCH-HEATTREAT-01,2026-07-19 03:00:00,1.3,855.4,35.9,158.5,0.0,RUNNING
TEL-13049,MCH-TEMPERING-01,2026-07-19 03:00:00,1.5,57.6,37.9,154.6,0.0,RUNNING
TEL-13050,MCH-SHOTPEEN-01,2026-07-19 03:00:00,1.66,55.4,38.3,156.6,0.0,RUNNING
TEL-13051,MCH-STABILIZER-01,2026-07-19 03:00:00,1.91,60.1,37.6,155.9,0.0,RUNNING
TEL-13052,MCH-TESTING-01,2026-07-19 03:00:00,1.54,55.0,37.8,156.2,0.0,RUNNING
TEL-13053,MCH-COILING-01,2026-07-19 04:00:00,2.57,58.9,39.3,157.3,1447.9,RUNNING
TEL-13054,MCH-COILING-02,2026-07-19 04:00:00,2.07,59.3,37.7,154.7,1451.3,RUNNING
TEL-13055,MCH-HEATTREAT-01,2026-07-19 04:00:00,1.37,851.8,37.1,158.2,0.0,RUNNING
TEL-13056,MCH-TEMPERING-01,2026-07-19 04:00:00,1.6,54.7,36.9,157.6,0.0,RUNNING
TEL-13057,MCH-SHOTPEEN-01,2026-07-19 04:00:00,1.72,55.5,38.4,156.2,0.0,RUNNING
TEL-13058,MCH-STABILIZER-01,2026-07-19 04:00:00,1.9,58.8,38.4,154.2,0.0,RUNNING
TEL-13059,MCH-TESTING-01,2026-07-19 04:00:00,1.84,54.2,39.4,158.0,0.0,RUNNING
TEL-13060,MCH-COILING-01,2026-07-19 05:00:00,2.35,56.4,39.9,153.7,1451.7,RUNNING
TEL-13061,MCH-COILING-02,2026-07-19 05:00:00,2.07,53.3,37.6,153.0,1456.9,RUNNING
TEL-13062,MCH-HEATTREAT-01,2026-07-19 05:00:00,1.45,852.5,38.2,156.2,0.0,RUNNING
TEL-13063,MCH-TEMPERING-01,2026-07-19 05:00:00,1.62,55.1,37.1,154.2,0.0,IDLE
TEL-13064,MCH-SHOTPEEN-01,2026-07-19 05:00:00,1.75,52.1,36.7,158.9,0.0,RUNNING
TEL-13065,MCH-STABILIZER-01,2026-07-19 05:00:00,2.06,55.2,37.6,151.4,0.0,RUNNING
TEL-13066,MCH-TESTING-01,2026-07-19 05:00:00,1.7,52.9,38.7,153.0,0.0,RUNNING
TEL-13067,MCH-COILING-01,2026-07-19 06:00:00,2.22,59.9,40.2,156.3,1436.6,RUNNING
TEL-13068,MCH-COILING-02,2026-07-19 06:00:00,1.89,54.4,38.7,153.6,1436.2,RUNNING
TEL-13069,MCH-HEATTREAT-01,2026-07-19 06:00:00,1.44,851.8,37.8,157.8,0.0,RUNNING
TEL-13070,MCH-TEMPERING-01,2026-07-19 06:00:00,1.76,54.8,36.9,154.1,0.0,RUNNING
TEL-13071,MCH-SHOTPEEN-01,2026-07-19 06:00:00,1.45,57.1,36.9,158.5,0.0,RUNNING
TEL-13072,MCH-STABILIZER-01,2026-07-19 06:00:00,2.0,54.2,39.2,154.1,0.0,RUNNING
TEL-13073,MCH-TESTING-01,2026-07-19 06:00:00,1.66,53.7,36.9,156.9,0.0,RUNNING
TEL-13074,MCH-COILING-01,2026-07-19 07:00:00,2.56,57.0,38.9,152.2,1443.4,RUNNING
TEL-13075,MCH-COILING-02,2026-07-19 07:00:00,2.01,55.5,37.3,153.8,1448.9,RUNNING
TEL-13076,MCH-HEATTREAT-01,2026-07-19 07:00:00,1.37,854.3,36.8,155.3,0.0,RUNNING
TEL-13077,MCH-TEMPERING-01,2026-07-19 07:00:00,1.5,57.7,39.0,157.9,0.0,RUNNING
TEL-13078,MCH-SHOTPEEN-01,2026-07-19 07:00:00,1.67,56.1,37.0,157.6,0.0,RUNNING
TEL-13079,MCH-STABILIZER-01,2026-07-19 07:00:00,1.96,60.1,39.7,153.6,0.0,RUNNING
TEL-13080,MCH-TESTING-01,2026-07-19 07:00:00,1.86,52.6,38.9,155.5,0.0,RUNNING
TEL-13081,MCH-COILING-01,2026-07-19 08:00:00,2.49,56.5,38.6,157.1,1461.8,RUNNING
TEL-13082,MCH-COILING-02,2026-07-19 08:00:00,1.89,57.7,39.6,155.5,1440.4,RUNNING
TEL-13083,MCH-HEATTREAT-01,2026-07-19 08:00:00,1.53,857.2,38.0,157.2,0.0,RUNNING
TEL-13084,MCH-TEMPERING-01,2026-07-19 08:00:00,1.49,54.8,36.4,153.7,0.0,RUNNING
TEL-13085,MCH-SHOTPEEN-01,2026-07-19 08:00:00,1.66,54.6,36.7,157.5,0.0,IDLE
TEL-13086,MCH-STABILIZER-01,2026-07-19 08:00:00,1.9,57.7,38.9,152.9,0.0,RUNNING
TEL-13087,MCH-TESTING-01,2026-07-19 08:00:00,1.84,52.9,37.4,155.4,0.0,RUNNING
TEL-13088,MCH-COILING-01,2026-07-19 09:00:00,2.3,59.3,39.3,154.1,1457.8,IDLE
TEL-13089,MCH-COILING-02,2026-07-19 09:00:00,1.87,55.1,38.8,156.3,1446.4,RUNNING
TEL-13090,MCH-HEATTREAT-01,2026-07-19 09:00:00,1.36,855.1,36.4,157.2,0.0,RUNNING
TEL-13091,MCH-TEMPERING-01,2026-07-19 09:00:00,1.63,55.9,36.6,153.2,0.0,RUNNING
TEL-13092,MCH-SHOTPEEN-01,2026-07-19 09:00:00,1.65,52.4,38.9,157.1,0.0,RUNNING
TEL-13093,MCH-STABILIZER-01,2026-07-19 09:00:00,2.13,55.8,37.9,155.7,0.0,RUNNING
TEL-13094,MCH-TESTING-01,2026-07-19 09:00:00,1.84,55.7,39.1,153.0,0.0,RUNNING
TEL-13095,MCH-COILING-01,2026-07-19 10:00:00,2.41,54.4,39.6,151.7,1449.7,RUNNING
TEL-13096,MCH-COILING-02,2026-07-19 10:00:00,1.89,53.8,37.9,154.9,1462.2,RUNNING
TEL-13097,MCH-HEATTREAT-01,2026-07-19 10:00:00,1.28,851.8,37.7,154.9,0.0,RUNNING
TEL-13098,MCH-TEMPERING-01,2026-07-19 10:00:00,1.79,57.5,37.4,155.6,0.0,RUNNING
TEL-13099,MCH-SHOTPEEN-01,2026-07-19 10:00:00,1.75,51.8,38.9,157.9,0.0,RUNNING
TEL-13100,MCH-STABILIZER-01,2026-07-19 10:00:00,2.21,59.9,39.9,153.5,0.0,RUNNING
TEL-13101,MCH-TESTING-01,2026-07-19 10:00:00,1.81,55.2,39.1,157.3,0.0,RUNNING
TEL-13102,MCH-COILING-01,2026-07-19 11:00:00,2.6,54.9,39.0,155.5,1452.3,RUNNING
TEL-13103,MCH-COILING-02,2026-07-19 11:00:00,2.03,55.2,37.4,154.6,1460.2,RUNNING
TEL-13104,MCH-HEATTREAT-01,2026-07-19 11:00:00,1.21,857.8,36.6,158.9,0.0,RUNNING
TEL-13105,MCH-TEMPERING-01,2026-07-19 11:00:00,1.59,51.5,38.5,155.8,0.0,RUNNING
TEL-13106,MCH-SHOTPEEN-01,2026-07-19 11:00:00,1.65,52.6,36.3,156.2,0.0,RUNNING
TEL-13107,MCH-STABILIZER-01,2026-07-19 11:00:00,1.92,59.3,39.0,156.1,0.0,RUNNING
TEL-13108,MCH-TESTING-01,2026-07-19 11:00:00,1.75,52.7,38.8,155.3,0.0,RUNNING
TEL-13109,MCH-COILING-01,2026-07-19 12:00:00,2.41,57.7,38.4,151.9,1435.5,RUNNING
TEL-13110,MCH-COILING-02,2026-07-19 12:00:00,1.93,56.5,38.2,154.9,1444.9,RUNNING
TEL-13111,MCH-HEATTREAT-01,2026-07-19 12:00:00,1.53,854.0,37.8,157.8,0.0,RUNNING
TEL-13112,MCH-TEMPERING-01,2026-07-19 12:00:00,1.72,52.4,37.9,156.9,0.0,RUNNING
TEL-13113,MCH-SHOTPEEN-01,2026-07-19 12:00:00,1.71,57.4,36.3,158.4,0.0,RUNNING
TEL-13114,MCH-STABILIZER-01,2026-07-19 12:00:00,2.09,59.5,40.1,155.1,0.0,RUNNING
TEL-13115,MCH-TESTING-01,2026-07-19 12:00:00,1.58,52.6,38.0,154.4,0.0,RUNNING
TEL-13116,MCH-COILING-01,2026-07-19 13:00:00,2.39,58.5,37.8,156.6,1455.5,RUNNING
TEL-13117,MCH-COILING-02,2026-07-19 13:00:00,1.89,54.6,39.7,156.4,1447.1,RUNNING
TEL-13118,MCH-HEATTREAT-01,2026-07-19 13:00:00,1.57,855.8,38.2,157.2,0.0,RUNNING
TEL-13119,MCH-TEMPERING-01,2026-07-19 13:00:00,1.68,52.4,38.9,158.2,0.0,RUNNING
TEL-13120,MCH-SHOTPEEN-01,2026-07-19 13:00:00,1.81,56.3,39.0,156.3,0.0,RUNNING
TEL-13121,MCH-STABILIZER-01,2026-07-19 13:00:00,2.0,56.1,40.2,152.5,0.0,RUNNING
TEL-13122,MCH-TESTING-01,2026-07-19 13:00:00,1.71,54.8,39.4,152.8,0.0,RUNNING
TEL-13123,MCH-COILING-01,2026-07-19 14:00:00,2.55,57.9,38.1,154.9,1439.7,RUNNING
TEL-13124,MCH-COILING-02,2026-07-19 14:00:00,2.0,56.7,40.1,153.3,1461.5,RUNNING
TEL-13125,MCH-HEATTREAT-01,2026-07-19 14:00:00,1.29,853.6,37.6,158.2,0.0,RUNNING
TEL-13126,MCH-TEMPERING-01,2026-07-19 14:00:00,1.5,53.6,38.1,159.0,0.0,RUNNING
TEL-13127,MCH-SHOTPEEN-01,2026-07-19 14:00:00,1.81,54.9,36.4,155.4,0.0,RUNNING
TEL-13128,MCH-STABILIZER-01,2026-07-19 14:00:00,1.91,56.4,40.6,154.5,0.0,RUNNING
TEL-13129,MCH-TESTING-01,2026-07-19 14:00:00,1.64,55.5,38.1,157.4,0.0,RUNNING
TEL-13130,MCH-COILING-01,2026-07-19 15:00:00,2.32,54.3,38.0,156.6,1455.3,RUNNING
TEL-13131,MCH-COILING-02,2026-07-19 15:00:00,1.91,56.7,38.5,154.9,1462.8,RUNNING
TEL-13132,MCH-HEATTREAT-01,2026-07-19 15:00:00,1.35,855.6,37.5,158.4,0.0,RUNNING
TEL-13133,MCH-TEMPERING-01,2026-07-19 15:00:00,1.71,55.0,38.6,158.6,0.0,RUNNING
TEL-13134,MCH-SHOTPEEN-01,2026-07-19 15:00:00,1.56,56.5,38.9,156.8,0.0,RUNNING
TEL-13135,MCH-STABILIZER-01,2026-07-19 15:00:00,1.89,59.6,39.1,153.3,0.0,RUNNING
TEL-13136,MCH-TESTING-01,2026-07-19 15:00:00,1.71,52.1,38.0,158.4,0.0,RUNNING
TEL-13137,MCH-COILING-01,2026-07-19 16:00:00,2.39,55.9,38.9,151.7,1435.9,RUNNING
TEL-13138,MCH-COILING-02,2026-07-19 16:00:00,1.74,57.4,39.8,157.0,1448.6,RUNNING
TEL-13139,MCH-HEATTREAT-01,2026-07-19 16:00:00,1.41,855.3,36.8,155.4,0.0,RUNNING
TEL-13140,MCH-TEMPERING-01,2026-07-19 16:00:00,1.57,53.2,37.9,157.7,0.0,IDLE
TEL-13141,MCH-SHOTPEEN-01,2026-07-19 16:00:00,1.75,53.9,37.8,157.3,0.0,RUNNING
TEL-13142,MCH-STABILIZER-01,2026-07-19 16:00:00,2.22,55.2,39.5,155.1,0.0,RUNNING
TEL-13143,MCH-TESTING-01,2026-07-19 16:00:00,1.7,51.8,39.4,156.9,0.0,RUNNING
TEL-13144,MCH-COILING-01,2026-07-19 17:00:00,2.58,56.4,37.9,156.2,1447.2,RUNNING
TEL-13145,MCH-COILING-02,2026-07-19 17:00:00,1.95,56.7,39.8,153.3,1438.6,RUNNING
TEL-13146,MCH-HEATTREAT-01,2026-07-19 17:00:00,1.5,852.6,38.3,155.5,0.0,RUNNING
TEL-13147,MCH-TEMPERING-01,2026-07-19 17:00:00,1.56,53.0,37.3,156.7,0.0,RUNNING
TEL-13148,MCH-SHOTPEEN-01,2026-07-19 17:00:00,1.48,52.6,39.2,157.4,0.0,RUNNING
TEL-13149,MCH-STABILIZER-01,2026-07-19 17:00:00,2.2,54.6,37.6,155.8,0.0,RUNNING
TEL-13150,MCH-TESTING-01,2026-07-19 17:00:00,1.9,52.8,37.1,158.0,0.0,RUNNING
TEL-13151,MCH-COILING-01,2026-07-19 18:00:00,2.46,57.7,40.4,152.3,1441.7,RUNNING
TEL-13152,MCH-COILING-02,2026-07-19 18:00:00,1.73,56.8,38.0,154.6,1459.7,RUNNING
TEL-13153,MCH-HEATTREAT-01,2026-07-19 18:00:00,1.22,855.4,37.5,157.1,0.0,RUNNING
TEL-13154,MCH-TEMPERING-01,2026-07-19 18:00:00,1.75,52.8,37.3,158.2,0.0,RUNNING
TEL-13155,MCH-SHOTPEEN-01,2026-07-19 18:00:00,1.53,53.3,36.9,157.9,0.0,RUNNING
TEL-13156,MCH-STABILIZER-01,2026-07-19 18:00:00,2.14,58.6,40.0,156.0,0.0,RUNNING
TEL-13157,MCH-TESTING-01,2026-07-19 18:00:00,1.64,51.9,37.3,155.2,0.0,RUNNING
TEL-13158,MCH-COILING-01,2026-07-19 19:00:00,2.56,59.8,39.2,152.1,1461.2,RUNNING
TEL-13159,MCH-COILING-02,2026-07-19 19:00:00,2.12,54.8,38.3,157.5,1447.0,RUNNING
TEL-13160,MCH-HEATTREAT-01,2026-07-19 19:00:00,1.28,852.3,36.8,156.7,0.0,RUNNING
TEL-13161,MCH-TEMPERING-01,2026-07-19 19:00:00,1.69,55.3,38.0,154.9,0.0,RUNNING
TEL-13162,MCH-SHOTPEEN-01,2026-07-19 19:00:00,1.56,53.0,38.7,159.2,0.0,RUNNING
TEL-13163,MCH-STABILIZER-01,2026-07-19 19:00:00,2.1,55.2,39.8,157.0,0.0,RUNNING
TEL-13164,MCH-TESTING-01,2026-07-19 19:00:00,1.74,53.0,39.5,156.2,0.0,RUNNING
TEL-13165,MCH-COILING-01,2026-07-19 20:00:00,2.38,56.5,40.4,157.1,1452.1,RUNNING
TEL-13166,MCH-COILING-02,2026-07-19 20:00:00,1.8,55.5,39.1,155.4,1461.7,RUNNING
TEL-13167,MCH-HEATTREAT-01,2026-07-19 20:00:00,1.53,855.3,37.8,159.1,0.0,RUNNING
TEL-13168,MCH-TEMPERING-01,2026-07-19 20:00:00,1.55,53.4,38.0,156.0,0.0,RUNNING
TEL-13169,MCH-SHOTPEEN-01,2026-07-19 20:00:00,1.63,54.0,37.7,157.0,0.0,RUNNING
TEL-13170,MCH-STABILIZER-01,2026-07-19 20:00:00,2.15,54.1,38.0,152.8,0.0,RUNNING
TEL-13171,MCH-TESTING-01,2026-07-19 20:00:00,1.74,57.5,37.4,156.4,0.0,RUNNING
TEL-13172,MCH-COILING-01,2026-07-19 21:00:00,2.35,57.9,39.8,157.2,1453.0,RUNNING
TEL-13173,MCH-COILING-02,2026-07-19 21:00:00,1.77,53.3,37.2,152.3,1443.9,RUNNING
TEL-13174,MCH-HEATTREAT-01,2026-07-19 21:00:00,1.46,854.5,36.7,159.4,0.0,RUNNING
TEL-13175,MCH-TEMPERING-01,2026-07-19 21:00:00,1.83,57.5,37.3,157.1,0.0,RUNNING
TEL-13176,MCH-SHOTPEEN-01,2026-07-19 21:00:00,1.42,52.8,39.0,153.8,0.0,RUNNING
TEL-13177,MCH-STABILIZER-01,2026-07-19 21:00:00,1.84,57.4,39.3,153.2,0.0,RUNNING
TEL-13178,MCH-TESTING-01,2026-07-19 21:00:00,1.87,54.9,36.7,156.5,0.0,RUNNING
TEL-13179,MCH-COILING-01,2026-07-19 22:00:00,2.35,58.3,38.4,155.8,1455.0,RUNNING
TEL-13180,MCH-COILING-02,2026-07-19 22:00:00,1.84,53.3,39.1,156.1,1439.5,RUNNING
TEL-13181,MCH-HEATTREAT-01,2026-07-19 22:00:00,1.29,856.8,35.6,160.0,0.0,RUNNING
TEL-13182,MCH-TEMPERING-01,2026-07-19 22:00:00,1.62,57.4,36.7,158.8,0.0,RUNNING
TEL-13183,MCH-SHOTPEEN-01,2026-07-19 22:00:00,1.66,51.8,39.0,159.0,0.0,RUNNING
TEL-13184,MCH-STABILIZER-01,2026-07-19 22:00:00,2.05,60.4,40.0,155.2,0.0,RUNNING
TEL-13185,MCH-TESTING-01,2026-07-19 22:00:00,1.69,52.7,36.6,155.6,0.0,RUNNING
TEL-13186,MCH-COILING-01,2026-07-19 23:00:00,2.47,54.0,39.4,153.8,1463.1,RUNNING
TEL-13187,MCH-COILING-02,2026-07-19 23:00:00,1.86,56.3,39.5,155.8,1457.0,RUNNING
TEL-13188,MCH-HEATTREAT-01,2026-07-19 23:00:00,1.31,856.9,36.5,159.1,0.0,RUNNING
TEL-13189,MCH-TEMPERING-01,2026-07-19 23:00:00,1.55,55.9,37.3,158.9,0.0,RUNNING
TEL-13190,MCH-SHOTPEEN-01,2026-07-19 23:00:00,1.6,55.0,38.8,153.9,0.0,RUNNING
TEL-13191,MCH-STABILIZER-01,2026-07-19 23:00:00,2.03,55.3,38.1,154.3,0.0,RUNNING
TEL-13192,MCH-TESTING-01,2026-07-19 23:00:00,1.55,54.5,38.9,157.4,0.0,RUNNING
TEL-13193,MCH-COILING-01,2026-07-20 00:00:00,2.52,54.4,38.4,151.4,1438.5,RUNNING
TEL-13194,MCH-COILING-02,2026-07-20 00:00:00,2.17,55.6,37.7,153.5,1435.7,RUNNING
TEL-13195,MCH-HEATTREAT-01,2026-07-20 00:00:00,1.07,851.4,37.8,159.8,0.0,RUNNING
TEL-13196,MCH-TEMPERING-01,2026-07-20 00:00:00,1.84,54.4,39.3,156.1,0.0,RUNNING
TEL-13197,MCH-SHOTPEEN-01,2026-07-20 00:00:00,1.93,52.2,38.5,155.9,0.0,IDLE
TEL-13198,MCH-STABILIZER-01,2026-07-20 00:00:00,2.3,57.9,40.7,156.4,0.0,RUNNING
TEL-13199,MCH-TESTING-01,2026-07-20 00:00:00,1.86,54.0,37.7,156.2,0.0,RUNNING
TEL-13200,MCH-COILING-01,2026-07-20 01:00:00,2.3,56.2,39.4,154.7,1455.8,RUNNING
TEL-13201,MCH-COILING-02,2026-07-20 01:00:00,1.93,54.7,39.3,155.1,1438.6,RUNNING
TEL-13202,MCH-HEATTREAT-01,2026-07-20 01:00:00,1.17,854.2,36.5,157.0,0.0,RUNNING
TEL-13203,MCH-TEMPERING-01,2026-07-20 01:00:00,1.68,54.2,39.7,153.6,0.0,RUNNING
TEL-13204,MCH-SHOTPEEN-01,2026-07-20 01:00:00,1.86,54.4,37.0,156.4,0.0,RUNNING
TEL-13205,MCH-STABILIZER-01,2026-07-20 01:00:00,2.24,57.4,38.7,155.6,0.0,RUNNING
TEL-13206,MCH-TESTING-01,2026-07-20 01:00:00,1.77,53.2,38.5,152.6,0.0,IDLE
TEL-13207,MCH-COILING-01,2026-07-20 02:00:00,2.46,58.5,40.0,156.5,1447.2,RUNNING
TEL-13208,MCH-COILING-02,2026-07-20 02:00:00,1.99,60.6,38.7,153.5,1437.1,RUNNING
TEL-13209,MCH-HEATTREAT-01,2026-07-20 02:00:00,1.28,850.5,35.6,159.6,0.0,RUNNING
TEL-13210,MCH-TEMPERING-01,2026-07-20 02:00:00,1.73,57.3,37.7,152.9,0.0,RUNNING
TEL-13211,MCH-SHOTPEEN-01,2026-07-20 02:00:00,1.78,54.4,37.2,154.5,0.0,RUNNING
TEL-13212,MCH-STABILIZER-01,2026-07-20 02:00:00,2.19,56.9,39.7,151.1,0.0,RUNNING
TEL-13213,MCH-TESTING-01,2026-07-20 02:00:00,1.71,57.2,37.5,156.5,0.0,RUNNING
TEL-13214,MCH-COILING-01,2026-07-20 03:00:00,2.66,60.3,39.5,153.0,1448.8,RUNNING
TEL-13215,MCH-COILING-02,2026-07-20 03:00:00,2.14,59.0,40.4,155.1,1450.9,RUNNING
TEL-13216,MCH-HEATTREAT-01,2026-07-20 03:00:00,1.31,852.0,37.1,158.8,0.0,RUNNING
TEL-13217,MCH-TEMPERING-01,2026-07-20 03:00:00,1.72,52.9,37.4,157.9,0.0,RUNNING
TEL-13218,MCH-SHOTPEEN-01,2026-07-20 03:00:00,1.74,56.0,38.3,155.1,0.0,RUNNING
TEL-13219,MCH-STABILIZER-01,2026-07-20 03:00:00,2.11,58.0,40.3,156.5,0.0,RUNNING
TEL-13220,MCH-TESTING-01,2026-07-20 03:00:00,1.88,57.8,39.2,153.0,0.0,RUNNING
TEL-13221,MCH-COILING-01,2026-07-20 04:00:00,2.62,59.6,38.0,152.2,1435.8,RUNNING
TEL-13222,MCH-COILING-02,2026-07-20 04:00:00,2.04,55.5,40.2,152.1,1456.2,RUNNING
TEL-13223,MCH-HEATTREAT-01,2026-07-20 04:00:00,1.1,854.5,35.6,161.3,0.0,RUNNING
TEL-13224,MCH-TEMPERING-01,2026-07-20 04:00:00,1.67,53.3,38.4,153.4,0.0,RUNNING
TEL-13225,MCH-SHOTPEEN-01,2026-07-20 04:00:00,1.61,54.5,39.1,158.5,0.0,RUNNING
TEL-13226,MCH-STABILIZER-01,2026-07-20 04:00:00,2.3,59.2,38.8,153.4,0.0,RUNNING
TEL-13227,MCH-TESTING-01,2026-07-20 04:00:00,1.85,56.9,37.5,155.6,0.0,RUNNING
TEL-13228,MCH-COILING-01,2026-07-20 05:00:00,2.34,55.3,39.8,151.2,1437.8,RUNNING
TEL-13229,MCH-COILING-02,2026-07-20 05:00:00,1.84,56.9,38.2,155.8,1440.3,RUNNING
TEL-13230,MCH-HEATTREAT-01,2026-07-20 05:00:00,1.07,856.3,36.4,155.7,0.0,RUNNING
TEL-13231,MCH-TEMPERING-01,2026-07-20 05:00:00,1.62,56.0,39.1,155.5,0.0,RUNNING
TEL-13232,MCH-SHOTPEEN-01,2026-07-20 05:00:00,1.89,54.1,37.5,154.7,0.0,RUNNING
TEL-13233,MCH-STABILIZER-01,2026-07-20 05:00:00,1.98,60.9,39.0,154.1,0.0,RUNNING
TEL-13234,MCH-TESTING-01,2026-07-20 05:00:00,1.63,55.9,37.5,152.6,0.0,RUNNING
TEL-13235,MCH-COILING-01,2026-07-20 06:00:00,2.44,56.2,38.5,155.1,1440.5,RUNNING
TEL-13236,MCH-COILING-02,2026-07-20 06:00:00,2.24,58.8,38.1,152.0,1448.5,RUNNING
TEL-13237,MCH-HEATTREAT-01,2026-07-20 06:00:00,1.09,850.6,37.6,158.3,0.0,RUNNING
TEL-13238,MCH-TEMPERING-01,2026-07-20 06:00:00,1.94,54.7,37.6,155.5,0.0,RUNNING
TEL-13239,MCH-SHOTPEEN-01,2026-07-20 06:00:00,1.72,53.3,37.8,154.1,0.0,RUNNING
TEL-13240,MCH-STABILIZER-01,2026-07-20 06:00:00,2.09,57.0,39.9,155.5,0.0,RUNNING
TEL-13241,MCH-TESTING-01,2026-07-20 06:00:00,1.72,57.1,37.0,155.3,0.0,RUNNING
TEL-13242,MCH-COILING-01,2026-07-20 07:00:00,2.57,55.2,39.2,151.2,1454.4,RUNNING
TEL-13243,MCH-COILING-02,2026-07-20 07:00:00,2.16,56.5,38.1,154.0,1439.1,RUNNING
TEL-13244,MCH-HEATTREAT-01,2026-07-20 07:00:00,1.01,856.1,37.4,155.4,0.0,IDLE
TEL-13245,MCH-TEMPERING-01,2026-07-20 07:00:00,1.84,53.3,38.2,158.5,0.0,RUNNING
TEL-13246,MCH-SHOTPEEN-01,2026-07-20 07:00:00,1.86,58.1,39.3,157.5,0.0,RUNNING
TEL-13247,MCH-STABILIZER-01,2026-07-20 07:00:00,2.25,56.8,39.3,152.6,0.0,RUNNING
TEL-13248,MCH-TESTING-01,2026-07-20 07:00:00,1.83,53.0,39.6,158.3,0.0,RUNNING
TEL-13249,MCH-COILING-01,2026-07-20 08:00:00,2.51,57.5,39.5,154.3,1443.3,RUNNING
TEL-13250,MCH-COILING-02,2026-07-20 08:00:00,2.16,55.8,40.4,154.3,1436.0,RUNNING
TEL-13251,MCH-HEATTREAT-01,2026-07-20 08:00:00,1.37,855.4,35.0,157.0,0.0,RUNNING
TEL-13252,MCH-TEMPERING-01,2026-07-20 08:00:00,1.83,53.0,38.0,157.9,0.0,RUNNING
TEL-13253,MCH-SHOTPEEN-01,2026-07-20 08:00:00,1.6,56.8,39.6,154.2,0.0,RUNNING
TEL-13254,MCH-STABILIZER-01,2026-07-20 08:00:00,2.01,55.9,39.6,154.9,0.0,RUNNING
TEL-13255,MCH-TESTING-01,2026-07-20 08:00:00,1.92,52.8,39.4,153.1,0.0,RUNNING
TEL-13256,MCH-COILING-01,2026-07-20 09:00:00,2.51,56.6,38.5,151.1,1437.2,RUNNING
TEL-13257,MCH-COILING-02,2026-07-20 09:00:00,2.02,58.6,40.4,152.2,1462.3,RUNNING
TEL-13258,MCH-HEATTREAT-01,2026-07-20 09:00:00,1.4,854.7,35.9,158.3,0.0,RUNNING
TEL-13259,MCH-TEMPERING-01,2026-07-20 09:00:00,1.92,56.2,37.7,156.9,0.0,RUNNING
TEL-13260,MCH-SHOTPEEN-01,2026-07-20 09:00:00,1.83,52.4,38.2,155.7,0.0,RUNNING
TEL-13261,MCH-STABILIZER-01,2026-07-20 09:00:00,2.34,56.3,39.6,154.0,0.0,RUNNING
TEL-13262,MCH-TESTING-01,2026-07-20 09:00:00,1.73,55.9,39.4,152.8,0.0,RUNNING
TEL-13263,MCH-COILING-01,2026-07-20 10:00:00,2.43,54.9,39.9,155.3,1442.7,RUNNING
TEL-13264,MCH-COILING-02,2026-07-20 10:00:00,2.0,57.1,40.6,154.9,1464.2,RUNNING
TEL-13265,MCH-HEATTREAT-01,2026-07-20 10:00:00,1.17,855.0,35.9,157.8,0.0,RUNNING
TEL-13266,MCH-TEMPERING-01,2026-07-20 10:00:00,1.67,57.1,37.9,157.9,0.0,RUNNING
TEL-13267,MCH-SHOTPEEN-01,2026-07-20 10:00:00,1.94,57.5,39.2,155.4,0.0,RUNNING
TEL-13268,MCH-STABILIZER-01,2026-07-20 10:00:00,2.28,55.2,39.6,154.2,0.0,RUNNING
TEL-13269,MCH-TESTING-01,2026-07-20 10:00:00,1.63,54.9,36.9,155.0,0.0,RUNNING
TEL-13270,MCH-COILING-01,2026-07-20 11:00:00,2.41,57.3,39.3,156.8,1444.9,RUNNING
TEL-13271,MCH-COILING-02,2026-07-20 11:00:00,2.05,56.7,38.6,155.8,1461.7,RUNNING
TEL-13272,MCH-HEATTREAT-01,2026-07-20 11:00:00,1.41,851.2,36.4,156.9,0.0,IDLE
TEL-13273,MCH-TEMPERING-01,2026-07-20 11:00:00,1.72,55.0,38.3,157.5,0.0,RUNNING
TEL-13274,MCH-SHOTPEEN-01,2026-07-20 11:00:00,1.89,53.8,36.8,153.1,0.0,RUNNING
TEL-13275,MCH-STABILIZER-01,2026-07-20 11:00:00,2.06,55.6,38.5,152.3,0.0,RUNNING
TEL-13276,MCH-TESTING-01,2026-07-20 11:00:00,1.63,55.7,38.7,158.0,0.0,IDLE
TEL-13277,MCH-COILING-01,2026-07-20 12:00:00,2.6,59.8,38.3,153.5,1451.0,RUNNING
TEL-13278,MCH-COILING-02,2026-07-20 12:00:00,2.05,55.6,38.6,154.1,1436.3,RUNNING
TEL-13279,MCH-HEATTREAT-01,2026-07-20 12:00:00,1.02,851.7,35.5,160.6,0.0,RUNNING
TEL-13280,MCH-TEMPERING-01,2026-07-20 12:00:00,1.94,53.1,37.4,156.5,0.0,RUNNING
TEL-13281,MCH-SHOTPEEN-01,2026-07-20 12:00:00,1.56,56.5,38.9,155.9,0.0,RUNNING
TEL-13282,MCH-STABILIZER-01,2026-07-20 12:00:00,2.05,61.3,40.3,152.4,0.0,RUNNING
TEL-13283,MCH-TESTING-01,2026-07-20 12:00:00,1.71,56.1,38.6,155.0,0.0,RUNNING
TEL-13284,MCH-COILING-01,2026-07-20 13:00:00,2.52,58.2,40.3,156.6,1461.9,RUNNING
TEL-13285,MCH-COILING-02,2026-07-20 13:00:00,1.9,55.9,40.6,154.6,1438.3,RUNNING
TEL-13286,MCH-HEATTREAT-01,2026-07-20 13:00:00,1.25,853.5,35.9,160.8,0.0,RUNNING
TEL-13287,MCH-TEMPERING-01,2026-07-20 13:00:00,1.7,57.1,39.0,155.6,0.0,RUNNING
TEL-13288,MCH-SHOTPEEN-01,2026-07-20 13:00:00,1.94,52.0,37.6,156.5,0.0,RUNNING
TEL-13289,MCH-STABILIZER-01,2026-07-20 13:00:00,2.19,59.3,40.7,154.2,0.0,RUNNING
TEL-13290,MCH-TESTING-01,2026-07-20 13:00:00,1.82,53.3,39.8,152.4,0.0,RUNNING
TEL-13291,MCH-COILING-01,2026-07-20 14:00:00,2.38,55.3,40.4,156.2,1459.0,RUNNING
TEL-13292,MCH-COILING-02,2026-07-20 14:00:00,1.99,57.5,40.5,152.1,1450.6,RUNNING
TEL-13293,MCH-HEATTREAT-01,2026-07-20 14:00:00,1.36,853.1,37.5,156.2,0.0,RUNNING
TEL-13294,MCH-TEMPERING-01,2026-07-20 14:00:00,1.79,54.9,38.1,154.3,0.0,RUNNING
TEL-13295,MCH-SHOTPEEN-01,2026-07-20 14:00:00,1.69,54.3,39.5,156.6,0.0,RUNNING
TEL-13296,MCH-STABILIZER-01,2026-07-20 14:00:00,2.32,59.7,41.0,154.8,0.0,RUNNING
TEL-13297,MCH-TESTING-01,2026-07-20 14:00:00,1.68,55.6,39.1,153.2,0.0,RUNNING
TEL-13298,MCH-COILING-01,2026-07-20 15:00:00,2.6,57.7,38.9,154.2,1463.1,RUNNING
TEL-13299,MCH-COILING-02,2026-07-20 15:00:00,2.01,55.7,39.9,152.3,1461.7,IDLE
TEL-13300,MCH-HEATTREAT-01,2026-07-20 15:00:00,1.27,854.8,36.1,159.0,0.0,RUNNING
TEL-13301,MCH-TEMPERING-01,2026-07-20 15:00:00,1.75,57.5,37.6,155.7,0.0,RUNNING
TEL-13302,MCH-SHOTPEEN-01,2026-07-20 15:00:00,1.94,53.2,36.7,155.1,0.0,RUNNING
TEL-13303,MCH-STABILIZER-01,2026-07-20 15:00:00,2.04,61.2,40.7,151.2,0.0,RUNNING
TEL-13304,MCH-TESTING-01,2026-07-20 15:00:00,1.92,58.3,39.2,153.0,0.0,RUNNING
TEL-13305,MCH-COILING-01,2026-07-20 16:00:00,2.34,59.4,40.4,156.0,1459.7,RUNNING
TEL-13306,MCH-COILING-02,2026-07-20 16:00:00,2.01,57.7,40.1,156.9,1462.8,RUNNING
TEL-13307,MCH-HEATTREAT-01,2026-07-20 16:00:00,1.19,851.0,36.9,156.0,0.0,RUNNING
TEL-13308,MCH-TEMPERING-01,2026-07-20 16:00:00,1.94,52.2,37.2,153.7,0.0,RUNNING
TEL-13309,MCH-SHOTPEEN-01,2026-07-20 16:00:00,1.88,52.3,38.8,157.5,0.0,RUNNING
TEL-13310,MCH-STABILIZER-01,2026-07-20 16:00:00,2.08,56.7,40.4,154.0,0.0,RUNNING
TEL-13311,MCH-TESTING-01,2026-07-20 16:00:00,1.62,58.1,37.7,155.2,0.0,RUNNING
TEL-13312,MCH-COILING-01,2026-07-20 17:00:00,2.41,56.0,39.6,153.8,1449.9,RUNNING
TEL-13313,MCH-COILING-02,2026-07-20 17:00:00,2.08,54.6,40.1,156.5,1451.2,RUNNING
TEL-13314,MCH-HEATTREAT-01,2026-07-20 17:00:00,1.35,855.0,36.3,155.7,0.0,RUNNING
TEL-13315,MCH-TEMPERING-01,2026-07-20 17:00:00,1.69,56.0,38.4,154.4,0.0,RUNNING
TEL-13316,MCH-SHOTPEEN-01,2026-07-20 17:00:00,1.79,56.6,37.8,155.1,0.0,RUNNING
TEL-13317,MCH-STABILIZER-01,2026-07-20 17:00:00,2.16,58.5,39.3,152.0,0.0,IDLE
TEL-13318,MCH-TESTING-01,2026-07-20 17:00:00,1.66,52.4,38.3,152.9,0.0,RUNNING
TEL-13319,MCH-COILING-01,2026-07-20 18:00:00,2.44,55.1,38.1,154.9,1455.0,IDLE
TEL-13320,MCH-COILING-02,2026-07-20 18:00:00,2.18,58.9,39.3,156.1,1438.0,RUNNING
TEL-13321,MCH-HEATTREAT-01,2026-07-20 18:00:00,1.27,853.6,36.9,160.4,0.0,RUNNING
TEL-13322,MCH-TEMPERING-01,2026-07-20 18:00:00,1.6,57.1,39.2,152.8,0.0,RUNNING
TEL-13323,MCH-SHOTPEEN-01,2026-07-20 18:00:00,1.55,54.6,38.8,157.8,0.0,RUNNING
TEL-13324,MCH-STABILIZER-01,2026-07-20 18:00:00,2.31,55.2,39.7,152.0,0.0,RUNNING
TEL-13325,MCH-TESTING-01,2026-07-20 18:00:00,1.84,53.3,38.5,157.8,0.0,RUNNING
TEL-13326,MCH-COILING-01,2026-07-20 19:00:00,2.64,57.7,40.5,153.7,1444.1,RUNNING
TEL-13327,MCH-COILING-02,2026-07-20 19:00:00,2.21,55.7,38.6,153.8,1444.8,RUNNING
TEL-13328,MCH-HEATTREAT-01,2026-07-20 19:00:00,1.18,853.5,37.1,156.6,0.0,RUNNING
TEL-13329,MCH-TEMPERING-01,2026-07-20 19:00:00,1.7,56.6,36.8,155.5,0.0,RUNNING
TEL-13330,MCH-SHOTPEEN-01,2026-07-20 19:00:00,1.59,53.1,39.1,158.1,0.0,RUNNING
TEL-13331,MCH-STABILIZER-01,2026-07-20 19:00:00,2.09,57.1,38.1,155.8,0.0,RUNNING
TEL-13332,MCH-TESTING-01,2026-07-20 19:00:00,1.87,52.6,37.2,153.0,0.0,RUNNING
TEL-13333,MCH-COILING-01,2026-07-20 20:00:00,2.52,60.1,38.4,152.7,1459.7,RUNNING
TEL-13334,MCH-COILING-02,2026-07-20 20:00:00,1.97,60.5,39.2,151.9,1437.3,RUNNING
TEL-13335,MCH-HEATTREAT-01,2026-07-20 20:00:00,1.37,856.3,36.9,159.5,0.0,RUNNING
TEL-13336,MCH-TEMPERING-01,2026-07-20 20:00:00,1.94,58.4,39.1,157.7,0.0,RUNNING
TEL-13337,MCH-SHOTPEEN-01,2026-07-20 20:00:00,1.76,54.8,37.6,157.2,0.0,RUNNING
TEL-13338,MCH-STABILIZER-01,2026-07-20 20:00:00,2.27,58.8,40.2,154.2,0.0,RUNNING
TEL-13339,MCH-TESTING-01,2026-07-20 20:00:00,1.95,56.4,38.5,157.7,0.0,RUNNING
TEL-13340,MCH-COILING-01,2026-07-20 21:00:00,2.54,56.3,40.1,152.7,1447.8,RUNNING
TEL-13341,MCH-COILING-02,2026-07-20 21:00:00,2.01,57.2,40.1,151.4,1457.8,RUNNING
TEL-13342,MCH-HEATTREAT-01,2026-07-20 21:00:00,1.32,854.8,36.2,157.1,0.0,IDLE
TEL-13343,MCH-TEMPERING-01,2026-07-20 21:00:00,1.73,58.2,38.6,155.5,0.0,RUNNING
TEL-13344,MCH-SHOTPEEN-01,2026-07-20 21:00:00,1.75,53.3,37.0,156.2,0.0,RUNNING
TEL-13345,MCH-STABILIZER-01,2026-07-20 21:00:00,2.14,60.9,39.8,154.9,0.0,RUNNING
TEL-13346,MCH-TESTING-01,2026-07-20 21:00:00,1.78,53.0,38.0,155.8,0.0,RUNNING
TEL-13347,MCH-COILING-01,2026-07-20 22:00:00,2.57,55.3,40.2,153.1,1446.0,RUNNING
TEL-13348,MCH-COILING-02,2026-07-20 22:00:00,1.97,55.2,40.1,152.6,1444.0,RUNNING
TEL-13349,MCH-HEATTREAT-01,2026-07-20 22:00:00,1.41,852.5,36.6,159.0,0.0,RUNNING
TEL-13350,MCH-TEMPERING-01,2026-07-20 22:00:00,1.66,54.9,37.9,158.3,0.0,RUNNING
TEL-13351,MCH-SHOTPEEN-01,2026-07-20 22:00:00,1.67,57.1,39.2,156.9,0.0,RUNNING
TEL-13352,MCH-STABILIZER-01,2026-07-20 22:00:00,2.25,57.2,39.9,152.9,0.0,RUNNING
TEL-13353,MCH-TESTING-01,2026-07-20 22:00:00,1.63,56.4,37.6,158.0,0.0,RUNNING
TEL-13354,MCH-COILING-01,2026-07-20 23:00:00,2.33,54.8,37.7,151.2,1439.8,RUNNING
TEL-13355,MCH-COILING-02,2026-07-20 23:00:00,2.05,54.7,39.3,151.7,1460.0,RUNNING
TEL-13356,MCH-HEATTREAT-01,2026-07-20 23:00:00,1.41,851.6,37.2,160.3,0.0,RUNNING
TEL-13357,MCH-TEMPERING-01,2026-07-20 23:00:00,1.72,57.8,38.8,154.2,0.0,RUNNING
TEL-13358,MCH-SHOTPEEN-01,2026-07-20 23:00:00,1.82,57.2,37.5,157.1,0.0,RUNNING
TEL-13359,MCH-STABILIZER-01,2026-07-20 23:00:00,2.28,60.5,39.6,152.5,0.0,RUNNING
TEL-13360,MCH-TESTING-01,2026-07-20 23:00:00,1.7,53.6,39.6,157.3,0.0,RUNNING
TEL-13361,MCH-COILING-01,2026-07-21 00:00:00,2.4,56.4,38.5,151.8,1446.4,RUNNING
TEL-13362,MCH-COILING-02,2026-07-21 00:00:00,2.29,56.0,40.2,152.2,1460.0,RUNNING
TEL-13363,MCH-HEATTREAT-01,2026-07-21 00:00:00,1.21,851.5,36.1,157.9,0.0,RUNNING
TEL-13364,MCH-TEMPERING-01,2026-07-21 00:00:00,2.0,56.9,38.4,152.1,0.0,RUNNING
TEL-13365,MCH-SHOTPEEN-01,2026-07-21 00:00:00,1.01,49.4,35.1,160.7,0.0,RUNNING
TEL-13366,MCH-STABILIZER-01,2026-07-21 00:00:00,2.33,58.3,39.7,152.8,0.0,RUNNING
TEL-13367,MCH-TESTING-01,2026-07-21 00:00:00,1.93,58.5,37.8,156.0,0.0,RUNNING
TEL-13368,MCH-COILING-01,2026-07-21 01:00:00,2.61,56.1,39.4,152.1,1447.1,RUNNING
TEL-13369,MCH-COILING-02,2026-07-21 01:00:00,2.1,56.1,39.2,156.4,1446.1,RUNNING
TEL-13370,MCH-HEATTREAT-01,2026-07-21 01:00:00,1.43,852.4,37.5,157.2,0.0,RUNNING
TEL-13371,MCH-TEMPERING-01,2026-07-21 01:00:00,2.0,58.6,38.6,155.8,0.0,RUNNING
TEL-13372,MCH-SHOTPEEN-01,2026-07-21 01:00:00,0.93,48.4,36.7,158.5,0.0,RUNNING
TEL-13373,MCH-STABILIZER-01,2026-07-21 01:00:00,2.44,60.5,38.9,155.3,0.0,RUNNING
TEL-13374,MCH-TESTING-01,2026-07-21 01:00:00,2.06,58.9,38.3,156.4,0.0,RUNNING
TEL-13375,MCH-COILING-01,2026-07-21 02:00:00,2.49,58.6,40.1,154.9,1447.2,RUNNING
TEL-13376,MCH-COILING-02,2026-07-21 02:00:00,2.32,58.7,40.7,155.2,1439.6,RUNNING
TEL-13377,MCH-HEATTREAT-01,2026-07-21 02:00:00,1.46,855.6,36.4,160.4,0.0,RUNNING
TEL-13378,MCH-TEMPERING-01,2026-07-21 02:00:00,1.72,56.0,37.6,154.8,0.0,RUNNING
TEL-13379,MCH-SHOTPEEN-01,2026-07-21 02:00:00,1.18,52.8,36.5,159.5,0.0,RUNNING
TEL-13380,MCH-STABILIZER-01,2026-07-21 02:00:00,2.21,62.0,39.3,153.3,0.0,RUNNING
TEL-13381,MCH-TESTING-01,2026-07-21 02:00:00,1.85,57.2,37.2,156.8,0.0,RUNNING
TEL-13382,MCH-COILING-01,2026-07-21 03:00:00,2.57,56.8,39.4,154.6,1453.5,RUNNING
TEL-13383,MCH-COILING-02,2026-07-21 03:00:00,2.27,60.1,38.2,151.3,1460.8,RUNNING
TEL-13384,MCH-HEATTREAT-01,2026-07-21 03:00:00,1.29,851.4,37.9,158.0,0.0,RUNNING
TEL-13385,MCH-TEMPERING-01,2026-07-21 03:00:00,1.87,53.1,37.2,156.9,0.0,RUNNING
TEL-13386,MCH-SHOTPEEN-01,2026-07-21 03:00:00,0.96,49.7,34.8,161.2,0.0,IDLE
TEL-13387,MCH-STABILIZER-01,2026-07-21 03:00:00,2.14,59.4,39.7,152.9,0.0,RUNNING
TEL-13388,MCH-TESTING-01,2026-07-21 03:00:00,1.96,56.5,37.5,156.5,0.0,RUNNING
TEL-13389,MCH-COILING-01,2026-07-21 04:00:00,2.41,61.3,40.9,153.1,1440.9,RUNNING
TEL-13390,MCH-COILING-02,2026-07-21 04:00:00,2.28,57.9,38.6,154.5,1460.1,RUNNING
TEL-13391,MCH-HEATTREAT-01,2026-07-21 04:00:00,1.49,854.8,36.4,159.1,0.0,RUNNING
TEL-13392,MCH-TEMPERING-01,2026-07-21 04:00:00,1.84,58.9,37.7,152.7,0.0,RUNNING
TEL-13393,MCH-SHOTPEEN-01,2026-07-21 04:00:00,1.18,52.2,36.1,161.6,0.0,IDLE
TEL-13394,MCH-STABILIZER-01,2026-07-21 04:00:00,2.26,59.7,40.0,154.0,0.0,RUNNING
TEL-13395,MCH-TESTING-01,2026-07-21 04:00:00,1.72,57.1,39.2,154.4,0.0,RUNNING
TEL-13396,MCH-COILING-01,2026-07-21 05:00:00,2.54,59.0,39.3,154.8,1447.4,RUNNING
TEL-13397,MCH-COILING-02,2026-07-21 05:00:00,2.06,57.1,39.8,150.9,1463.7,RUNNING
TEL-13398,MCH-HEATTREAT-01,2026-07-21 05:00:00,1.23,855.7,35.3,157.3,0.0,RUNNING
TEL-13399,MCH-TEMPERING-01,2026-07-21 05:00:00,1.91,54.7,38.9,156.6,0.0,RUNNING
TEL-13400,MCH-SHOTPEEN-01,2026-07-21 05:00:00,0.9,48.4,35.1,159.1,0.0,RUNNING
TEL-13401,MCH-STABILIZER-01,2026-07-21 05:00:00,2.43,60.2,39.1,154.2,0.0,RUNNING
TEL-13402,MCH-TESTING-01,2026-07-21 05:00:00,1.72,53.2,38.8,156.8,0.0,RUNNING
TEL-13403,MCH-COILING-01,2026-07-21 06:00:00,2.65,61.1,40.6,153.7,1441.5,RUNNING
TEL-13404,MCH-COILING-02,2026-07-21 06:00:00,2.07,58.5,38.3,150.7,1443.5,RUNNING
TEL-13405,MCH-HEATTREAT-01,2026-07-21 06:00:00,1.33,855.0,37.5,155.1,0.0,RUNNING
TEL-13406,MCH-TEMPERING-01,2026-07-21 06:00:00,2.04,54.0,39.8,153.0,0.0,RUNNING
TEL-13407,MCH-SHOTPEEN-01,2026-07-21 06:00:00,1.16,52.2,37.1,158.7,0.0,RUNNING
TEL-13408,MCH-STABILIZER-01,2026-07-21 06:00:00,2.11,62.2,41.1,153.7,0.0,RUNNING
TEL-13409,MCH-TESTING-01,2026-07-21 06:00:00,1.74,59.1,39.4,153.6,0.0,RUNNING
TEL-13410,MCH-COILING-01,2026-07-21 07:00:00,2.73,56.9,38.8,151.7,1436.8,RUNNING
TEL-13411,MCH-COILING-02,2026-07-21 07:00:00,2.0,55.4,39.5,156.6,1437.9,RUNNING
TEL-13412,MCH-HEATTREAT-01,2026-07-21 07:00:00,1.47,851.4,38.0,157.2,0.0,RUNNING
TEL-13413,MCH-TEMPERING-01,2026-07-21 07:00:00,2.0,53.6,39.2,152.6,0.0,RUNNING
TEL-13414,MCH-SHOTPEEN-01,2026-07-21 07:00:00,0.89,47.5,36.4,159.7,0.0,RUNNING
TEL-13415,MCH-STABILIZER-01,2026-07-21 07:00:00,2.44,56.0,38.8,155.5,0.0,RUNNING
TEL-13416,MCH-TESTING-01,2026-07-21 07:00:00,1.68,59.2,38.7,156.9,0.0,RUNNING
TEL-13417,MCH-COILING-01,2026-07-21 08:00:00,2.4,55.8,39.6,155.8,1444.0,RUNNING
TEL-13418,MCH-COILING-02,2026-07-21 08:00:00,2.16,59.5,40.3,154.3,1464.1,RUNNING
TEL-13419,MCH-HEATTREAT-01,2026-07-21 08:00:00,1.3,853.9,36.1,157.4,0.0,RUNNING
TEL-13420,MCH-TEMPERING-01,2026-07-21 08:00:00,1.78,58.0,37.3,157.6,0.0,RUNNING
TEL-13421,MCH-SHOTPEEN-01,2026-07-21 08:00:00,1.06,47.4,37.3,157.0,0.0,RUNNING
TEL-13422,MCH-STABILIZER-01,2026-07-21 08:00:00,2.21,57.6,38.9,152.1,0.0,RUNNING
TEL-13423,MCH-TESTING-01,2026-07-21 08:00:00,1.71,54.4,39.8,153.4,0.0,RUNNING
TEL-13424,MCH-COILING-01,2026-07-21 09:00:00,2.6,57.7,40.0,153.1,1447.2,RUNNING
TEL-13425,MCH-COILING-02,2026-07-21 09:00:00,2.11,56.1,39.0,155.2,1449.9,RUNNING
TEL-13426,MCH-HEATTREAT-01,2026-07-21 09:00:00,1.12,851.6,36.3,157.8,0.0,RUNNING
TEL-13427,MCH-TEMPERING-01,2026-07-21 09:00:00,2.05,56.0,38.7,156.3,0.0,RUNNING
TEL-13428,MCH-SHOTPEEN-01,2026-07-21 09:00:00,1.02,52.6,35.6,159.9,0.0,RUNNING
TEL-13429,MCH-STABILIZER-01,2026-07-21 09:00:00,2.49,59.8,41.4,150.2,0.0,RUNNING
TEL-13430,MCH-TESTING-01,2026-07-21 09:00:00,2.07,57.5,38.1,154.8,0.0,RUNNING
TEL-13431,MCH-COILING-01,2026-07-21 10:00:00,2.73,56.3,39.1,153.7,1461.6,RUNNING
TEL-13432,MCH-COILING-02,2026-07-21 10:00:00,2.04,59.1,38.3,151.6,1447.1,RUNNING
TEL-13433,MCH-HEATTREAT-01,2026-07-21 10:00:00,1.24,853.1,36.0,160.1,0.0,RUNNING
TEL-13434,MCH-TEMPERING-01,2026-07-21 10:00:00,1.95,53.5,39.7,156.0,0.0,RUNNING
TEL-13435,MCH-SHOTPEEN-01,2026-07-21 10:00:00,1.15,46.7,36.8,159.3,0.0,RUNNING
TEL-13436,MCH-STABILIZER-01,2026-07-21 10:00:00,2.27,57.1,38.6,154.2,0.0,RUNNING
TEL-13437,MCH-TESTING-01,2026-07-21 10:00:00,2.0,58.6,37.1,155.9,0.0,RUNNING
TEL-13438,MCH-COILING-01,2026-07-21 11:00:00,2.52,58.8,40.0,156.6,1459.1,RUNNING
TEL-13439,MCH-COILING-02,2026-07-21 11:00:00,2.02,55.9,39.4,151.7,1450.0,RUNNING
TEL-13440,MCH-HEATTREAT-01,2026-07-21 11:00:00,1.24,855.9,35.7,156.2,0.0,RUNNING
TEL-13441,MCH-TEMPERING-01,2026-07-21 11:00:00,1.75,56.5,37.9,155.3,0.0,RUNNING
TEL-13442,MCH-SHOTPEEN-01,2026-07-21 11:00:00,1.16,50.1,35.4,159.9,0.0,RUNNING
TEL-13443,MCH-STABILIZER-01,2026-07-21 11:00:00,2.11,57.7,38.6,154.6,0.0,RUNNING
TEL-13444,MCH-TESTING-01,2026-07-21 11:00:00,1.92,53.7,38.2,156.8,0.0,RUNNING
TEL-13445,MCH-COILING-01,2026-07-21 12:00:00,2.73,57.2,38.1,155.8,1458.2,RUNNING
TEL-13446,MCH-COILING-02,2026-07-21 12:00:00,2.35,61.1,40.8,151.7,1454.3,RUNNING
TEL-13447,MCH-HEATTREAT-01,2026-07-21 12:00:00,1.46,850.8,38.0,156.6,0.0,RUNNING
TEL-13448,MCH-TEMPERING-01,2026-07-21 12:00:00,2.06,55.3,38.6,157.9,0.0,RUNNING
TEL-13449,MCH-SHOTPEEN-01,2026-07-21 12:00:00,1.0,48.2,34.7,159.5,0.0,RUNNING
TEL-13450,MCH-STABILIZER-01,2026-07-21 12:00:00,2.11,57.9,40.3,155.5,0.0,RUNNING
TEL-13451,MCH-TESTING-01,2026-07-21 12:00:00,1.81,54.9,38.9,157.3,0.0,RUNNING
TEL-13452,MCH-COILING-01,2026-07-21 13:00:00,2.66,59.9,38.3,154.7,1443.6,RUNNING
TEL-13453,MCH-COILING-02,2026-07-21 13:00:00,2.29,56.9,40.7,151.4,1436.1,RUNNING
TEL-13454,MCH-HEATTREAT-01,2026-07-21 13:00:00,1.3,854.3,37.1,155.0,0.0,RUNNING
TEL-13455,MCH-TEMPERING-01,2026-07-21 13:00:00,1.82,59.3,38.8,156.3,0.0,IDLE
TEL-13456,MCH-SHOTPEEN-01,2026-07-21 13:00:00,1.21,49.7,36.1,156.9,0.0,RUNNING
TEL-13457,MCH-STABILIZER-01,2026-07-21 13:00:00,2.19,60.2,40.6,154.4,0.0,RUNNING
TEL-13458,MCH-TESTING-01,2026-07-21 13:00:00,2.04,54.5,39.3,155.6,0.0,IDLE
TEL-13459,MCH-COILING-01,2026-07-21 14:00:00,2.68,58.5,40.9,156.2,1458.5,RUNNING
TEL-13460,MCH-COILING-02,2026-07-21 14:00:00,2.09,60.0,39.7,152.3,1452.3,RUNNING
TEL-13461,MCH-HEATTREAT-01,2026-07-21 14:00:00,1.43,854.6,36.5,158.7,0.0,RUNNING
TEL-13462,MCH-TEMPERING-01,2026-07-21 14:00:00,1.82,53.9,38.9,155.3,0.0,IDLE
TEL-13463,MCH-SHOTPEEN-01,2026-07-21 14:00:00,0.84,47.0,35.3,159.0,0.0,RUNNING
TEL-13464,MCH-STABILIZER-01,2026-07-21 14:00:00,2.4,58.3,41.1,150.5,0.0,RUNNING
TEL-13465,MCH-TESTING-01,2026-07-21 14:00:00,1.86,53.5,37.8,156.1,0.0,RUNNING
TEL-13466,MCH-COILING-01,2026-07-21 15:00:00,2.59,58.5,38.4,152.0,1435.6,RUNNING
TEL-13467,MCH-COILING-02,2026-07-21 15:00:00,2.16,57.6,39.9,154.5,1460.5,RUNNING
TEL-13468,MCH-HEATTREAT-01,2026-07-21 15:00:00,1.22,855.7,36.7,160.3,0.0,RUNNING
TEL-13469,MCH-TEMPERING-01,2026-07-21 15:00:00,2.03,53.0,37.9,153.2,0.0,RUNNING
TEL-13470,MCH-SHOTPEEN-01,2026-07-21 15:00:00,1.17,47.8,35.2,156.3,0.0,IDLE
TEL-13471,MCH-STABILIZER-01,2026-07-21 15:00:00,2.13,60.5,39.4,154.4,0.0,RUNNING
TEL-13472,MCH-TESTING-01,2026-07-21 15:00:00,2.05,55.5,37.4,155.3,0.0,RUNNING
TEL-13473,MCH-COILING-01,2026-07-21 16:00:00,2.47,61.1,40.8,153.0,1460.0,RUNNING
TEL-13474,MCH-COILING-02,2026-07-21 16:00:00,2.12,56.0,38.5,153.4,1442.2,RUNNING
TEL-13475,MCH-HEATTREAT-01,2026-07-21 16:00:00,1.18,851.6,37.6,158.9,0.0,RUNNING
TEL-13476,MCH-TEMPERING-01,2026-07-21 16:00:00,1.75,54.4,37.3,155.9,0.0,RUNNING
TEL-13477,MCH-SHOTPEEN-01,2026-07-21 16:00:00,0.87,49.2,34.4,156.4,0.0,RUNNING
TEL-13478,MCH-STABILIZER-01,2026-07-21 16:00:00,2.34,58.5,41.2,154.2,0.0,RUNNING
TEL-13479,MCH-TESTING-01,2026-07-21 16:00:00,1.85,53.5,38.0,153.0,0.0,RUNNING
TEL-13480,MCH-COILING-01,2026-07-21 17:00:00,2.41,56.9,39.2,154.0,1458.1,RUNNING
TEL-13481,MCH-COILING-02,2026-07-21 17:00:00,2.11,56.6,38.5,153.1,1453.1,RUNNING
TEL-13482,MCH-HEATTREAT-01,2026-07-21 17:00:00,1.49,850.7,35.9,155.6,0.0,RUNNING
TEL-13483,MCH-TEMPERING-01,2026-07-21 17:00:00,1.69,54.3,39.6,155.6,0.0,RUNNING
TEL-13484,MCH-SHOTPEEN-01,2026-07-21 17:00:00,0.93,51.7,36.8,156.3,0.0,RUNNING
TEL-13485,MCH-STABILIZER-01,2026-07-21 17:00:00,2.27,60.3,38.6,153.5,0.0,RUNNING
TEL-13486,MCH-TESTING-01,2026-07-21 17:00:00,1.76,56.9,38.6,155.0,0.0,RUNNING
TEL-13487,MCH-COILING-01,2026-07-21 18:00:00,2.36,59.1,38.5,154.2,1445.2,RUNNING
TEL-13488,MCH-COILING-02,2026-07-21 18:00:00,2.03,60.5,39.1,155.0,1443.4,RUNNING
TEL-13489,MCH-HEATTREAT-01,2026-07-21 18:00:00,1.3,853.1,38.1,156.7,0.0,RUNNING
TEL-13490,MCH-TEMPERING-01,2026-07-21 18:00:00,1.91,57.0,39.8,153.4,0.0,RUNNING
TEL-13491,MCH-SHOTPEEN-01,2026-07-21 18:00:00,1.12,51.4,37.2,157.1,0.0,RUNNING
TEL-13492,MCH-STABILIZER-01,2026-07-21 18:00:00,2.48,60.2,39.8,155.5,0.0,RUNNING
TEL-13493,MCH-TESTING-01,2026-07-21 18:00:00,1.71,55.1,38.0,156.5,0.0,RUNNING
TEL-13494,MCH-COILING-01,2026-07-21 19:00:00,2.54,60.0,38.3,152.5,1457.7,RUNNING
TEL-13495,MCH-COILING-02,2026-07-21 19:00:00,2.21,60.9,40.8,154.7,1464.2,RUNNING
TEL-13496,MCH-HEATTREAT-01,2026-07-21 19:00:00,1.26,853.5,35.4,155.9,0.0,RUNNING
TEL-13497,MCH-TEMPERING-01,2026-07-21 19:00:00,2.04,55.6,37.5,156.8,0.0,RUNNING
TEL-13498,MCH-SHOTPEEN-01,2026-07-21 19:00:00,0.84,51.2,35.3,159.5,0.0,RUNNING
TEL-13499,MCH-STABILIZER-01,2026-07-21 19:00:00,2.13,60.6,38.6,150.8,0.0,RUNNING
TEL-13500,MCH-TESTING-01,2026-07-21 19:00:00,1.72,56.0,38.7,157.6,0.0,IDLE
TEL-13501,MCH-COILING-01,2026-07-21 20:00:00,2.61,58.0,39.3,152.7,1439.1,RUNNING
TEL-13502,MCH-COILING-02,2026-07-21 20:00:00,2.16,58.5,39.8,151.1,1439.1,RUNNING
TEL-13503,MCH-HEATTREAT-01,2026-07-21 20:00:00,1.3,852.6,36.8,157.3,0.0,RUNNING
TEL-13504,MCH-TEMPERING-01,2026-07-21 20:00:00,1.71,54.8,37.6,153.9,0.0,IDLE
TEL-13505,MCH-SHOTPEEN-01,2026-07-21 20:00:00,0.82,51.5,35.7,158.3,0.0,RUNNING
TEL-13506,MCH-STABILIZER-01,2026-07-21 20:00:00,2.33,59.4,41.2,150.9,0.0,RUNNING
TEL-13507,MCH-TESTING-01,2026-07-21 20:00:00,1.96,54.2,37.9,154.1,0.0,RUNNING
TEL-13508,MCH-COILING-01,2026-07-21 21:00:00,2.56,57.4,39.8,151.5,1449.4,RUNNING
TEL-13509,MCH-COILING-02,2026-07-21 21:00:00,2.25,55.7,40.0,151.9,1455.5,RUNNING
TEL-13510,MCH-HEATTREAT-01,2026-07-21 21:00:00,1.32,856.4,36.2,156.1,0.0,RUNNING
TEL-13511,MCH-TEMPERING-01,2026-07-21 21:00:00,1.7,53.6,37.9,157.3,0.0,RUNNING
TEL-13512,MCH-SHOTPEEN-01,2026-07-21 21:00:00,1.13,47.7,35.6,158.0,0.0,RUNNING
TEL-13513,MCH-STABILIZER-01,2026-07-21 21:00:00,2.45,61.6,41.1,152.3,0.0,RUNNING
TEL-13514,MCH-TESTING-01,2026-07-21 21:00:00,1.87,59.4,38.0,154.1,0.0,RUNNING
TEL-13515,MCH-COILING-01,2026-07-21 22:00:00,2.72,58.1,40.5,154.8,1444.4,RUNNING
TEL-13516,MCH-COILING-02,2026-07-21 22:00:00,2.21,61.3,38.8,153.3,1443.8,RUNNING
TEL-13517,MCH-HEATTREAT-01,2026-07-21 22:00:00,1.16,856.0,37.0,159.1,0.0,RUNNING
TEL-13518,MCH-TEMPERING-01,2026-07-21 22:00:00,1.69,55.6,37.5,152.1,0.0,RUNNING
TEL-13519,MCH-SHOTPEEN-01,2026-07-21 22:00:00,0.86,50.3,35.3,159.4,0.0,RUNNING
TEL-13520,MCH-STABILIZER-01,2026-07-21 22:00:00,2.14,61.3,38.6,152.6,0.0,RUNNING
TEL-13521,MCH-TESTING-01,2026-07-21 22:00:00,1.86,55.6,38.6,155.7,0.0,RUNNING
TEL-13522,MCH-COILING-01,2026-07-21 23:00:00,2.49,55.1,39.3,155.4,1442.7,RUNNING
TEL-13523,MCH-COILING-02,2026-07-21 23:00:00,2.31,55.5,39.7,152.5,1461.1,RUNNING
TEL-13524,MCH-HEATTREAT-01,2026-07-21 23:00:00,1.46,851.9,37.6,156.6,0.0,RUNNING
TEL-13525,MCH-TEMPERING-01,2026-07-21 23:00:00,1.9,58.5,39.9,156.2,0.0,RUNNING
TEL-13526,MCH-SHOTPEEN-01,2026-07-21 23:00:00,0.81,52.6,37.2,160.6,0.0,RUNNING
TEL-13527,MCH-STABILIZER-01,2026-07-21 23:00:00,2.45,58.4,41.0,151.8,0.0,RUNNING
TEL-13528,MCH-TESTING-01,2026-07-21 23:00:00,1.86,54.2,39.0,155.2,0.0,RUNNING
TEL-13529,MCH-COILING-01,2026-07-22 00:00:00,2.62,59.0,39.6,155.8,1460.3,RUNNING
TEL-13530,MCH-COILING-02,2026-07-22 00:00:00,2.41,57.4,41.0,155.1,1463.5,RUNNING
TEL-13531,MCH-HEATTREAT-01,2026-07-22 00:00:00,1.35,857.2,38.3,155.2,0.0,RUNNING
TEL-13532,MCH-TEMPERING-01,2026-07-22 00:00:00,1.96,54.4,37.7,156.1,0.0,RUNNING
TEL-13533,MCH-SHOTPEEN-01,2026-07-22 00:00:00,1.32,48.9,37.1,155.9,0.0,RUNNING
TEL-13534,MCH-STABILIZER-01,2026-07-22 00:00:00,2.21,57.0,41.2,154.0,0.0,RUNNING
TEL-13535,MCH-TESTING-01,2026-07-22 00:00:00,1.85,58.0,38.9,156.9,0.0,RUNNING
TEL-13536,MCH-COILING-01,2026-07-22 01:00:00,2.55,59.6,40.7,154.6,1448.4,RUNNING
TEL-13537,MCH-COILING-02,2026-07-22 01:00:00,2.41,61.4,40.8,155.4,1463.0,RUNNING
TEL-13538,MCH-HEATTREAT-01,2026-07-22 01:00:00,1.4,854.3,36.6,158.8,0.0,RUNNING
TEL-13539,MCH-TEMPERING-01,2026-07-22 01:00:00,2.07,56.1,38.7,153.4,0.0,RUNNING
TEL-13540,MCH-SHOTPEEN-01,2026-07-22 01:00:00,1.24,50.1,37.3,156.7,0.0,RUNNING
TEL-13541,MCH-STABILIZER-01,2026-07-22 01:00:00,2.18,60.5,39.8,150.6,0.0,RUNNING
TEL-13542,MCH-TESTING-01,2026-07-22 01:00:00,1.89,54.5,39.4,155.7,0.0,RUNNING
TEL-13543,MCH-COILING-01,2026-07-22 02:00:00,2.72,59.4,41.0,151.6,1460.1,RUNNING
TEL-13544,MCH-COILING-02,2026-07-22 02:00:00,2.41,57.6,40.3,150.1,1435.6,RUNNING
TEL-13545,MCH-HEATTREAT-01,2026-07-22 02:00:00,1.36,852.8,35.6,155.2,0.0,RUNNING
TEL-13546,MCH-TEMPERING-01,2026-07-22 02:00:00,2.02,54.3,40.1,153.6,0.0,RUNNING
TEL-13547,MCH-SHOTPEEN-01,2026-07-22 02:00:00,0.99,48.1,36.9,161.0,0.0,RUNNING
TEL-13548,MCH-STABILIZER-01,2026-07-22 02:00:00,2.19,56.7,39.9,153.0,0.0,RUNNING
TEL-13549,MCH-TESTING-01,2026-07-22 02:00:00,2.04,59.1,40.1,155.2,0.0,RUNNING
TEL-13550,MCH-COILING-01,2026-07-22 03:00:00,2.78,56.6,39.1,153.5,1456.4,RUNNING
TEL-13551,MCH-COILING-02,2026-07-22 03:00:00,2.46,59.9,38.8,153.4,1449.2,RUNNING
TEL-13552,MCH-HEATTREAT-01,2026-07-22 03:00:00,1.27,852.8,38.1,157.6,0.0,RUNNING
TEL-13553,MCH-TEMPERING-01,2026-07-22 03:00:00,2.02,59.1,39.4,153.1,0.0,RUNNING
TEL-13554,MCH-SHOTPEEN-01,2026-07-22 03:00:00,1.3,48.3,37.7,158.5,0.0,RUNNING
TEL-13555,MCH-STABILIZER-01,2026-07-22 03:00:00,2.44,59.3,39.1,152.8,0.0,RUNNING
TEL-13556,MCH-TESTING-01,2026-07-22 03:00:00,1.99,55.3,40.1,157.0,0.0,RUNNING
TEL-13557,MCH-COILING-01,2026-07-22 04:00:00,2.61,56.1,38.2,155.3,1455.7,RUNNING
TEL-13558,MCH-COILING-02,2026-07-22 04:00:00,2.37,56.1,39.6,150.3,1444.1,RUNNING
TEL-13559,MCH-HEATTREAT-01,2026-07-22 04:00:00,1.48,853.3,37.2,157.9,0.0,RUNNING
TEL-13560,MCH-TEMPERING-01,2026-07-22 04:00:00,1.85,54.4,40.0,154.1,0.0,RUNNING
TEL-13561,MCH-SHOTPEEN-01,2026-07-22 04:00:00,1.24,53.4,36.8,156.8,0.0,RUNNING
TEL-13562,MCH-STABILIZER-01,2026-07-22 04:00:00,2.54,62.0,41.4,152.0,0.0,RUNNING
TEL-13563,MCH-TESTING-01,2026-07-22 04:00:00,2.11,54.9,37.4,157.0,0.0,RUNNING
TEL-13564,MCH-COILING-01,2026-07-22 05:00:00,2.43,55.6,40.6,154.0,1437.0,RUNNING
TEL-13565,MCH-COILING-02,2026-07-22 05:00:00,2.15,56.0,41.3,155.1,1451.0,IDLE
TEL-13566,MCH-HEATTREAT-01,2026-07-22 05:00:00,1.38,857.6,36.1,158.7,0.0,RUNNING
TEL-13567,MCH-TEMPERING-01,2026-07-22 05:00:00,1.9,59.2,39.2,152.7,0.0,RUNNING
TEL-13568,MCH-SHOTPEEN-01,2026-07-22 05:00:00,1.2,49.2,37.5,159.8,0.0,RUNNING
TEL-13569,MCH-STABILIZER-01,2026-07-22 05:00:00,2.34,57.1,41.0,152.0,0.0,RUNNING
TEL-13570,MCH-TESTING-01,2026-07-22 05:00:00,2.03,56.9,39.8,152.4,0.0,RUNNING
TEL-13571,MCH-COILING-01,2026-07-22 06:00:00,2.66,58.7,39.2,156.4,1457.8,RUNNING
TEL-13572,MCH-COILING-02,2026-07-22 06:00:00,2.29,60.5,39.2,152.8,1435.1,RUNNING
TEL-13573,MCH-HEATTREAT-01,2026-07-22 06:00:00,1.45,851.7,37.9,160.5,0.0,IDLE
TEL-13574,MCH-TEMPERING-01,2026-07-22 06:00:00,1.9,57.1,38.0,156.3,0.0,RUNNING
TEL-13575,MCH-SHOTPEEN-01,2026-07-22 06:00:00,1.29,50.5,37.5,159.2,0.0,RUNNING
TEL-13576,MCH-STABILIZER-01,2026-07-22 06:00:00,2.29,57.4,40.4,155.6,0.0,RUNNING
TEL-13577,MCH-TESTING-01,2026-07-22 06:00:00,1.83,56.3,38.1,157.6,0.0,RUNNING
TEL-13578,MCH-COILING-01,2026-07-22 07:00:00,2.55,55.5,40.3,152.9,1449.6,RUNNING
TEL-13579,MCH-COILING-02,2026-07-22 07:00:00,2.45,59.3,39.9,155.2,1438.8,RUNNING
TEL-13580,MCH-HEATTREAT-01,2026-07-22 07:00:00,1.49,852.6,38.2,157.1,0.0,RUNNING
TEL-13581,MCH-TEMPERING-01,2026-07-22 07:00:00,2.03,55.8,37.6,155.6,0.0,RUNNING
TEL-13582,MCH-SHOTPEEN-01,2026-07-22 07:00:00,1.26,48.7,37.5,156.6,0.0,RUNNING
TEL-13583,MCH-STABILIZER-01,2026-07-22 07:00:00,2.35,59.3,40.2,153.8,0.0,IDLE
TEL-13584,MCH-TESTING-01,2026-07-22 07:00:00,2.06,54.9,39.3,152.1,0.0,RUNNING
TEL-13585,MCH-COILING-01,2026-07-22 08:00:00,2.74,56.4,39.8,154.3,1455.3,RUNNING
TEL-13586,MCH-COILING-02,2026-07-22 08:00:00,2.49,56.0,39.3,153.5,1459.3,RUNNING
TEL-13587,MCH-HEATTREAT-01,2026-07-22 08:00:00,1.21,853.3,37.3,157.4,0.0,RUNNING
TEL-13588,MCH-TEMPERING-01,2026-07-22 08:00:00,1.89,57.4,38.8,153.4,0.0,RUNNING
TEL-13589,MCH-SHOTPEEN-01,2026-07-22 08:00:00,1.02,51.3,37.6,158.8,0.0,RUNNING
TEL-13590,MCH-STABILIZER-01,2026-07-22 08:00:00,2.55,62.5,41.5,151.4,0.0,RUNNING
TEL-13591,MCH-TESTING-01,2026-07-22 08:00:00,1.82,59.8,38.6,154.5,0.0,RUNNING
TEL-13592,MCH-COILING-01,2026-07-22 09:00:00,2.64,61.5,38.6,156.2,1460.9,RUNNING
TEL-13593,MCH-COILING-02,2026-07-22 09:00:00,2.24,56.6,40.1,150.5,1438.4,RUNNING
TEL-13594,MCH-HEATTREAT-01,2026-07-22 09:00:00,1.38,851.5,38.1,156.7,0.0,IDLE
TEL-13595,MCH-TEMPERING-01,2026-07-22 09:00:00,2.05,54.7,38.2,155.9,0.0,RUNNING
TEL-13596,MCH-SHOTPEEN-01,2026-07-22 09:00:00,1.33,51.3,37.4,157.7,0.0,RUNNING
TEL-13597,MCH-STABILIZER-01,2026-07-22 09:00:00,2.2,58.0,38.7,150.5,0.0,RUNNING
TEL-13598,MCH-TESTING-01,2026-07-22 09:00:00,1.83,58.4,37.9,155.4,0.0,RUNNING
TEL-13599,MCH-COILING-01,2026-07-22 10:00:00,2.61,60.7,38.3,152.1,1452.1,RUNNING
TEL-13600,MCH-COILING-02,2026-07-22 10:00:00,2.27,60.2,39.5,156.0,1439.9,RUNNING
TEL-13601,MCH-HEATTREAT-01,2026-07-22 10:00:00,1.33,852.6,35.8,157.9,0.0,RUNNING
TEL-13602,MCH-TEMPERING-01,2026-07-22 10:00:00,2.12,53.6,40.2,155.5,0.0,IDLE
TEL-13603,MCH-SHOTPEEN-01,2026-07-22 10:00:00,1.0,49.4,35.3,157.9,0.0,RUNNING
TEL-13604,MCH-STABILIZER-01,2026-07-22 10:00:00,2.23,61.1,40.4,151.8,0.0,RUNNING
TEL-13605,MCH-TESTING-01,2026-07-22 10:00:00,2.09,57.7,40.4,155.8,0.0,RUNNING
TEL-13606,MCH-COILING-01,2026-07-22 11:00:00,2.76,59.8,40.6,155.0,1444.2,RUNNING
TEL-13607,MCH-COILING-02,2026-07-22 11:00:00,2.49,58.4,39.7,154.7,1449.9,IDLE
TEL-13608,MCH-HEATTREAT-01,2026-07-22 11:00:00,1.32,857.1,37.8,156.7,0.0,RUNNING
TEL-13609,MCH-TEMPERING-01,2026-07-22 11:00:00,2.14,54.9,38.4,152.1,0.0,RUNNING
TEL-13610,MCH-SHOTPEEN-01,2026-07-22 11:00:00,1.12,51.2,36.4,160.5,0.0,RUNNING
TEL-13611,MCH-STABILIZER-01,2026-07-22 11:00:00,2.53,57.8,40.9,151.3,0.0,RUNNING
TEL-13612,MCH-TESTING-01,2026-07-22 11:00:00,1.89,58.4,38.1,157.2,0.0,RUNNING
TEL-13613,MCH-COILING-01,2026-07-22 12:00:00,2.63,58.1,38.6,153.0,1449.8,RUNNING
TEL-13614,MCH-COILING-02,2026-07-22 12:00:00,2.26,57.9,39.4,150.9,1460.8,RUNNING
TEL-13615,MCH-HEATTREAT-01,2026-07-22 12:00:00,1.36,854.6,35.5,157.6,0.0,RUNNING
TEL-13616,MCH-TEMPERING-01,2026-07-22 12:00:00,1.86,58.5,39.3,156.3,0.0,RUNNING
TEL-13617,MCH-SHOTPEEN-01,2026-07-22 12:00:00,1.04,53.0,35.5,157.0,0.0,RUNNING
TEL-13618,MCH-STABILIZER-01,2026-07-22 12:00:00,2.35,60.4,39.7,152.9,0.0,RUNNING
TEL-13619,MCH-TESTING-01,2026-07-22 12:00:00,2.08,58.7,38.4,152.0,0.0,RUNNING
TEL-13620,MCH-COILING-01,2026-07-22 13:00:00,2.42,56.4,39.0,153.2,1457.0,IDLE
TEL-13621,MCH-COILING-02,2026-07-22 13:00:00,2.29,57.8,41.2,154.6,1457.8,RUNNING
TEL-13622,MCH-HEATTREAT-01,2026-07-22 13:00:00,1.45,854.1,38.2,157.5,0.0,RUNNING
TEL-13623,MCH-TEMPERING-01,2026-07-22 13:00:00,2.15,55.6,39.3,157.2,0.0,RUNNING
TEL-13624,MCH-SHOTPEEN-01,2026-07-22 13:00:00,1.34,47.7,36.4,155.7,0.0,RUNNING
TEL-13625,MCH-STABILIZER-01,2026-07-22 13:00:00,2.31,63.0,39.0,149.9,0.0,RUNNING
TEL-13626,MCH-TESTING-01,2026-07-22 13:00:00,2.05,53.6,40.4,151.7,0.0,RUNNING
TEL-13627,MCH-COILING-01,2026-07-22 14:00:00,2.64,57.3,39.2,155.8,1439.2,RUNNING
TEL-13628,MCH-COILING-02,2026-07-22 14:00:00,2.21,60.4,40.5,151.4,1441.7,RUNNING
TEL-13629,MCH-HEATTREAT-01,2026-07-22 14:00:00,1.51,856.1,36.0,159.3,0.0,RUNNING
TEL-13630,MCH-TEMPERING-01,2026-07-22 14:00:00,1.8,54.4,39.3,155.1,0.0,RUNNING
TEL-13631,MCH-SHOTPEEN-01,2026-07-22 14:00:00,1.3,50.3,35.3,158.3,0.0,RUNNING
TEL-13632,MCH-STABILIZER-01,2026-07-22 14:00:00,2.4,62.0,39.8,150.8,0.0,RUNNING
TEL-13633,MCH-TESTING-01,2026-07-22 14:00:00,1.82,53.9,38.5,152.9,0.0,RUNNING
TEL-13634,MCH-COILING-01,2026-07-22 15:00:00,2.7,57.6,39.0,156.2,1442.8,RUNNING
TEL-13635,MCH-COILING-02,2026-07-22 15:00:00,2.5,61.2,40.9,153.8,1452.5,RUNNING
TEL-13636,MCH-HEATTREAT-01,2026-07-22 15:00:00,1.2,855.5,38.2,156.6,0.0,RUNNING
TEL-13637,MCH-TEMPERING-01,2026-07-22 15:00:00,2.06,54.9,38.7,151.8,0.0,RUNNING
TEL-13638,MCH-SHOTPEEN-01,2026-07-22 15:00:00,1.0,48.9,37.3,158.1,0.0,RUNNING
TEL-13639,MCH-STABILIZER-01,2026-07-22 15:00:00,2.35,59.0,41.7,150.5,0.0,RUNNING
TEL-13640,MCH-TESTING-01,2026-07-22 15:00:00,1.9,56.7,40.3,155.9,0.0,RUNNING
TEL-13641,MCH-COILING-01,2026-07-22 16:00:00,2.71,60.2,38.9,151.1,1457.6,IDLE
TEL-13642,MCH-COILING-02,2026-07-22 16:00:00,2.21,56.7,41.4,153.9,1446.8,IDLE
TEL-13643,MCH-HEATTREAT-01,2026-07-22 16:00:00,1.42,851.6,37.2,155.0,0.0,RUNNING
TEL-13644,MCH-TEMPERING-01,2026-07-22 16:00:00,1.86,58.6,38.1,155.4,0.0,RUNNING
TEL-13645,MCH-SHOTPEEN-01,2026-07-22 16:00:00,0.98,52.5,37.6,157.4,0.0,IDLE
TEL-13646,MCH-STABILIZER-01,2026-07-22 16:00:00,2.31,60.5,40.5,150.5,0.0,RUNNING
TEL-13647,MCH-TESTING-01,2026-07-22 16:00:00,2.14,58.2,38.7,153.0,0.0,RUNNING
TEL-13648,MCH-COILING-01,2026-07-22 17:00:00,2.79,61.5,38.8,155.2,1459.8,RUNNING
TEL-13649,MCH-COILING-02,2026-07-22 17:00:00,2.33,62.2,39.4,152.1,1463.1,RUNNING
TEL-13650,MCH-HEATTREAT-01,2026-07-22 17:00:00,1.43,851.6,36.6,159.4,0.0,RUNNING
TEL-13651,MCH-TEMPERING-01,2026-07-22 17:00:00,1.91,59.1,37.8,152.7,0.0,RUNNING
TEL-13652,MCH-SHOTPEEN-01,2026-07-22 17:00:00,0.99,49.3,36.2,160.2,0.0,RUNNING
TEL-13653,MCH-STABILIZER-01,2026-07-22 17:00:00,2.36,60.4,38.9,154.0,0.0,RUNNING
TEL-13654,MCH-TESTING-01,2026-07-22 17:00:00,1.79,55.5,38.2,157.0,0.0,RUNNING
TEL-13655,MCH-COILING-01,2026-07-22 18:00:00,2.69,59.5,38.9,155.8,1446.2,RUNNING
TEL-13656,MCH-COILING-02,2026-07-22 18:00:00,2.14,56.2,40.4,151.0,1464.4,RUNNING
TEL-13657,MCH-HEATTREAT-01,2026-07-22 18:00:00,1.21,855.4,36.4,157.0,0.0,RUNNING
TEL-13658,MCH-TEMPERING-01,2026-07-22 18:00:00,1.81,57.9,38.8,152.4,0.0,RUNNING
TEL-13659,MCH-SHOTPEEN-01,2026-07-22 18:00:00,1.33,52.9,37.5,156.8,0.0,RUNNING
TEL-13660,MCH-STABILIZER-01,2026-07-22 18:00:00,2.22,59.3,40.7,150.2,0.0,RUNNING
TEL-13661,MCH-TESTING-01,2026-07-22 18:00:00,1.98,55.1,39.3,152.5,0.0,RUNNING
TEL-13662,MCH-COILING-01,2026-07-22 19:00:00,2.51,59.0,38.4,152.4,1441.5,RUNNING
TEL-13663,MCH-COILING-02,2026-07-22 19:00:00,2.42,56.7,38.5,150.8,1450.4,RUNNING
TEL-13664,MCH-HEATTREAT-01,2026-07-22 19:00:00,1.17,855.4,36.5,158.1,0.0,RUNNING
TEL-13665,MCH-TEMPERING-01,2026-07-22 19:00:00,2.05,55.9,37.9,153.2,0.0,RUNNING
TEL-13666,MCH-SHOTPEEN-01,2026-07-22 19:00:00,0.95,54.1,34.8,160.2,0.0,RUNNING
TEL-13667,MCH-STABILIZER-01,2026-07-22 19:00:00,2.5,58.1,40.2,153.3,0.0,RUNNING
TEL-13668,MCH-TESTING-01,2026-07-22 19:00:00,2.07,55.6,38.4,151.9,0.0,RUNNING
TEL-13669,MCH-COILING-01,2026-07-22 20:00:00,2.61,58.2,39.3,151.9,1458.4,RUNNING
TEL-13670,MCH-COILING-02,2026-07-22 20:00:00,2.35,60.6,39.1,152.5,1455.7,RUNNING
TEL-13671,MCH-HEATTREAT-01,2026-07-22 20:00:00,1.29,851.7,37.6,155.4,0.0,RUNNING
TEL-13672,MCH-TEMPERING-01,2026-07-22 20:00:00,1.98,54.1,37.6,153.1,0.0,RUNNING
TEL-13673,MCH-SHOTPEEN-01,2026-07-22 20:00:00,1.0,48.8,34.9,160.1,0.0,RUNNING
TEL-13674,MCH-STABILIZER-01,2026-07-22 20:00:00,2.28,58.9,39.0,151.5,0.0,RUNNING
TEL-13675,MCH-TESTING-01,2026-07-22 20:00:00,1.82,57.1,39.0,153.8,0.0,RUNNING
TEL-13676,MCH-COILING-01,2026-07-22 21:00:00,2.42,58.9,38.7,154.9,1461.4,RUNNING
TEL-13677,MCH-COILING-02,2026-07-22 21:00:00,2.31,60.7,40.4,151.4,1460.2,RUNNING
TEL-13678,MCH-HEATTREAT-01,2026-07-22 21:00:00,1.39,855.6,35.7,160.2,0.0,RUNNING
TEL-13679,MCH-TEMPERING-01,2026-07-22 21:00:00,1.86,56.0,37.4,156.2,0.0,RUNNING
TEL-13680,MCH-SHOTPEEN-01,2026-07-22 21:00:00,1.07,50.8,36.2,155.8,0.0,IDLE
TEL-13681,MCH-STABILIZER-01,2026-07-22 21:00:00,2.23,58.2,40.8,154.4,0.0,RUNNING
TEL-13682,MCH-TESTING-01,2026-07-22 21:00:00,2.14,56.6,38.7,153.2,0.0,RUNNING
TEL-13683,MCH-COILING-01,2026-07-22 22:00:00,2.73,60.5,40.2,155.5,1444.6,RUNNING
TEL-13684,MCH-COILING-02,2026-07-22 22:00:00,2.29,59.4,38.7,150.7,1458.4,RUNNING
TEL-13685,MCH-HEATTREAT-01,2026-07-22 22:00:00,1.42,856.4,36.4,156.1,0.0,RUNNING
TEL-13686,MCH-TEMPERING-01,2026-07-22 22:00:00,2.0,54.4,38.5,153.7,0.0,RUNNING
TEL-13687,MCH-SHOTPEEN-01,2026-07-22 22:00:00,1.19,50.6,36.3,157.0,0.0,RUNNING
TEL-13688,MCH-STABILIZER-01,2026-07-22 22:00:00,2.45,57.3,41.0,152.7,0.0,RUNNING
TEL-13689,MCH-TESTING-01,2026-07-22 22:00:00,1.83,56.4,39.2,154.0,0.0,RUNNING
TEL-13690,MCH-COILING-01,2026-07-22 23:00:00,2.57,60.7,40.9,153.1,1441.6,IDLE
TEL-13691,MCH-COILING-02,2026-07-22 23:00:00,2.25,57.3,38.7,153.3,1460.6,RUNNING
TEL-13692,MCH-HEATTREAT-01,2026-07-22 23:00:00,1.28,857.7,36.0,155.4,0.0,RUNNING
TEL-13693,MCH-TEMPERING-01,2026-07-22 23:00:00,2.13,58.5,38.2,153.9,0.0,RUNNING
TEL-13694,MCH-SHOTPEEN-01,2026-07-22 23:00:00,1.07,50.2,35.9,158.5,0.0,RUNNING
TEL-13695,MCH-STABILIZER-01,2026-07-22 23:00:00,2.26,58.4,40.7,150.1,0.0,RUNNING
TEL-13696,MCH-TESTING-01,2026-07-22 23:00:00,2.09,58.1,37.9,155.6,0.0,RUNNING
TEL-13697,MCH-COILING-01,2026-07-23 00:00:00,2.72,61.5,39.3,155.9,1462.8,RUNNING
TEL-13698,MCH-COILING-02,2026-07-23 00:00:00,2.44,57.4,39.5,155.2,1449.1,RUNNING
TEL-13699,MCH-HEATTREAT-01,2026-07-23 00:00:00,1.27,853.7,35.6,157.8,0.0,RUNNING
TEL-13700,MCH-TEMPERING-01,2026-07-23 00:00:00,1.97,54.2,40.4,153.1,0.0,RUNNING
TEL-13701,MCH-SHOTPEEN-01,2026-07-23 00:00:00,1.3,53.1,37.9,155.7,0.0,RUNNING
TEL-13702,MCH-STABILIZER-01,2026-07-23 00:00:00,2.67,62.9,39.8,153.9,0.0,RUNNING
TEL-13703,MCH-TESTING-01,2026-07-23 00:00:00,2.24,55.5,38.4,153.0,0.0,RUNNING
TEL-13704,MCH-COILING-01,2026-07-23 01:00:00,2.5,59.2,40.3,152.1,1443.1,RUNNING
TEL-13705,MCH-COILING-02,2026-07-23 01:00:00,2.63,62.6,39.7,153.4,1455.0,RUNNING
TEL-13706,MCH-HEATTREAT-01,2026-07-23 01:00:00,1.2,855.9,37.5,155.0,0.0,RUNNING
TEL-13707,MCH-TEMPERING-01,2026-07-23 01:00:00,2.03,56.4,40.3,151.8,0.0,RUNNING
TEL-13708,MCH-SHOTPEEN-01,2026-07-23 01:00:00,1.25,52.6,38.0,157.6,0.0,RUNNING
TEL-13709,MCH-STABILIZER-01,2026-07-23 01:00:00,2.56,61.2,39.4,152.0,0.0,RUNNING
TEL-13710,MCH-TESTING-01,2026-07-23 01:00:00,2.09,58.9,40.4,153.9,0.0,RUNNING
TEL-13711,MCH-COILING-01,2026-07-23 02:00:00,2.8,56.6,40.8,156.1,1455.5,RUNNING
TEL-13712,MCH-COILING-02,2026-07-23 02:00:00,2.44,62.3,40.0,149.8,1462.1,RUNNING
TEL-13713,MCH-HEATTREAT-01,2026-07-23 02:00:00,1.1,851.9,36.3,158.6,0.0,RUNNING
TEL-13714,MCH-TEMPERING-01,2026-07-23 02:00:00,2.08,60.6,37.8,157.0,0.0,RUNNING
TEL-13715,MCH-SHOTPEEN-01,2026-07-23 02:00:00,1.2,50.8,36.8,160.7,0.0,RUNNING
TEL-13716,MCH-STABILIZER-01,2026-07-23 02:00:00,2.38,58.6,40.2,150.4,0.0,RUNNING
TEL-13717,MCH-TESTING-01,2026-07-23 02:00:00,2.11,54.9,37.9,156.0,0.0,RUNNING
TEL-13718,MCH-COILING-01,2026-07-23 03:00:00,2.54,60.1,40.8,155.0,1458.5,RUNNING
TEL-13719,MCH-COILING-02,2026-07-23 03:00:00,2.35,61.0,39.3,149.4,1447.7,RUNNING
TEL-13720,MCH-HEATTREAT-01,2026-07-23 03:00:00,1.38,852.4,35.8,159.7,0.0,RUNNING
TEL-13721,MCH-TEMPERING-01,2026-07-23 03:00:00,2.07,55.6,38.4,152.5,0.0,RUNNING
TEL-13722,MCH-SHOTPEEN-01,2026-07-23 03:00:00,1.42,53.1,36.2,160.5,0.0,RUNNING
TEL-13723,MCH-STABILIZER-01,2026-07-23 03:00:00,2.33,60.3,41.6,153.9,0.0,RUNNING
TEL-13724,MCH-TESTING-01,2026-07-23 03:00:00,1.98,58.0,38.9,154.8,0.0,RUNNING
TEL-13725,MCH-COILING-01,2026-07-23 04:00:00,2.6,55.8,39.1,152.2,1460.0,RUNNING
TEL-13726,MCH-COILING-02,2026-07-23 04:00:00,2.38,63.3,41.4,153.2,1463.1,RUNNING
TEL-13727,MCH-HEATTREAT-01,2026-07-23 04:00:00,1.48,854.6,37.8,160.4,0.0,RUNNING
TEL-13728,MCH-TEMPERING-01,2026-07-23 04:00:00,2.2,55.8,38.9,156.7,0.0,RUNNING
TEL-13729,MCH-SHOTPEEN-01,2026-07-23 04:00:00,1.22,50.5,36.0,155.7,0.0,RUNNING
TEL-13730,MCH-STABILIZER-01,2026-07-23 04:00:00,2.48,57.8,40.5,153.8,0.0,RUNNING
TEL-13731,MCH-TESTING-01,2026-07-23 04:00:00,1.88,59.3,40.1,153.1,0.0,RUNNING
TEL-13732,MCH-COILING-01,2026-07-23 05:00:00,2.67,58.6,41.1,156.1,1457.2,RUNNING
TEL-13733,MCH-COILING-02,2026-07-23 05:00:00,2.4,59.4,41.8,152.0,1452.7,RUNNING
TEL-13734,MCH-HEATTREAT-01,2026-07-23 05:00:00,1.19,850.7,37.3,157.7,0.0,RUNNING
TEL-13735,MCH-TEMPERING-01,2026-07-23 05:00:00,2.11,59.8,40.2,153.8,0.0,RUNNING
TEL-13736,MCH-SHOTPEEN-01,2026-07-23 05:00:00,1.38,52.4,37.8,155.6,0.0,RUNNING
TEL-13737,MCH-STABILIZER-01,2026-07-23 05:00:00,2.4,60.9,41.5,154.7,0.0,RUNNING
TEL-13738,MCH-TESTING-01,2026-07-23 05:00:00,2.06,56.5,39.2,153.3,0.0,RUNNING
TEL-13739,MCH-COILING-01,2026-07-23 06:00:00,2.6,59.9,38.6,154.6,1447.7,IDLE
TEL-13740,MCH-COILING-02,2026-07-23 06:00:00,2.28,60.1,39.8,152.8,1456.7,RUNNING
TEL-13741,MCH-HEATTREAT-01,2026-07-23 06:00:00,1.2,852.0,38.1,158.6,0.0,RUNNING
TEL-13742,MCH-TEMPERING-01,2026-07-23 06:00:00,2.03,57.5,37.7,157.1,0.0,RUNNING
TEL-13743,MCH-SHOTPEEN-01,2026-07-23 06:00:00,1.18,54.3,37.0,159.8,0.0,RUNNING
TEL-13744,MCH-STABILIZER-01,2026-07-23 06:00:00,2.6,62.6,39.8,151.1,0.0,IDLE
TEL-13745,MCH-TESTING-01,2026-07-23 06:00:00,2.21,59.2,38.5,152.2,0.0,RUNNING
TEL-13746,MCH-COILING-01,2026-07-23 07:00:00,2.49,61.1,39.9,151.2,1444.9,RUNNING
TEL-13747,MCH-COILING-02,2026-07-23 07:00:00,2.36,57.1,39.3,149.7,1460.9,RUNNING
TEL-13748,MCH-HEATTREAT-01,2026-07-23 07:00:00,1.3,856.3,38.2,157.5,0.0,RUNNING
TEL-13749,MCH-TEMPERING-01,2026-07-23 07:00:00,2.0,59.6,39.2,156.0,0.0,RUNNING
TEL-13750,MCH-SHOTPEEN-01,2026-07-23 07:00:00,1.35,50.0,37.0,158.5,0.0,RUNNING
TEL-13751,MCH-STABILIZER-01,2026-07-23 07:00:00,2.48,61.1,39.3,151.3,0.0,RUNNING
TEL-13752,MCH-TESTING-01,2026-07-23 07:00:00,2.02,54.5,40.2,151.2,0.0,RUNNING
TEL-13753,MCH-COILING-01,2026-07-23 08:00:00,2.77,58.5,40.1,153.8,1437.5,RUNNING
TEL-13754,MCH-COILING-02,2026-07-23 08:00:00,2.5,56.9,39.8,154.9,1460.8,RUNNING
TEL-13755,MCH-HEATTREAT-01,2026-07-23 08:00:00,1.43,855.2,36.6,158.1,0.0,RUNNING
TEL-13756,MCH-TEMPERING-01,2026-07-23 08:00:00,1.87,55.6,38.6,152.1,0.0,RUNNING
TEL-13757,MCH-SHOTPEEN-01,2026-07-23 08:00:00,1.35,49.8,36.0,156.8,0.0,RUNNING
TEL-13758,MCH-STABILIZER-01,2026-07-23 08:00:00,2.42,60.8,40.9,153.5,0.0,RUNNING
TEL-13759,MCH-TESTING-01,2026-07-23 08:00:00,1.97,57.8,39.8,152.0,0.0,RUNNING
TEL-13760,MCH-COILING-01,2026-07-23 09:00:00,2.64,58.4,39.8,155.3,1462.1,RUNNING
TEL-13761,MCH-COILING-02,2026-07-23 09:00:00,2.33,57.7,40.2,151.1,1445.7,RUNNING
TEL-13762,MCH-HEATTREAT-01,2026-07-23 09:00:00,1.26,855.0,37.9,157.2,0.0,RUNNING
TEL-13763,MCH-TEMPERING-01,2026-07-23 09:00:00,2.03,56.2,37.8,154.9,0.0,RUNNING
TEL-13764,MCH-SHOTPEEN-01,2026-07-23 09:00:00,1.41,52.3,37.5,156.7,0.0,RUNNING
TEL-13765,MCH-STABILIZER-01,2026-07-23 09:00:00,2.62,59.9,39.9,150.7,0.0,RUNNING
TEL-13766,MCH-TESTING-01,2026-07-23 09:00:00,1.99,57.6,38.7,154.6,0.0,RUNNING
TEL-13767,MCH-COILING-01,2026-07-23 10:00:00,2.64,58.7,39.1,155.2,1435.8,RUNNING
TEL-13768,MCH-COILING-02,2026-07-23 10:00:00,2.33,59.5,40.1,152.2,1435.8,RUNNING
TEL-13769,MCH-HEATTREAT-01,2026-07-23 10:00:00,1.09,856.3,36.5,157.0,0.0,RUNNING
TEL-13770,MCH-TEMPERING-01,2026-07-23 10:00:00,2.03,55.5,37.9,153.1,0.0,RUNNING
TEL-13771,MCH-SHOTPEEN-01,2026-07-23 10:00:00,1.13,53.4,35.2,158.6,0.0,RUNNING
TEL-13772,MCH-STABILIZER-01,2026-07-23 10:00:00,2.57,57.8,41.7,153.4,0.0,RUNNING
TEL-13773,MCH-TESTING-01,2026-07-23 10:00:00,2.03,56.7,39.2,152.6,0.0,RUNNING
TEL-13774,MCH-COILING-01,2026-07-23 11:00:00,2.57,57.3,41.3,155.0,1454.6,RUNNING
TEL-13775,MCH-COILING-02,2026-07-23 11:00:00,2.34,63.1,41.6,154.6,1438.9,RUNNING
TEL-13776,MCH-HEATTREAT-01,2026-07-23 11:00:00,1.48,854.7,37.9,158.9,0.0,IDLE
TEL-13777,MCH-TEMPERING-01,2026-07-23 11:00:00,2.23,55.8,37.7,157.2,0.0,RUNNING
TEL-13778,MCH-SHOTPEEN-01,2026-07-23 11:00:00,1.07,53.1,37.5,158.6,0.0,RUNNING
TEL-13779,MCH-STABILIZER-01,2026-07-23 11:00:00,2.46,60.2,39.4,153.1,0.0,RUNNING
TEL-13780,MCH-TESTING-01,2026-07-23 11:00:00,2.1,59.1,40.2,157.1,0.0,RUNNING
TEL-13781,MCH-COILING-01,2026-07-23 12:00:00,2.51,61.5,39.8,154.7,1448.4,RUNNING
TEL-13782,MCH-COILING-02,2026-07-23 12:00:00,2.4,57.4,41.1,152.2,1447.8,RUNNING
TEL-13783,MCH-HEATTREAT-01,2026-07-23 12:00:00,1.34,854.8,36.7,158.9,0.0,RUNNING
TEL-13784,MCH-TEMPERING-01,2026-07-23 12:00:00,2.04,57.9,38.8,155.1,0.0,RUNNING
TEL-13785,MCH-SHOTPEEN-01,2026-07-23 12:00:00,1.2,54.1,37.2,155.2,0.0,RUNNING
TEL-13786,MCH-STABILIZER-01,2026-07-23 12:00:00,2.37,60.1,42.1,152.5,0.0,IDLE
TEL-13787,MCH-TESTING-01,2026-07-23 12:00:00,2.13,54.8,39.9,155.3,0.0,RUNNING
TEL-13788,MCH-COILING-01,2026-07-23 13:00:00,2.47,56.9,40.4,153.2,1462.2,RUNNING
TEL-13789,MCH-COILING-02,2026-07-23 13:00:00,2.36,62.4,40.9,153.1,1447.7,RUNNING
TEL-13790,MCH-HEATTREAT-01,2026-07-23 13:00:00,1.11,851.0,35.4,160.2,0.0,RUNNING
TEL-13791,MCH-TEMPERING-01,2026-07-23 13:00:00,2.0,56.2,38.6,156.4,0.0,RUNNING
TEL-13792,MCH-SHOTPEEN-01,2026-07-23 13:00:00,1.28,48.9,36.4,159.5,0.0,RUNNING
TEL-13793,MCH-STABILIZER-01,2026-07-23 13:00:00,2.42,59.4,40.0,149.8,0.0,RUNNING
TEL-13794,MCH-TESTING-01,2026-07-23 13:00:00,2.12,56.2,37.8,156.5,0.0,RUNNING
TEL-13795,MCH-COILING-01,2026-07-23 14:00:00,2.53,60.4,40.7,153.1,1441.8,RUNNING
TEL-13796,MCH-COILING-02,2026-07-23 14:00:00,2.27,62.9,40.9,153.9,1447.2,RUNNING
TEL-13797,MCH-HEATTREAT-01,2026-07-23 14:00:00,1.43,853.9,36.1,156.1,0.0,RUNNING
TEL-13798,MCH-TEMPERING-01,2026-07-23 14:00:00,2.22,54.6,39.7,151.3,0.0,RUNNING
TEL-13799,MCH-SHOTPEEN-01,2026-07-23 14:00:00,1.2,50.1,37.9,157.6,0.0,RUNNING
TEL-13800,MCH-STABILIZER-01,2026-07-23 14:00:00,2.64,59.8,42.0,154.6,0.0,RUNNING
TEL-13801,MCH-TESTING-01,2026-07-23 14:00:00,2.02,55.4,38.1,154.4,0.0,RUNNING
TEL-13802,MCH-COILING-01,2026-07-23 15:00:00,2.82,60.9,38.5,153.7,1444.1,RUNNING
TEL-13803,MCH-COILING-02,2026-07-23 15:00:00,2.56,57.4,39.4,155.4,1464.4,RUNNING
TEL-13804,MCH-HEATTREAT-01,2026-07-23 15:00:00,1.41,856.1,38.1,155.6,0.0,RUNNING
TEL-13805,MCH-TEMPERING-01,2026-07-23 15:00:00,2.15,55.3,39.3,156.9,0.0,RUNNING
TEL-13806,MCH-SHOTPEEN-01,2026-07-23 15:00:00,1.13,51.8,37.9,155.6,0.0,RUNNING
TEL-13807,MCH-STABILIZER-01,2026-07-23 15:00:00,2.62,62.2,42.1,154.8,0.0,RUNNING
TEL-13808,MCH-TESTING-01,2026-07-23 15:00:00,1.98,56.8,38.5,155.3,0.0,RUNNING
TEL-13809,MCH-COILING-01,2026-07-23 16:00:00,2.53,61.6,38.6,153.9,1446.1,RUNNING
TEL-13810,MCH-COILING-02,2026-07-23 16:00:00,2.57,63.3,41.4,154.4,1457.1,RUNNING
TEL-13811,MCH-HEATTREAT-01,2026-07-23 16:00:00,1.11,852.7,36.6,156.1,0.0,RUNNING
TEL-13812,MCH-TEMPERING-01,2026-07-23 16:00:00,1.89,58.9,37.9,152.7,0.0,RUNNING
TEL-13813,MCH-SHOTPEEN-01,2026-07-23 16:00:00,1.3,50.7,37.6,160.8,0.0,RUNNING
TEL-13814,MCH-STABILIZER-01,2026-07-23 16:00:00,2.33,57.9,40.0,149.1,0.0,RUNNING
TEL-13815,MCH-TESTING-01,2026-07-23 16:00:00,1.91,59.0,40.4,154.8,0.0,RUNNING
TEL-13816,MCH-COILING-01,2026-07-23 17:00:00,2.63,59.7,39.2,154.8,1444.6,RUNNING
TEL-13817,MCH-COILING-02,2026-07-23 17:00:00,2.57,59.7,41.1,151.2,1464.6,RUNNING
TEL-13818,MCH-HEATTREAT-01,2026-07-23 17:00:00,1.4,855.5,35.7,158.5,0.0,RUNNING
TEL-13819,MCH-TEMPERING-01,2026-07-23 17:00:00,2.23,59.7,39.4,153.3,0.0,RUNNING
TEL-13820,MCH-SHOTPEEN-01,2026-07-23 17:00:00,1.17,48.9,36.9,159.5,0.0,RUNNING
TEL-13821,MCH-STABILIZER-01,2026-07-23 17:00:00,2.48,58.2,41.2,151.3,0.0,RUNNING
TEL-13822,MCH-TESTING-01,2026-07-23 17:00:00,2.15,54.9,37.9,155.6,0.0,RUNNING
TEL-13823,MCH-COILING-01,2026-07-23 18:00:00,2.75,59.1,38.7,154.2,1439.0,RUNNING
TEL-13824,MCH-COILING-02,2026-07-23 18:00:00,2.4,57.9,41.4,154.9,1439.6,RUNNING
TEL-13825,MCH-HEATTREAT-01,2026-07-23 18:00:00,1.41,853.0,37.1,155.9,0.0,RUNNING
TEL-13826,MCH-TEMPERING-01,2026-07-23 18:00:00,2.19,57.8,38.8,152.1,0.0,RUNNING
TEL-13827,MCH-SHOTPEEN-01,2026-07-23 18:00:00,1.3,51.6,37.5,159.3,0.0,RUNNING
TEL-13828,MCH-STABILIZER-01,2026-07-23 18:00:00,2.32,61.2,39.5,153.8,0.0,RUNNING
TEL-13829,MCH-TESTING-01,2026-07-23 18:00:00,2.25,58.5,39.2,155.7,0.0,RUNNING
TEL-13830,MCH-COILING-01,2026-07-23 19:00:00,2.65,60.3,38.8,150.4,1463.8,RUNNING
TEL-13831,MCH-COILING-02,2026-07-23 19:00:00,2.6,58.7,39.9,152.3,1438.9,RUNNING
TEL-13832,MCH-HEATTREAT-01,2026-07-23 19:00:00,1.31,856.7,35.6,157.0,0.0,RUNNING
TEL-13833,MCH-TEMPERING-01,2026-07-23 19:00:00,1.93,58.8,37.8,155.3,0.0,RUNNING
TEL-13834,MCH-SHOTPEEN-01,2026-07-23 19:00:00,1.42,52.5,37.2,156.0,0.0,RUNNING
TEL-13835,MCH-STABILIZER-01,2026-07-23 19:00:00,2.52,57.6,40.3,150.7,0.0,IDLE
TEL-13836,MCH-TESTING-01,2026-07-23 19:00:00,2.19,59.7,38.5,153.6,0.0,RUNNING
TEL-13837,MCH-COILING-01,2026-07-23 20:00:00,2.59,58.8,39.7,155.0,1455.8,RUNNING
TEL-13838,MCH-COILING-02,2026-07-23 20:00:00,2.37,61.6,39.0,154.6,1454.0,RUNNING
TEL-13839,MCH-HEATTREAT-01,2026-07-23 20:00:00,1.32,852.8,36.4,159.0,0.0,RUNNING
TEL-13840,MCH-TEMPERING-01,2026-07-23 20:00:00,1.89,56.7,39.5,153.4,0.0,RUNNING
TEL-13841,MCH-SHOTPEEN-01,2026-07-23 20:00:00,1.13,52.0,36.7,160.7,0.0,RUNNING
TEL-13842,MCH-STABILIZER-01,2026-07-23 20:00:00,2.67,59.7,41.2,154.5,0.0,RUNNING
TEL-13843,MCH-TESTING-01,2026-07-23 20:00:00,2.21,54.8,38.9,156.9,0.0,RUNNING
TEL-13844,MCH-COILING-01,2026-07-23 21:00:00,2.52,61.7,40.9,150.3,1437.6,RUNNING
TEL-13845,MCH-COILING-02,2026-07-23 21:00:00,2.53,58.2,40.0,154.9,1449.5,RUNNING
TEL-13846,MCH-HEATTREAT-01,2026-07-23 21:00:00,1.35,853.5,37.8,159.4,0.0,RUNNING
TEL-13847,MCH-TEMPERING-01,2026-07-23 21:00:00,1.94,54.3,38.6,155.8,0.0,RUNNING
TEL-13848,MCH-SHOTPEEN-01,2026-07-23 21:00:00,1.39,51.7,37.5,159.7,0.0,RUNNING
TEL-13849,MCH-STABILIZER-01,2026-07-23 21:00:00,2.54,63.7,40.8,150.9,0.0,RUNNING
TEL-13850,MCH-TESTING-01,2026-07-23 21:00:00,2.18,56.0,40.2,155.5,0.0,RUNNING
TEL-13851,MCH-COILING-01,2026-07-23 22:00:00,2.56,58.6,40.0,153.7,1461.5,RUNNING
TEL-13852,MCH-COILING-02,2026-07-23 22:00:00,2.4,58.3,39.0,152.8,1456.9,RUNNING
TEL-13853,MCH-HEATTREAT-01,2026-07-23 22:00:00,1.38,853.8,37.6,156.4,0.0,RUNNING
TEL-13854,MCH-TEMPERING-01,2026-07-23 22:00:00,2.06,59.4,39.2,155.9,0.0,RUNNING
TEL-13855,MCH-SHOTPEEN-01,2026-07-23 22:00:00,1.18,52.8,35.5,160.4,0.0,RUNNING
TEL-13856,MCH-STABILIZER-01,2026-07-23 22:00:00,2.58,61.8,41.1,154.2,0.0,RUNNING
TEL-13857,MCH-TESTING-01,2026-07-23 22:00:00,2.24,59.0,40.4,155.7,0.0,RUNNING
TEL-13858,MCH-COILING-01,2026-07-23 23:00:00,2.55,57.3,39.0,152.8,1450.3,RUNNING
TEL-13859,MCH-COILING-02,2026-07-23 23:00:00,2.45,58.9,41.7,151.9,1462.2,RUNNING
TEL-13860,MCH-HEATTREAT-01,2026-07-23 23:00:00,1.29,854.6,36.4,156.9,0.0,RUNNING
TEL-13861,MCH-TEMPERING-01,2026-07-23 23:00:00,2.04,55.9,38.5,153.2,0.0,RUNNING
TEL-13862,MCH-SHOTPEEN-01,2026-07-23 23:00:00,1.18,48.9,36.1,156.3,0.0,RUNNING
TEL-13863,MCH-STABILIZER-01,2026-07-23 23:00:00,2.44,59.7,41.5,151.0,0.0,RUNNING
TEL-13864,MCH-TESTING-01,2026-07-23 23:00:00,2.25,58.9,39.2,154.3,0.0,RUNNING
TEL-13865,MCH-COILING-01,2026-07-24 00:00:00,2.84,57.4,41.3,152.9,1464.0,RUNNING
TEL-13866,MCH-COILING-02,2026-07-24 00:00:00,2.3,62.3,41.3,153.8,1460.1,RUNNING
TEL-13867,MCH-HEATTREAT-01,2026-07-24 00:00:00,1.21,855.2,35.9,158.5,0.0,RUNNING
TEL-13868,MCH-TEMPERING-01,2026-07-24 00:00:00,2.12,55.9,40.7,153.9,0.0,RUNNING
TEL-13869,MCH-SHOTPEEN-01,2026-07-24 00:00:00,1.43,50.1,36.1,155.5,0.0,RUNNING
TEL-13870,MCH-STABILIZER-01,2026-07-24 00:00:00,1.29,53.1,36.8,158.0,0.0,RUNNING
TEL-13871,MCH-TESTING-01,2026-07-24 00:00:00,2.2,56.9,40.6,156.5,0.0,RUNNING
TEL-13872,MCH-COILING-01,2026-07-24 01:00:00,2.86,58.1,41.6,153.7,1449.7,RUNNING
TEL-13873,MCH-COILING-02,2026-07-24 01:00:00,2.62,58.9,39.9,152.5,1456.4,RUNNING
TEL-13874,MCH-HEATTREAT-01,2026-07-24 01:00:00,1.37,853.2,35.5,161.1,0.0,RUNNING
TEL-13875,MCH-TEMPERING-01,2026-07-24 01:00:00,2.26,55.2,39.4,151.9,0.0,RUNNING
TEL-13876,MCH-SHOTPEEN-01,2026-07-24 01:00:00,1.22,49.8,36.5,158.5,0.0,RUNNING
TEL-13877,MCH-STABILIZER-01,2026-07-24 01:00:00,1.01,48.7,37.2,161.0,0.0,RUNNING
TEL-13878,MCH-TESTING-01,2026-07-24 01:00:00,2.33,57.0,38.3,153.7,0.0,RUNNING
TEL-13879,MCH-COILING-01,2026-07-24 02:00:00,2.64,59.9,39.6,150.3,1462.1,RUNNING
TEL-13880,MCH-COILING-02,2026-07-24 02:00:00,2.59,59.7,41.5,150.6,1451.5,RUNNING
TEL-13881,MCH-HEATTREAT-01,2026-07-24 02:00:00,1.21,852.7,36.9,157.6,0.0,RUNNING
TEL-13882,MCH-TEMPERING-01,2026-07-24 02:00:00,2.13,61.4,39.1,154.8,0.0,RUNNING
TEL-13883,MCH-SHOTPEEN-01,2026-07-24 02:00:00,1.39,52.0,37.0,157.2,0.0,RUNNING
TEL-13884,MCH-STABILIZER-01,2026-07-24 02:00:00,1.21,49.8,35.2,156.6,0.0,RUNNING
TEL-13885,MCH-TESTING-01,2026-07-24 02:00:00,2.34,60.2,40.0,150.9,0.0,RUNNING
TEL-13886,MCH-COILING-01,2026-07-24 03:00:00,2.81,62.4,39.6,152.6,1444.3,RUNNING
TEL-13887,MCH-COILING-02,2026-07-24 03:00:00,2.46,62.8,41.8,151.0,1456.4,RUNNING
TEL-13888,MCH-HEATTREAT-01,2026-07-24 03:00:00,1.14,854.8,37.5,161.1,0.0,RUNNING
TEL-13889,MCH-TEMPERING-01,2026-07-24 03:00:00,2.34,56.2,40.3,156.6,0.0,RUNNING
TEL-13890,MCH-SHOTPEEN-01,2026-07-24 03:00:00,1.45,55.3,37.5,155.8,0.0,RUNNING
TEL-13891,MCH-STABILIZER-01,2026-07-24 03:00:00,1.25,53.5,36.6,156.3,0.0,RUNNING
TEL-13892,MCH-TESTING-01,2026-07-24 03:00:00,2.22,61.6,39.2,156.2,0.0,RUNNING
TEL-13893,MCH-COILING-01,2026-07-24 04:00:00,2.67,61.2,41.1,155.4,1456.2,RUNNING
TEL-13894,MCH-COILING-02,2026-07-24 04:00:00,2.35,60.6,41.3,151.5,1463.2,RUNNING
TEL-13895,MCH-HEATTREAT-01,2026-07-24 04:00:00,1.3,854.2,37.7,160.2,0.0,RUNNING
TEL-13896,MCH-TEMPERING-01,2026-07-24 04:00:00,2.06,59.2,39.0,151.7,0.0,RUNNING
TEL-13897,MCH-SHOTPEEN-01,2026-07-24 04:00:00,1.55,53.1,37.9,157.7,0.0,RUNNING
TEL-13898,MCH-STABILIZER-01,2026-07-24 04:00:00,1.06,50.2,36.8,157.2,0.0,RUNNING
TEL-13899,MCH-TESTING-01,2026-07-24 04:00:00,2.31,58.2,38.9,154.2,0.0,RUNNING
TEL-13900,MCH-COILING-01,2026-07-24 05:00:00,2.72,57.9,39.8,154.6,1443.4,RUNNING
TEL-13901,MCH-COILING-02,2026-07-24 05:00:00,2.33,57.9,41.4,152.3,1460.5,RUNNING
TEL-13902,MCH-HEATTREAT-01,2026-07-24 05:00:00,1.11,851.2,37.6,156.6,0.0,RUNNING
TEL-13903,MCH-TEMPERING-01,2026-07-24 05:00:00,2.23,55.9,38.6,155.7,0.0,RUNNING
TEL-13904,MCH-SHOTPEEN-01,2026-07-24 05:00:00,1.22,53.2,36.8,160.2,0.0,RUNNING
TEL-13905,MCH-STABILIZER-01,2026-07-24 05:00:00,1.12,48.7,37.2,157.0,0.0,RUNNING
TEL-13906,MCH-TESTING-01,2026-07-24 05:00:00,2.04,57.8,38.6,150.6,0.0,RUNNING
TEL-13907,MCH-COILING-01,2026-07-24 06:00:00,2.84,58.0,39.4,151.3,1436.8,RUNNING
TEL-13908,MCH-COILING-02,2026-07-24 06:00:00,2.36,58.4,39.7,151.5,1440.9,RUNNING
TEL-13909,MCH-HEATTREAT-01,2026-07-24 06:00:00,1.33,852.4,35.7,160.9,0.0,IDLE
TEL-13910,MCH-TEMPERING-01,2026-07-24 06:00:00,2.19,61.4,40.0,153.6,0.0,RUNNING
TEL-13911,MCH-SHOTPEEN-01,2026-07-24 06:00:00,1.4,54.4,36.6,158.9,0.0,RUNNING
TEL-13912,MCH-STABILIZER-01,2026-07-24 06:00:00,1.19,52.3,37.0,155.7,0.0,RUNNING
TEL-13913,MCH-TESTING-01,2026-07-24 06:00:00,2.39,58.5,38.3,153.7,0.0,RUNNING
TEL-13914,MCH-COILING-01,2026-07-24 07:00:00,2.73,56.8,39.6,152.7,1459.4,RUNNING
TEL-13915,MCH-COILING-02,2026-07-24 07:00:00,2.38,62.7,39.5,154.2,1454.6,RUNNING
TEL-13916,MCH-HEATTREAT-01,2026-07-24 07:00:00,1.08,852.6,35.7,159.0,0.0,RUNNING
TEL-13917,MCH-TEMPERING-01,2026-07-24 07:00:00,1.97,59.6,40.0,152.1,0.0,RUNNING
TEL-13918,MCH-SHOTPEEN-01,2026-07-24 07:00:00,1.33,55.2,37.9,157.9,0.0,RUNNING
TEL-13919,MCH-STABILIZER-01,2026-07-24 07:00:00,1.29,52.9,36.8,156.7,0.0,RUNNING
TEL-13920,MCH-TESTING-01,2026-07-24 07:00:00,2.34,61.8,40.3,154.1,0.0,RUNNING
TEL-13921,MCH-COILING-01,2026-07-24 08:00:00,2.62,56.9,41.3,153.0,1438.0,RUNNING
TEL-13922,MCH-COILING-02,2026-07-24 08:00:00,2.51,61.1,40.4,149.2,1443.3,RUNNING
TEL-13923,MCH-HEATTREAT-01,2026-07-24 08:00:00,1.11,851.4,36.6,159.3,0.0,RUNNING
TEL-13924,MCH-TEMPERING-01,2026-07-24 08:00:00,2.01,60.6,40.8,153.1,0.0,IDLE
TEL-13925,MCH-SHOTPEEN-01,2026-07-24 08:00:00,1.25,52.1,37.7,159.0,0.0,RUNNING
TEL-13926,MCH-STABILIZER-01,2026-07-24 08:00:00,1.2,50.4,35.7,155.4,0.0,RUNNING
TEL-13927,MCH-TESTING-01,2026-07-24 08:00:00,2.38,56.8,40.5,152.7,0.0,RUNNING
TEL-13928,MCH-COILING-01,2026-07-24 09:00:00,2.77,58.4,40.7,153.4,1437.5,RUNNING
TEL-13929,MCH-COILING-02,2026-07-24 09:00:00,2.47,63.1,40.0,149.6,1444.3,RUNNING
TEL-13930,MCH-HEATTREAT-01,2026-07-24 09:00:00,1.12,851.2,36.9,157.5,0.0,IDLE
TEL-13931,MCH-TEMPERING-01,2026-07-24 09:00:00,2.02,55.4,38.1,155.6,0.0,RUNNING
TEL-13932,MCH-SHOTPEEN-01,2026-07-24 09:00:00,1.54,50.9,35.8,156.4,0.0,RUNNING
TEL-13933,MCH-STABILIZER-01,2026-07-24 09:00:00,1.25,52.6,36.6,155.4,0.0,RUNNING
TEL-13934,MCH-TESTING-01,2026-07-24 09:00:00,2.33,60.9,39.5,153.4,0.0,RUNNING
TEL-13935,MCH-COILING-01,2026-07-24 10:00:00,2.92,61.0,39.2,151.8,1450.0,RUNNING
TEL-13936,MCH-COILING-02,2026-07-24 10:00:00,2.65,59.3,39.4,154.6,1456.0,IDLE
TEL-13937,MCH-HEATTREAT-01,2026-07-24 10:00:00,1.01,852.4,36.5,156.8,0.0,RUNNING
TEL-13938,MCH-TEMPERING-01,2026-07-24 10:00:00,2.18,57.0,38.7,153.0,0.0,RUNNING
TEL-13939,MCH-SHOTPEEN-01,2026-07-24 10:00:00,1.48,52.3,38.0,157.2,0.0,RUNNING
TEL-13940,MCH-STABILIZER-01,2026-07-24 10:00:00,1.17,48.4,36.1,156.7,0.0,RUNNING
TEL-13941,MCH-TESTING-01,2026-07-24 10:00:00,2.39,60.8,40.9,155.3,0.0,RUNNING
TEL-13942,MCH-COILING-01,2026-07-24 11:00:00,2.83,61.9,41.2,153.5,1449.2,RUNNING
TEL-13943,MCH-COILING-02,2026-07-24 11:00:00,2.38,58.4,40.8,151.7,1459.9,RUNNING
TEL-13944,MCH-HEATTREAT-01,2026-07-24 11:00:00,1.11,854.7,36.3,161.3,0.0,RUNNING
TEL-13945,MCH-TEMPERING-01,2026-07-24 11:00:00,2.09,60.0,38.9,152.4,0.0,RUNNING
TEL-13946,MCH-SHOTPEEN-01,2026-07-24 11:00:00,1.2,51.3,38.1,157.1,0.0,RUNNING
TEL-13947,MCH-STABILIZER-01,2026-07-24 11:00:00,1.34,51.5,37.9,157.7,0.0,RUNNING
TEL-13948,MCH-TESTING-01,2026-07-24 11:00:00,2.35,56.3,38.3,154.0,0.0,RUNNING
TEL-13949,MCH-COILING-01,2026-07-24 12:00:00,2.93,58.8,40.4,155.0,1459.1,RUNNING
TEL-13950,MCH-COILING-02,2026-07-24 12:00:00,2.34,58.0,40.5,155.1,1449.2,RUNNING
TEL-13951,MCH-HEATTREAT-01,2026-07-24 12:00:00,1.15,851.7,37.1,158.0,0.0,RUNNING
TEL-13952,MCH-TEMPERING-01,2026-07-24 12:00:00,2.16,60.1,38.4,153.0,0.0,RUNNING
TEL-13953,MCH-SHOTPEEN-01,2026-07-24 12:00:00,1.3,51.5,38.3,158.5,0.0,RUNNING
TEL-13954,MCH-STABILIZER-01,2026-07-24 12:00:00,1.23,52.0,35.7,159.4,0.0,RUNNING
TEL-13955,MCH-TESTING-01,2026-07-24 12:00:00,2.15,58.0,40.7,152.7,0.0,RUNNING
TEL-13956,MCH-COILING-01,2026-07-24 13:00:00,2.81,62.5,41.5,154.0,1447.2,RUNNING
TEL-13957,MCH-COILING-02,2026-07-24 13:00:00,2.34,60.0,40.7,149.3,1458.0,RUNNING
TEL-13958,MCH-HEATTREAT-01,2026-07-24 13:00:00,1.15,852.8,36.6,158.3,0.0,RUNNING
TEL-13959,MCH-TEMPERING-01,2026-07-24 13:00:00,2.04,58.6,40.5,151.6,0.0,RUNNING
TEL-13960,MCH-SHOTPEEN-01,2026-07-24 13:00:00,1.37,50.5,37.7,159.0,0.0,RUNNING
TEL-13961,MCH-STABILIZER-01,2026-07-24 13:00:00,1.27,48.6,37.8,159.9,0.0,RUNNING
TEL-13962,MCH-TESTING-01,2026-07-24 13:00:00,2.06,58.9,39.4,151.6,0.0,RUNNING
TEL-13963,MCH-COILING-01,2026-07-24 14:00:00,2.74,62.7,40.6,150.7,1441.1,RUNNING
TEL-13964,MCH-COILING-02,2026-07-24 14:00:00,2.56,62.3,39.2,150.0,1453.5,RUNNING
TEL-13965,MCH-HEATTREAT-01,2026-07-24 14:00:00,1.07,852.3,37.2,160.3,0.0,RUNNING
TEL-13966,MCH-TEMPERING-01,2026-07-24 14:00:00,2.29,61.1,39.1,156.6,0.0,RUNNING
TEL-13967,MCH-SHOTPEEN-01,2026-07-24 14:00:00,1.27,55.3,36.7,156.5,0.0,RUNNING
TEL-13968,MCH-STABILIZER-01,2026-07-24 14:00:00,1.13,51.5,36.1,160.0,0.0,RUNNING
TEL-13969,MCH-TESTING-01,2026-07-24 14:00:00,2.05,58.6,38.9,154.8,0.0,IDLE
TEL-13970,MCH-COILING-01,2026-07-24 15:00:00,2.89,62.1,39.5,152.9,1459.8,RUNNING
TEL-13971,MCH-COILING-02,2026-07-24 15:00:00,2.5,62.4,40.1,149.8,1463.9,RUNNING
TEL-13972,MCH-HEATTREAT-01,2026-07-24 15:00:00,1.28,853.2,34.9,156.4,0.0,RUNNING
TEL-13973,MCH-TEMPERING-01,2026-07-24 15:00:00,2.08,55.8,40.4,152.7,0.0,RUNNING
TEL-13974,MCH-SHOTPEEN-01,2026-07-24 15:00:00,1.34,55.8,38.4,156.6,0.0,RUNNING
TEL-13975,MCH-STABILIZER-01,2026-07-24 15:00:00,1.19,53.6,37.8,158.6,0.0,RUNNING
TEL-13976,MCH-TESTING-01,2026-07-24 15:00:00,2.19,57.9,40.2,150.7,0.0,RUNNING
TEL-13977,MCH-COILING-01,2026-07-24 16:00:00,2.95,57.6,39.4,150.1,1449.4,RUNNING
TEL-13978,MCH-COILING-02,2026-07-24 16:00:00,2.33,63.6,41.8,152.5,1463.9,RUNNING
TEL-13979,MCH-HEATTREAT-01,2026-07-24 16:00:00,1.35,854.9,36.8,158.7,0.0,RUNNING
TEL-13980,MCH-TEMPERING-01,2026-07-24 16:00:00,2.17,58.1,40.7,153.8,0.0,RUNNING
TEL-13981,MCH-SHOTPEEN-01,2026-07-24 16:00:00,1.5,49.8,37.9,159.3,0.0,RUNNING
TEL-13982,MCH-STABILIZER-01,2026-07-24 16:00:00,1.32,49.1,37.4,158.2,0.0,RUNNING
TEL-13983,MCH-TESTING-01,2026-07-24 16:00:00,2.17,57.2,39.4,151.9,0.0,RUNNING
TEL-13984,MCH-COILING-01,2026-07-24 17:00:00,2.79,59.8,40.1,149.8,1437.4,IDLE
TEL-13985,MCH-COILING-02,2026-07-24 17:00:00,2.5,59.3,41.1,150.0,1435.6,RUNNING
TEL-13986,MCH-HEATTREAT-01,2026-07-24 17:00:00,1.27,854.1,34.8,159.8,0.0,RUNNING
TEL-13987,MCH-TEMPERING-01,2026-07-24 17:00:00,2.08,61.1,38.2,152.4,0.0,RUNNING
TEL-13988,MCH-SHOTPEEN-01,2026-07-24 17:00:00,1.23,54.9,35.7,159.7,0.0,RUNNING
TEL-13989,MCH-STABILIZER-01,2026-07-24 17:00:00,1.16,53.7,35.9,159.8,0.0,RUNNING
TEL-13990,MCH-TESTING-01,2026-07-24 17:00:00,2.15,57.9,40.2,153.2,0.0,RUNNING
TEL-13991,MCH-COILING-01,2026-07-24 18:00:00,2.9,58.0,40.8,150.0,1451.0,RUNNING
TEL-13992,MCH-COILING-02,2026-07-24 18:00:00,2.41,60.8,41.9,150.3,1435.4,RUNNING
TEL-13993,MCH-HEATTREAT-01,2026-07-24 18:00:00,1.18,853.0,37.5,159.6,0.0,RUNNING
TEL-13994,MCH-TEMPERING-01,2026-07-24 18:00:00,2.17,59.1,39.3,155.5,0.0,RUNNING
TEL-13995,MCH-SHOTPEEN-01,2026-07-24 18:00:00,1.31,55.7,36.0,155.3,0.0,RUNNING
TEL-13996,MCH-STABILIZER-01,2026-07-24 18:00:00,1.1,52.3,35.9,159.6,0.0,RUNNING
TEL-13997,MCH-TESTING-01,2026-07-24 18:00:00,2.19,55.9,38.3,151.1,0.0,RUNNING
TEL-13998,MCH-COILING-01,2026-07-24 19:00:00,2.82,62.0,40.1,150.5,1453.5,RUNNING
TEL-13999,MCH-COILING-02,2026-07-24 19:00:00,2.52,57.6,41.6,150.1,1456.7,RUNNING
TEL-14000,MCH-HEATTREAT-01,2026-07-24 19:00:00,1.07,854.4,37.7,158.1,0.0,IDLE
TEL-14001,MCH-TEMPERING-01,2026-07-24 19:00:00,2.06,59.1,38.6,153.6,0.0,RUNNING
TEL-14002,MCH-SHOTPEEN-01,2026-07-24 19:00:00,1.24,55.2,36.5,160.2,0.0,RUNNING
TEL-14003,MCH-STABILIZER-01,2026-07-24 19:00:00,1.15,50.1,35.3,157.9,0.0,RUNNING
TEL-14004,MCH-TESTING-01,2026-07-24 19:00:00,2.25,58.2,39.0,151.5,0.0,IDLE
TEL-14005,MCH-COILING-01,2026-07-24 20:00:00,2.89,58.6,41.5,151.5,1460.8,RUNNING
TEL-14006,MCH-COILING-02,2026-07-24 20:00:00,2.67,63.2,39.9,154.0,1459.8,RUNNING
TEL-14007,MCH-HEATTREAT-01,2026-07-24 20:00:00,1.04,850.7,36.6,158.5,0.0,RUNNING
TEL-14008,MCH-TEMPERING-01,2026-07-24 20:00:00,2.23,56.1,39.9,156.4,0.0,RUNNING
TEL-14009,MCH-SHOTPEEN-01,2026-07-24 20:00:00,1.55,54.0,36.2,160.0,0.0,RUNNING
TEL-14010,MCH-STABILIZER-01,2026-07-24 20:00:00,1.31,51.1,37.6,156.9,0.0,RUNNING
TEL-14011,MCH-TESTING-01,2026-07-24 20:00:00,2.13,59.4,39.2,152.3,0.0,RUNNING
TEL-14012,MCH-COILING-01,2026-07-24 21:00:00,2.78,57.5,41.6,151.9,1449.3,RUNNING
TEL-14013,MCH-COILING-02,2026-07-24 21:00:00,2.45,61.9,40.0,154.5,1461.0,RUNNING
TEL-14014,MCH-HEATTREAT-01,2026-07-24 21:00:00,1.31,853.8,36.6,160.0,0.0,RUNNING
TEL-14015,MCH-TEMPERING-01,2026-07-24 21:00:00,2.33,59.1,39.9,151.5,0.0,RUNNING
TEL-14016,MCH-SHOTPEEN-01,2026-07-24 21:00:00,1.53,55.6,37.4,158.8,0.0,RUNNING
TEL-14017,MCH-STABILIZER-01,2026-07-24 21:00:00,1.0,48.4,37.0,158.2,0.0,RUNNING
TEL-14018,MCH-TESTING-01,2026-07-24 21:00:00,2.06,61.0,39.4,154.6,0.0,RUNNING
TEL-14019,MCH-COILING-01,2026-07-24 22:00:00,2.91,57.3,39.5,150.6,1436.0,RUNNING
TEL-14020,MCH-COILING-02,2026-07-24 22:00:00,2.53,57.6,41.3,153.4,1443.1,RUNNING
TEL-14021,MCH-HEATTREAT-01,2026-07-24 22:00:00,1.36,855.8,36.9,156.3,0.0,RUNNING
TEL-14022,MCH-TEMPERING-01,2026-07-24 22:00:00,2.34,55.7,39.4,155.6,0.0,RUNNING
TEL-14023,MCH-SHOTPEEN-01,2026-07-24 22:00:00,1.54,51.0,38.4,156.4,0.0,RUNNING
TEL-14024,MCH-STABILIZER-01,2026-07-24 22:00:00,1.31,53.7,36.8,158.5,0.0,RUNNING
TEL-14025,MCH-TESTING-01,2026-07-24 22:00:00,2.25,56.7,41.1,154.1,0.0,RUNNING
TEL-14026,MCH-COILING-01,2026-07-24 23:00:00,2.68,61.7,39.2,153.1,1454.1,RUNNING
TEL-14027,MCH-COILING-02,2026-07-24 23:00:00,2.67,61.5,40.0,151.6,1447.5,RUNNING
TEL-14028,MCH-HEATTREAT-01,2026-07-24 23:00:00,1.29,855.0,35.1,157.6,0.0,RUNNING
TEL-14029,MCH-TEMPERING-01,2026-07-24 23:00:00,1.97,56.0,39.3,156.2,0.0,RUNNING
TEL-14030,MCH-SHOTPEEN-01,2026-07-24 23:00:00,1.37,54.4,36.7,154.5,0.0,RUNNING
TEL-14031,MCH-STABILIZER-01,2026-07-24 23:00:00,1.05,51.7,36.6,159.6,0.0,RUNNING
TEL-14032,MCH-TESTING-01,2026-07-24 23:00:00,2.18,60.8,39.4,155.7,0.0,RUNNING
TEL-14033,MCH-COILING-01,2026-07-25 00:00:00,2.8,62.2,41.5,154.8,1441.7,RUNNING
TEL-14034,MCH-COILING-02,2026-07-25 00:00:00,2.67,64.5,41.1,152.0,1453.9,RUNNING
TEL-14035,MCH-HEATTREAT-01,2026-07-25 00:00:00,1.1,852.1,38.1,158.7,0.0,RUNNING
TEL-14036,MCH-TEMPERING-01,2026-07-25 00:00:00,2.2,55.9,39.3,152.0,0.0,IDLE
TEL-14037,MCH-SHOTPEEN-01,2026-07-25 00:00:00,1.49,53.7,38.1,156.5,0.0,RUNNING
TEL-14038,MCH-STABILIZER-01,2026-07-25 00:00:00,1.35,53.9,38.0,155.2,0.0,RUNNING
TEL-14039,MCH-TESTING-01,2026-07-25 00:00:00,2.28,58.3,40.3,152.2,0.0,RUNNING
TEL-14040,MCH-COILING-01,2026-07-25 01:00:00,3.11,59.1,41.4,152.0,1462.5,RUNNING
TEL-14041,MCH-COILING-02,2026-07-25 01:00:00,2.51,64.4,39.5,148.6,1445.5,RUNNING
TEL-14042,MCH-HEATTREAT-01,2026-07-25 01:00:00,1.2,852.6,37.5,156.5,0.0,RUNNING
TEL-14043,MCH-TEMPERING-01,2026-07-25 01:00:00,2.21,60.5,38.2,151.6,0.0,RUNNING
TEL-14044,MCH-SHOTPEEN-01,2026-07-25 01:00:00,1.59,53.4,37.7,154.8,0.0,RUNNING
TEL-14045,MCH-STABILIZER-01,2026-07-25 01:00:00,1.28,52.5,37.3,154.8,0.0,RUNNING
TEL-14046,MCH-TESTING-01,2026-07-25 01:00:00,2.21,56.4,41.3,155.7,0.0,RUNNING
TEL-14047,MCH-COILING-01,2026-07-25 02:00:00,2.84,61.7,42.1,150.8,1464.8,RUNNING
TEL-14048,MCH-COILING-02,2026-07-25 02:00:00,2.73,58.6,41.2,154.0,1460.3,RUNNING
TEL-14049,MCH-HEATTREAT-01,2026-07-25 02:00:00,1.26,854.6,35.8,158.1,0.0,RUNNING
TEL-14050,MCH-TEMPERING-01,2026-07-25 02:00:00,2.17,57.9,38.2,155.2,0.0,RUNNING
TEL-14051,MCH-SHOTPEEN-01,2026-07-25 02:00:00,1.42,51.7,38.0,154.0,0.0,RUNNING
TEL-14052,MCH-STABILIZER-01,2026-07-25 02:00:00,1.24,51.0,37.2,158.4,0.0,RUNNING
TEL-14053,MCH-TESTING-01,2026-07-25 02:00:00,2.11,60.5,40.6,150.6,0.0,RUNNING
TEL-14054,MCH-COILING-01,2026-07-25 03:00:00,2.94,61.7,40.1,150.7,1457.6,RUNNING
TEL-14055,MCH-COILING-02,2026-07-25 03:00:00,2.68,62.8,40.6,151.6,1459.0,RUNNING
TEL-14056,MCH-HEATTREAT-01,2026-07-25 03:00:00,1.2,853.4,36.1,157.4,0.0,IDLE
TEL-14057,MCH-TEMPERING-01,2026-07-25 03:00:00,2.07,55.6,38.9,156.2,0.0,IDLE
TEL-14058,MCH-SHOTPEEN-01,2026-07-25 03:00:00,1.47,53.4,38.5,159.6,0.0,RUNNING
TEL-14059,MCH-STABILIZER-01,2026-07-25 03:00:00,1.27,53.2,36.9,159.1,0.0,RUNNING
TEL-14060,MCH-TESTING-01,2026-07-25 03:00:00,2.15,59.4,40.4,154.6,0.0,RUNNING
TEL-14061,MCH-COILING-01,2026-07-25 04:00:00,3.08,59.7,40.4,151.6,1456.3,RUNNING
TEL-14062,MCH-COILING-02,2026-07-25 04:00:00,2.77,59.7,39.9,151.6,1443.8,RUNNING
TEL-14063,MCH-HEATTREAT-01,2026-07-25 04:00:00,1.32,850.7,36.8,159.8,0.0,RUNNING
TEL-14064,MCH-TEMPERING-01,2026-07-25 04:00:00,2.15,58.4,40.0,155.4,0.0,RUNNING
TEL-14065,MCH-SHOTPEEN-01,2026-07-25 04:00:00,1.66,52.1,36.8,153.9,0.0,RUNNING
TEL-14066,MCH-STABILIZER-01,2026-07-25 04:00:00,1.52,53.5,35.8,157.9,0.0,RUNNING
TEL-14067,MCH-TESTING-01,2026-07-25 04:00:00,2.18,56.5,41.1,151.4,0.0,RUNNING
TEL-14068,MCH-COILING-01,2026-07-25 05:00:00,2.86,58.9,39.3,154.0,1438.3,RUNNING
TEL-14069,MCH-COILING-02,2026-07-25 05:00:00,2.71,60.8,40.6,152.0,1438.7,RUNNING
TEL-14070,MCH-HEATTREAT-01,2026-07-25 05:00:00,1.11,855.4,37.1,157.5,0.0,RUNNING
TEL-14071,MCH-TEMPERING-01,2026-07-25 05:00:00,2.03,58.3,40.5,151.0,0.0,RUNNING
TEL-14072,MCH-SHOTPEEN-01,2026-07-25 05:00:00,1.65,51.1,36.2,157.3,0.0,RUNNING
TEL-14073,MCH-STABILIZER-01,2026-07-25 05:00:00,1.18,51.0,38.2,160.4,0.0,RUNNING
TEL-14074,MCH-TESTING-01,2026-07-25 05:00:00,2.16,58.0,39.9,153.4,0.0,RUNNING
TEL-14075,MCH-COILING-01,2026-07-25 06:00:00,2.8,57.9,39.3,150.6,1443.4,RUNNING
TEL-14076,MCH-COILING-02,2026-07-25 06:00:00,2.46,59.0,42.3,154.5,1451.9,RUNNING
TEL-14077,MCH-HEATTREAT-01,2026-07-25 06:00:00,1.07,856.9,37.9,159.2,0.0,RUNNING
TEL-14078,MCH-TEMPERING-01,2026-07-25 06:00:00,2.14,56.1,40.8,154.4,0.0,RUNNING
TEL-14079,MCH-SHOTPEEN-01,2026-07-25 06:00:00,1.5,53.6,37.2,157.2,0.0,RUNNING
TEL-14080,MCH-STABILIZER-01,2026-07-25 06:00:00,1.15,55.4,36.5,155.3,0.0,RUNNING
TEL-14081,MCH-TESTING-01,2026-07-25 06:00:00,2.31,59.4,38.7,151.2,0.0,RUNNING
TEL-14082,MCH-COILING-01,2026-07-25 07:00:00,3.03,62.4,40.3,150.9,1438.8,RUNNING
TEL-14083,MCH-COILING-02,2026-07-25 07:00:00,2.61,62.6,40.9,150.1,1436.6,RUNNING
TEL-14084,MCH-HEATTREAT-01,2026-07-25 07:00:00,1.07,851.9,38.1,157.7,0.0,RUNNING
TEL-14085,MCH-TEMPERING-01,2026-07-25 07:00:00,2.27,59.3,41.1,153.1,0.0,RUNNING
TEL-14086,MCH-SHOTPEEN-01,2026-07-25 07:00:00,1.41,54.3,38.1,156.1,0.0,RUNNING
TEL-14087,MCH-STABILIZER-01,2026-07-25 07:00:00,1.37,49.5,37.8,157.1,0.0,RUNNING
TEL-14088,MCH-TESTING-01,2026-07-25 07:00:00,2.11,58.5,39.1,152.6,0.0,RUNNING
TEL-14089,MCH-COILING-01,2026-07-25 08:00:00,2.85,63.6,41.2,152.4,1445.4,RUNNING
TEL-14090,MCH-COILING-02,2026-07-25 08:00:00,2.59,58.9,42.0,148.9,1464.9,RUNNING
TEL-14091,MCH-HEATTREAT-01,2026-07-25 08:00:00,1.32,852.4,37.5,156.0,0.0,RUNNING
TEL-14092,MCH-TEMPERING-01,2026-07-25 08:00:00,2.03,61.4,38.2,152.1,0.0,RUNNING
TEL-14093,MCH-SHOTPEEN-01,2026-07-25 08:00:00,1.53,53.3,36.8,157.2,0.0,RUNNING
TEL-14094,MCH-STABILIZER-01,2026-07-25 08:00:00,1.38,54.2,37.1,157.8,0.0,RUNNING
TEL-14095,MCH-TESTING-01,2026-07-25 08:00:00,2.29,61.8,39.2,154.9,0.0,IDLE
TEL-14096,MCH-COILING-01,2026-07-25 09:00:00,2.73,63.3,41.5,149.0,1437.2,RUNNING
TEL-14097,MCH-COILING-02,2026-07-25 09:00:00,2.81,63.9,41.5,150.3,1462.2,RUNNING
TEL-14098,MCH-HEATTREAT-01,2026-07-25 09:00:00,1.39,855.8,37.9,157.7,0.0,RUNNING
TEL-14099,MCH-TEMPERING-01,2026-07-25 09:00:00,2.39,55.8,38.5,154.7,0.0,RUNNING
TEL-14100,MCH-SHOTPEEN-01,2026-07-25 09:00:00,1.34,50.6,37.8,154.8,0.0,RUNNING
TEL-14101,MCH-STABILIZER-01,2026-07-25 09:00:00,1.24,49.5,38.2,156.8,0.0,RUNNING
TEL-14102,MCH-TESTING-01,2026-07-25 09:00:00,2.28,57.8,39.2,154.0,0.0,RUNNING
TEL-14103,MCH-COILING-01,2026-07-25 10:00:00,2.98,62.2,42.1,154.6,1446.2,RUNNING
TEL-14104,MCH-COILING-02,2026-07-25 10:00:00,2.66,59.0,41.8,148.6,1441.3,RUNNING
TEL-14105,MCH-HEATTREAT-01,2026-07-25 10:00:00,1.16,850.5,37.9,155.3,0.0,RUNNING
TEL-14106,MCH-TEMPERING-01,2026-07-25 10:00:00,2.34,59.1,39.3,152.9,0.0,RUNNING
TEL-14107,MCH-SHOTPEEN-01,2026-07-25 10:00:00,1.61,55.0,38.8,157.5,0.0,RUNNING
TEL-14108,MCH-STABILIZER-01,2026-07-25 10:00:00,1.31,49.6,36.7,160.5,0.0,RUNNING
TEL-14109,MCH-TESTING-01,2026-07-25 10:00:00,2.41,60.5,38.9,153.0,0.0,RUNNING
TEL-14110,MCH-COILING-01,2026-07-25 11:00:00,2.77,63.4,41.5,153.9,1459.7,RUNNING
TEL-14111,MCH-COILING-02,2026-07-25 11:00:00,2.58,60.5,41.5,153.5,1439.6,RUNNING
TEL-14112,MCH-HEATTREAT-01,2026-07-25 11:00:00,1.39,854.1,37.1,156.6,0.0,RUNNING
TEL-14113,MCH-TEMPERING-01,2026-07-25 11:00:00,2.39,56.9,39.9,155.2,0.0,RUNNING
TEL-14114,MCH-SHOTPEEN-01,2026-07-25 11:00:00,1.51,54.3,37.3,154.0,0.0,IDLE
TEL-14115,MCH-STABILIZER-01,2026-07-25 11:00:00,1.27,53.1,36.8,156.1,0.0,RUNNING
TEL-14116,MCH-TESTING-01,2026-07-25 11:00:00,2.35,56.8,40.6,152.3,0.0,RUNNING
TEL-14117,MCH-COILING-01,2026-07-25 12:00:00,2.87,62.7,40.8,150.2,1461.3,RUNNING
TEL-14118,MCH-COILING-02,2026-07-25 12:00:00,2.59,60.9,42.0,151.7,1452.9,IDLE
TEL-14119,MCH-HEATTREAT-01,2026-07-25 12:00:00,1.44,854.8,37.0,157.0,0.0,RUNNING
TEL-14120,MCH-TEMPERING-01,2026-07-25 12:00:00,2.36,56.9,40.3,151.9,0.0,RUNNING
TEL-14121,MCH-SHOTPEEN-01,2026-07-25 12:00:00,1.6,56.7,38.1,159.7,0.0,RUNNING
TEL-14122,MCH-STABILIZER-01,2026-07-25 12:00:00,1.43,55.2,36.4,155.5,0.0,RUNNING
TEL-14123,MCH-TESTING-01,2026-07-25 12:00:00,2.37,58.1,40.3,151.0,0.0,RUNNING
TEL-14124,MCH-COILING-01,2026-07-25 13:00:00,2.71,61.8,41.5,153.8,1438.3,RUNNING
TEL-14125,MCH-COILING-02,2026-07-25 13:00:00,2.45,63.6,40.8,150.9,1460.4,RUNNING
TEL-14126,MCH-HEATTREAT-01,2026-07-25 13:00:00,1.29,855.6,38.0,159.5,0.0,RUNNING
TEL-14127,MCH-TEMPERING-01,2026-07-25 13:00:00,2.05,61.5,40.7,150.4,0.0,RUNNING
TEL-14128,MCH-SHOTPEEN-01,2026-07-25 13:00:00,1.54,51.2,38.2,157.0,0.0,RUNNING
TEL-14129,MCH-STABILIZER-01,2026-07-25 13:00:00,1.52,54.3,37.2,159.3,0.0,RUNNING
TEL-14130,MCH-TESTING-01,2026-07-25 13:00:00,2.46,60.6,40.1,152.4,0.0,RUNNING
TEL-14131,MCH-COILING-01,2026-07-25 14:00:00,2.98,58.9,39.3,153.0,1450.9,RUNNING
TEL-14132,MCH-COILING-02,2026-07-25 14:00:00,2.79,64.7,42.3,149.9,1464.8,RUNNING
TEL-14133,MCH-HEATTREAT-01,2026-07-25 14:00:00,1.44,856.8,37.3,155.4,0.0,RUNNING
TEL-14134,MCH-TEMPERING-01,2026-07-25 14:00:00,2.41,60.4,39.8,151.2,0.0,RUNNING
TEL-14135,MCH-SHOTPEEN-01,2026-07-25 14:00:00,1.48,55.2,37.5,159.7,0.0,RUNNING
TEL-14136,MCH-STABILIZER-01,2026-07-25 14:00:00,1.18,51.4,37.2,158.5,0.0,RUNNING
TEL-14137,MCH-TESTING-01,2026-07-25 14:00:00,2.44,57.0,39.7,154.6,0.0,RUNNING
TEL-14138,MCH-COILING-01,2026-07-25 15:00:00,2.89,59.0,40.6,150.9,1453.8,RUNNING
TEL-14139,MCH-COILING-02,2026-07-25 15:00:00,2.6,61.3,40.3,153.5,1439.4,RUNNING
TEL-14140,MCH-HEATTREAT-01,2026-07-25 15:00:00,1.33,855.1,37.3,159.0,0.0,RUNNING
TEL-14141,MCH-TEMPERING-01,2026-07-25 15:00:00,2.07,61.2,38.6,155.8,0.0,RUNNING
TEL-14142,MCH-SHOTPEEN-01,2026-07-25 15:00:00,1.64,56.2,36.5,159.1,0.0,RUNNING
TEL-14143,MCH-STABILIZER-01,2026-07-25 15:00:00,1.36,52.9,37.2,156.6,0.0,RUNNING
TEL-14144,MCH-TESTING-01,2026-07-25 15:00:00,2.48,58.0,41.2,152.5,0.0,RUNNING
TEL-14145,MCH-COILING-01,2026-07-25 16:00:00,2.83,60.8,41.4,150.5,1462.7,RUNNING
TEL-14146,MCH-COILING-02,2026-07-25 16:00:00,2.74,63.1,40.8,149.1,1464.2,RUNNING
TEL-14147,MCH-HEATTREAT-01,2026-07-25 16:00:00,1.19,856.8,35.8,157.6,0.0,IDLE
TEL-14148,MCH-TEMPERING-01,2026-07-25 16:00:00,2.3,55.5,39.9,153.3,0.0,RUNNING
TEL-14149,MCH-SHOTPEEN-01,2026-07-25 16:00:00,1.45,52.6,38.0,158.5,0.0,RUNNING
TEL-14150,MCH-STABILIZER-01,2026-07-25 16:00:00,1.38,51.5,38.0,159.4,0.0,RUNNING
TEL-14151,MCH-TESTING-01,2026-07-25 16:00:00,2.48,56.3,41.2,153.5,0.0,RUNNING
TEL-14152,MCH-COILING-01,2026-07-25 17:00:00,2.72,62.2,42.0,154.7,1449.0,RUNNING
TEL-14153,MCH-COILING-02,2026-07-25 17:00:00,2.5,63.0,40.7,152.8,1441.5,RUNNING
TEL-14154,MCH-HEATTREAT-01,2026-07-25 17:00:00,1.27,850.9,37.5,156.1,0.0,RUNNING
TEL-14155,MCH-TEMPERING-01,2026-07-25 17:00:00,2.28,59.2,41.0,153.2,0.0,RUNNING
TEL-14156,MCH-SHOTPEEN-01,2026-07-25 17:00:00,1.5,56.3,37.7,157.4,0.0,RUNNING
TEL-14157,MCH-STABILIZER-01,2026-07-25 17:00:00,1.32,52.7,37.6,155.1,0.0,RUNNING
TEL-14158,MCH-TESTING-01,2026-07-25 17:00:00,2.43,57.7,39.8,154.1,0.0,RUNNING
TEL-14159,MCH-COILING-01,2026-07-25 18:00:00,2.9,58.9,40.3,154.6,1435.4,RUNNING
TEL-14160,MCH-COILING-02,2026-07-25 18:00:00,2.6,64.6,40.7,152.4,1460.9,RUNNING
TEL-14161,MCH-HEATTREAT-01,2026-07-25 18:00:00,1.13,856.6,36.0,160.1,0.0,RUNNING
TEL-14162,MCH-TEMPERING-01,2026-07-25 18:00:00,2.03,55.4,38.3,152.8,0.0,RUNNING
TEL-14163,MCH-SHOTPEEN-01,2026-07-25 18:00:00,1.62,53.6,36.4,159.6,0.0,RUNNING
TEL-14164,MCH-STABILIZER-01,2026-07-25 18:00:00,1.53,52.6,36.9,156.0,0.0,RUNNING
TEL-14165,MCH-TESTING-01,2026-07-25 18:00:00,2.45,61.2,38.6,152.8,0.0,RUNNING
TEL-14166,MCH-COILING-01,2026-07-25 19:00:00,2.92,58.0,41.0,150.4,1447.8,RUNNING
TEL-14167,MCH-COILING-02,2026-07-25 19:00:00,2.8,61.9,39.9,148.5,1439.0,RUNNING
TEL-14168,MCH-HEATTREAT-01,2026-07-25 19:00:00,1.24,850.6,36.0,158.3,0.0,RUNNING
TEL-14169,MCH-TEMPERING-01,2026-07-25 19:00:00,2.29,58.2,40.3,153.4,0.0,RUNNING
TEL-14170,MCH-SHOTPEEN-01,2026-07-25 19:00:00,1.62,51.7,37.1,154.2,0.0,RUNNING
TEL-14171,MCH-STABILIZER-01,2026-07-25 19:00:00,1.42,51.2,35.6,159.0,0.0,IDLE
TEL-14172,MCH-TESTING-01,2026-07-25 19:00:00,2.25,56.5,40.0,153.7,0.0,RUNNING
TEL-14173,MCH-COILING-01,2026-07-25 20:00:00,3.02,62.1,39.5,154.3,1441.2,IDLE
TEL-14174,MCH-COILING-02,2026-07-25 20:00:00,2.51,58.4,40.9,149.2,1444.7,RUNNING
TEL-14175,MCH-HEATTREAT-01,2026-07-25 20:00:00,1.33,852.0,37.2,156.2,0.0,RUNNING
TEL-14176,MCH-TEMPERING-01,2026-07-25 20:00:00,2.08,60.7,39.0,156.4,0.0,RUNNING
TEL-14177,MCH-SHOTPEEN-01,2026-07-25 20:00:00,1.4,51.1,37.2,157.2,0.0,RUNNING
TEL-14178,MCH-STABILIZER-01,2026-07-25 20:00:00,1.35,54.6,35.7,157.2,0.0,RUNNING
TEL-14179,MCH-TESTING-01,2026-07-25 20:00:00,2.16,61.5,40.8,153.7,0.0,RUNNING
TEL-14180,MCH-COILING-01,2026-07-25 21:00:00,2.9,61.9,39.1,150.3,1435.0,RUNNING
TEL-14181,MCH-COILING-02,2026-07-25 21:00:00,2.79,58.7,39.6,149.1,1446.7,RUNNING
TEL-14182,MCH-HEATTREAT-01,2026-07-25 21:00:00,1.07,854.9,36.0,159.7,0.0,RUNNING
TEL-14183,MCH-TEMPERING-01,2026-07-25 21:00:00,2.03,57.5,40.1,153.4,0.0,RUNNING
TEL-14184,MCH-SHOTPEEN-01,2026-07-25 21:00:00,1.55,53.0,38.0,156.9,0.0,RUNNING
TEL-14185,MCH-STABILIZER-01,2026-07-25 21:00:00,1.25,49.7,35.3,159.6,0.0,RUNNING
TEL-14186,MCH-TESTING-01,2026-07-25 21:00:00,2.49,58.6,40.2,154.2,0.0,RUNNING
TEL-14187,MCH-COILING-01,2026-07-25 22:00:00,3.0,58.7,40.1,150.0,1444.9,RUNNING
TEL-14188,MCH-COILING-02,2026-07-25 22:00:00,2.53,59.4,41.5,154.3,1463.1,RUNNING
TEL-14189,MCH-HEATTREAT-01,2026-07-25 22:00:00,1.4,851.7,36.5,157.7,0.0,RUNNING
TEL-14190,MCH-TEMPERING-01,2026-07-25 22:00:00,2.16,57.1,38.4,154.6,0.0,RUNNING
TEL-14191,MCH-SHOTPEEN-01,2026-07-25 22:00:00,1.52,52.9,38.8,158.3,0.0,RUNNING
TEL-14192,MCH-STABILIZER-01,2026-07-25 22:00:00,1.37,49.2,35.6,155.4,0.0,RUNNING
TEL-14193,MCH-TESTING-01,2026-07-25 22:00:00,2.17,58.1,40.0,152.6,0.0,RUNNING
TEL-14194,MCH-COILING-01,2026-07-25 23:00:00,2.89,61.0,40.7,151.4,1441.6,RUNNING
TEL-14195,MCH-COILING-02,2026-07-25 23:00:00,2.54,62.1,42.4,148.6,1462.3,RUNNING
TEL-14196,MCH-HEATTREAT-01,2026-07-25 23:00:00,1.42,856.3,36.6,159.3,0.0,RUNNING
TEL-14197,MCH-TEMPERING-01,2026-07-25 23:00:00,2.07,58.9,38.4,155.8,0.0,RUNNING
TEL-14198,MCH-SHOTPEEN-01,2026-07-25 23:00:00,1.65,51.2,37.8,159.1,0.0,RUNNING
TEL-14199,MCH-STABILIZER-01,2026-07-25 23:00:00,1.41,55.2,37.6,158.7,0.0,RUNNING
TEL-14200,MCH-TESTING-01,2026-07-25 23:00:00,2.46,56.3,40.7,152.1,0.0,RUNNING
TEL-14201,MCH-COILING-01,2026-07-26 00:00:00,2.8,62.0,40.7,153.2,1458.6,RUNNING
TEL-14202,MCH-COILING-02,2026-07-26 00:00:00,1.11,50.7,36.1,160.9,1440.1,RUNNING
TEL-14203,MCH-HEATTREAT-01,2026-07-26 00:00:00,1.54,855.3,37.4,158.4,0.0,RUNNING
TEL-14204,MCH-TEMPERING-01,2026-07-26 00:00:00,2.28,59.1,40.7,151.2,0.0,IDLE
TEL-14205,MCH-SHOTPEEN-01,2026-07-26 00:00:00,1.52,53.4,38.7,155.3,0.0,RUNNING
TEL-14206,MCH-STABILIZER-01,2026-07-26 00:00:00,1.16,51.4,37.4,157.4,0.0,RUNNING
TEL-14207,MCH-TESTING-01,2026-07-26 00:00:00,2.45,60.6,41.3,151.2,0.0,RUNNING
TEL-14208,MCH-COILING-01,2026-07-26 01:00:00,2.86,58.7,40.5,154.7,1452.3,RUNNING
TEL-14209,MCH-COILING-02,2026-07-26 01:00:00,1.08,53.2,35.0,158.5,1455.8,RUNNING
TEL-14210,MCH-HEATTREAT-01,2026-07-26 01:00:00,1.3,853.5,37.4,159.5,0.0,RUNNING
TEL-14211,MCH-TEMPERING-01,2026-07-26 01:00:00,2.55,62.2,40.3,150.8,0.0,RUNNING
TEL-14212,MCH-SHOTPEEN-01,2026-07-26 01:00:00,1.48,54.7,37.4,155.3,0.0,IDLE
TEL-14213,MCH-STABILIZER-01,2026-07-26 01:00:00,1.15,53.8,35.4,158.7,0.0,RUNNING
TEL-14214,MCH-TESTING-01,2026-07-26 01:00:00,2.27,61.8,41.8,153.4,0.0,RUNNING
TEL-14215,MCH-COILING-01,2026-07-26 02:00:00,2.78,61.6,39.9,150.6,1436.0,RUNNING
TEL-14216,MCH-COILING-02,2026-07-26 02:00:00,1.17,48.9,35.2,156.5,1437.2,RUNNING
TEL-14217,MCH-HEATTREAT-01,2026-07-26 02:00:00,1.42,856.0,37.8,158.2,0.0,RUNNING
TEL-14218,MCH-TEMPERING-01,2026-07-26 02:00:00,2.5,61.2,39.1,155.3,0.0,RUNNING
TEL-14219,MCH-SHOTPEEN-01,2026-07-26 02:00:00,1.66,51.8,38.8,154.7,0.0,RUNNING
TEL-14220,MCH-STABILIZER-01,2026-07-26 02:00:00,1.17,54.8,35.4,155.1,0.0,RUNNING
TEL-14221,MCH-TESTING-01,2026-07-26 02:00:00,2.61,60.4,40.9,152.0,0.0,RUNNING
TEL-14222,MCH-COILING-01,2026-07-26 03:00:00,2.94,58.2,40.1,152.1,1449.7,RUNNING
TEL-14223,MCH-COILING-02,2026-07-26 03:00:00,1.34,53.0,37.5,161.0,1436.9,RUNNING
TEL-14224,MCH-HEATTREAT-01,2026-07-26 03:00:00,1.21,855.4,37.9,159.1,0.0,IDLE
TEL-14225,MCH-TEMPERING-01,2026-07-26 03:00:00,2.19,62.9,39.9,153.2,0.0,RUNNING
TEL-14226,MCH-SHOTPEEN-01,2026-07-26 03:00:00,1.54,53.7,37.5,156.3,0.0,RUNNING
TEL-14227,MCH-STABILIZER-01,2026-07-26 03:00:00,1.4,50.6,36.5,159.9,0.0,RUNNING
TEL-14228,MCH-TESTING-01,2026-07-26 03:00:00,2.53,57.2,40.2,154.3,0.0,RUNNING
TEL-14229,MCH-COILING-01,2026-07-26 04:00:00,2.82,61.9,42.0,154.8,1440.3,RUNNING
TEL-14230,MCH-COILING-02,2026-07-26 04:00:00,1.16,50.9,35.6,158.4,1462.2,RUNNING
TEL-14231,MCH-HEATTREAT-01,2026-07-26 04:00:00,1.32,856.3,37.5,156.3,0.0,RUNNING
TEL-14232,MCH-TEMPERING-01,2026-07-26 04:00:00,2.35,61.4,38.8,152.3,0.0,RUNNING
TEL-14233,MCH-SHOTPEEN-01,2026-07-26 04:00:00,1.67,54.3,37.6,158.8,0.0,RUNNING
TEL-14234,MCH-STABILIZER-01,2026-07-26 04:00:00,1.17,52.2,37.7,155.6,0.0,RUNNING
TEL-14235,MCH-TESTING-01,2026-07-26 04:00:00,2.31,59.7,41.1,153.5,0.0,RUNNING
TEL-14236,MCH-COILING-01,2026-07-26 05:00:00,2.87,60.7,39.3,150.0,1449.8,RUNNING
TEL-14237,MCH-COILING-02,2026-07-26 05:00:00,1.36,48.1,36.0,159.7,1451.3,IDLE
TEL-14238,MCH-HEATTREAT-01,2026-07-26 05:00:00,1.23,855.5,38.3,157.0,0.0,RUNNING
TEL-14239,MCH-TEMPERING-01,2026-07-26 05:00:00,2.35,62.0,41.2,153.6,0.0,RUNNING
TEL-14240,MCH-SHOTPEEN-01,2026-07-26 05:00:00,1.65,52.3,36.6,154.4,0.0,RUNNING
TEL-14241,MCH-STABILIZER-01,2026-07-26 05:00:00,1.21,52.4,36.3,160.7,0.0,RUNNING
TEL-14242,MCH-TESTING-01,2026-07-26 05:00:00,2.36,62.5,41.3,149.8,0.0,RUNNING
TEL-14243,MCH-COILING-01,2026-07-26 06:00:00,3.15,61.4,40.1,148.9,1448.2,RUNNING
TEL-14244,MCH-COILING-02,2026-07-26 06:00:00,1.03,47.9,36.4,159.8,1447.0,RUNNING
TEL-14245,MCH-HEATTREAT-01,2026-07-26 06:00:00,1.19,852.2,36.8,158.5,0.0,RUNNING
TEL-14246,MCH-TEMPERING-01,2026-07-26 06:00:00,2.18,61.8,38.8,151.1,0.0,RUNNING
TEL-14247,MCH-SHOTPEEN-01,2026-07-26 06:00:00,1.64,53.5,37.6,155.6,0.0,RUNNING
TEL-14248,MCH-STABILIZER-01,2026-07-26 06:00:00,1.37,50.7,35.5,155.1,0.0,RUNNING
TEL-14249,MCH-TESTING-01,2026-07-26 06:00:00,2.29,63.1,40.7,149.3,0.0,RUNNING
TEL-14250,MCH-COILING-01,2026-07-26 07:00:00,2.78,58.5,40.9,151.0,1456.8,IDLE
TEL-14251,MCH-COILING-02,2026-07-26 07:00:00,1.0,50.1,35.7,158.3,1455.6,RUNNING
TEL-14252,MCH-HEATTREAT-01,2026-07-26 07:00:00,1.24,855.5,35.9,155.1,0.0,RUNNING
TEL-14253,MCH-TEMPERING-01,2026-07-26 07:00:00,2.23,62.2,40.1,155.2,0.0,RUNNING
TEL-14254,MCH-SHOTPEEN-01,2026-07-26 07:00:00,1.61,55.3,38.3,157.2,0.0,RUNNING
TEL-14255,MCH-STABILIZER-01,2026-07-26 07:00:00,1.24,50.3,37.1,156.7,0.0,RUNNING
TEL-14256,MCH-TESTING-01,2026-07-26 07:00:00,2.65,61.9,39.7,153.9,0.0,RUNNING
TEL-14257,MCH-COILING-01,2026-07-26 08:00:00,2.92,62.2,41.1,153.2,1455.1,RUNNING
TEL-14258,MCH-COILING-02,2026-07-26 08:00:00,1.09,50.5,35.2,160.1,1441.3,RUNNING
TEL-14259,MCH-HEATTREAT-01,2026-07-26 08:00:00,1.52,856.2,37.9,155.2,0.0,RUNNING
TEL-14260,MCH-TEMPERING-01,2026-07-26 08:00:00,2.24,59.4,41.0,153.4,0.0,RUNNING
TEL-14261,MCH-SHOTPEEN-01,2026-07-26 08:00:00,1.6,53.8,38.5,157.8,0.0,RUNNING
TEL-14262,MCH-STABILIZER-01,2026-07-26 08:00:00,1.38,51.7,36.9,159.3,0.0,RUNNING
TEL-14263,MCH-TESTING-01,2026-07-26 08:00:00,2.56,57.1,40.5,151.4,0.0,RUNNING
TEL-14264,MCH-COILING-01,2026-07-26 09:00:00,3.09,60.8,41.1,149.1,1445.9,RUNNING
TEL-14265,MCH-COILING-02,2026-07-26 09:00:00,1.27,51.2,35.1,157.1,1453.4,RUNNING
TEL-14266,MCH-HEATTREAT-01,2026-07-26 09:00:00,1.23,856.4,36.4,157.0,0.0,RUNNING
TEL-14267,MCH-TEMPERING-01,2026-07-26 09:00:00,2.18,58.7,39.4,151.7,0.0,RUNNING
TEL-14268,MCH-SHOTPEEN-01,2026-07-26 09:00:00,1.65,53.9,36.8,155.6,0.0,RUNNING
TEL-14269,MCH-STABILIZER-01,2026-07-26 09:00:00,1.17,51.7,37.0,155.4,0.0,RUNNING
TEL-14270,MCH-TESTING-01,2026-07-26 09:00:00,2.53,57.4,41.0,151.5,0.0,RUNNING
TEL-14271,MCH-COILING-01,2026-07-26 10:00:00,2.79,61.3,40.5,151.3,1450.4,RUNNING
TEL-14272,MCH-COILING-02,2026-07-26 10:00:00,1.38,50.0,35.5,156.4,1442.3,RUNNING
TEL-14273,MCH-HEATTREAT-01,2026-07-26 10:00:00,1.31,854.3,36.0,159.5,0.0,RUNNING
TEL-14274,MCH-TEMPERING-01,2026-07-26 10:00:00,2.44,60.6,40.7,154.9,0.0,IDLE
TEL-14275,MCH-SHOTPEEN-01,2026-07-26 10:00:00,1.72,56.8,36.7,158.5,0.0,RUNNING
TEL-14276,MCH-STABILIZER-01,2026-07-26 10:00:00,1.25,55.1,36.7,160.4,0.0,IDLE
TEL-14277,MCH-TESTING-01,2026-07-26 10:00:00,2.6,59.0,41.4,154.2,0.0,RUNNING
TEL-14278,MCH-COILING-01,2026-07-26 11:00:00,3.12,61.0,41.7,154.0,1456.5,RUNNING
TEL-14279,MCH-COILING-02,2026-07-26 11:00:00,1.01,52.8,35.7,161.2,1442.7,RUNNING
TEL-14280,MCH-HEATTREAT-01,2026-07-26 11:00:00,1.26,853.0,35.4,155.7,0.0,RUNNING
TEL-14281,MCH-TEMPERING-01,2026-07-26 11:00:00,2.34,57.1,40.8,155.3,0.0,RUNNING
TEL-14282,MCH-SHOTPEEN-01,2026-07-26 11:00:00,1.81,56.8,36.5,155.9,0.0,RUNNING
TEL-14283,MCH-STABILIZER-01,2026-07-26 11:00:00,1.31,52.3,37.7,156.9,0.0,RUNNING
TEL-14284,MCH-TESTING-01,2026-07-26 11:00:00,2.59,58.2,40.3,154.9,0.0,RUNNING
TEL-14285,MCH-COILING-01,2026-07-26 12:00:00,3.13,61.2,41.1,152.3,1451.3,RUNNING
TEL-14286,MCH-COILING-02,2026-07-26 12:00:00,1.17,49.8,35.8,157.0,1448.6,RUNNING
TEL-14287,MCH-HEATTREAT-01,2026-07-26 12:00:00,1.17,852.9,35.7,158.3,0.0,RUNNING
TEL-14288,MCH-TEMPERING-01,2026-07-26 12:00:00,2.45,60.2,40.7,151.0,0.0,RUNNING
TEL-14289,MCH-SHOTPEEN-01,2026-07-26 12:00:00,1.79,55.5,39.1,155.9,0.0,RUNNING
TEL-14290,MCH-STABILIZER-01,2026-07-26 12:00:00,1.24,55.2,38.2,158.3,0.0,RUNNING
TEL-14291,MCH-TESTING-01,2026-07-26 12:00:00,2.61,60.4,39.0,150.2,0.0,RUNNING
TEL-14292,MCH-COILING-01,2026-07-26 13:00:00,3.15,59.7,40.2,152.4,1447.7,RUNNING
TEL-14293,MCH-COILING-02,2026-07-26 13:00:00,1.12,48.6,37.5,161.3,1447.3,RUNNING
TEL-14294,MCH-HEATTREAT-01,2026-07-26 13:00:00,1.2,851.9,38.1,159.8,0.0,RUNNING
TEL-14295,MCH-TEMPERING-01,2026-07-26 13:00:00,2.54,59.4,40.6,151.8,0.0,RUNNING
TEL-14296,MCH-SHOTPEEN-01,2026-07-26 13:00:00,1.43,53.1,37.0,155.6,0.0,RUNNING
TEL-14297,MCH-STABILIZER-01,2026-07-26 13:00:00,1.16,52.9,36.2,156.3,0.0,RUNNING
TEL-14298,MCH-TESTING-01,2026-07-26 13:00:00,2.43,61.5,41.4,154.8,0.0,RUNNING
TEL-14299,MCH-COILING-01,2026-07-26 14:00:00,3.13,58.3,40.5,152.7,1443.5,RUNNING
TEL-14300,MCH-COILING-02,2026-07-26 14:00:00,1.33,50.6,37.4,160.2,1438.2,RUNNING
TEL-14301,MCH-HEATTREAT-01,2026-07-26 14:00:00,1.23,855.6,36.9,159.7,0.0,RUNNING
TEL-14302,MCH-TEMPERING-01,2026-07-26 14:00:00,2.36,61.3,38.8,152.1,0.0,RUNNING
TEL-14303,MCH-SHOTPEEN-01,2026-07-26 14:00:00,1.7,53.0,38.1,156.4,0.0,RUNNING
TEL-14304,MCH-STABILIZER-01,2026-07-26 14:00:00,1.26,51.1,36.2,159.8,0.0,RUNNING
TEL-14305,MCH-TESTING-01,2026-07-26 14:00:00,2.63,58.1,41.5,153.4,0.0,RUNNING
TEL-14306,MCH-COILING-01,2026-07-26 15:00:00,2.82,63.9,42.0,151.9,1451.2,RUNNING
TEL-14307,MCH-COILING-02,2026-07-26 15:00:00,1.0,53.9,37.4,159.1,1446.7,RUNNING
TEL-14308,MCH-HEATTREAT-01,2026-07-26 15:00:00,1.39,856.0,35.9,157.6,0.0,RUNNING
TEL-14309,MCH-TEMPERING-01,2026-07-26 15:00:00,2.44,59.8,39.5,155.0,0.0,RUNNING
TEL-14310,MCH-SHOTPEEN-01,2026-07-26 15:00:00,1.44,51.6,36.9,157.4,0.0,RUNNING
TEL-14311,MCH-STABILIZER-01,2026-07-26 15:00:00,1.32,54.4,36.6,159.6,0.0,RUNNING
TEL-14312,MCH-TESTING-01,2026-07-26 15:00:00,2.32,61.9,41.7,150.5,0.0,RUNNING
TEL-14313,MCH-COILING-01,2026-07-26 16:00:00,2.92,60.7,40.2,153.5,1462.9,RUNNING
TEL-14314,MCH-COILING-02,2026-07-26 16:00:00,1.2,48.8,37.7,159.6,1458.3,RUNNING
TEL-14315,MCH-HEATTREAT-01,2026-07-26 16:00:00,1.2,854.1,36.5,154.8,0.0,RUNNING
TEL-14316,MCH-TEMPERING-01,2026-07-26 16:00:00,2.16,62.8,40.1,153.1,0.0,RUNNING
TEL-14317,MCH-SHOTPEEN-01,2026-07-26 16:00:00,1.59,51.6,38.5,155.7,0.0,RUNNING
TEL-14318,MCH-STABILIZER-01,2026-07-26 16:00:00,1.2,50.2,37.2,156.9,0.0,RUNNING
TEL-14319,MCH-TESTING-01,2026-07-26 16:00:00,2.56,63.3,41.1,152.2,0.0,RUNNING
TEL-14320,MCH-COILING-01,2026-07-26 17:00:00,2.93,59.1,41.2,153.9,1460.5,RUNNING
TEL-14321,MCH-COILING-02,2026-07-26 17:00:00,1.24,52.9,35.0,157.4,1445.2,RUNNING
TEL-14322,MCH-HEATTREAT-01,2026-07-26 17:00:00,1.38,852.5,38.2,159.3,0.0,RUNNING
TEL-14323,MCH-TEMPERING-01,2026-07-26 17:00:00,2.42,61.7,39.1,151.8,0.0,RUNNING
TEL-14324,MCH-SHOTPEEN-01,2026-07-26 17:00:00,1.6,57.0,37.2,154.3,0.0,RUNNING
TEL-14325,MCH-STABILIZER-01,2026-07-26 17:00:00,1.41,55.1,36.3,156.8,0.0,RUNNING
TEL-14326,MCH-TESTING-01,2026-07-26 17:00:00,2.46,61.8,41.0,150.6,0.0,RUNNING
TEL-14327,MCH-COILING-01,2026-07-26 18:00:00,2.94,63.8,40.7,149.0,1438.1,RUNNING
TEL-14328,MCH-COILING-02,2026-07-26 18:00:00,1.37,51.4,37.7,157.6,1452.5,RUNNING
TEL-14329,MCH-HEATTREAT-01,2026-07-26 18:00:00,1.49,853.7,37.3,156.0,0.0,RUNNING
TEL-14330,MCH-TEMPERING-01,2026-07-26 18:00:00,2.48,62.1,39.8,149.8,0.0,RUNNING
TEL-14331,MCH-SHOTPEEN-01,2026-07-26 18:00:00,1.53,55.4,39.0,157.8,0.0,RUNNING
TEL-14332,MCH-STABILIZER-01,2026-07-26 18:00:00,1.41,50.1,37.4,158.5,0.0,RUNNING
TEL-14333,MCH-TESTING-01,2026-07-26 18:00:00,2.53,58.9,40.7,151.4,0.0,RUNNING
TEL-14334,MCH-COILING-01,2026-07-26 19:00:00,3.04,58.0,41.3,151.3,1439.9,RUNNING
TEL-14335,MCH-COILING-02,2026-07-26 19:00:00,1.08,49.9,37.4,159.5,1443.4,RUNNING
TEL-14336,MCH-HEATTREAT-01,2026-07-26 19:00:00,1.25,854.2,35.5,158.0,0.0,RUNNING
TEL-14337,MCH-TEMPERING-01,2026-07-26 19:00:00,2.19,57.2,40.8,151.1,0.0,RUNNING
TEL-14338,MCH-SHOTPEEN-01,2026-07-26 19:00:00,1.65,51.2,36.6,157.6,0.0,RUNNING
TEL-14339,MCH-STABILIZER-01,2026-07-26 19:00:00,1.14,53.7,35.7,156.1,0.0,RUNNING
TEL-14340,MCH-TESTING-01,2026-07-26 19:00:00,2.48,57.4,41.6,152.6,0.0,RUNNING
TEL-14341,MCH-COILING-01,2026-07-26 20:00:00,2.78,62.2,42.1,151.0,1441.6,RUNNING
TEL-14342,MCH-COILING-02,2026-07-26 20:00:00,1.31,49.2,36.1,155.5,1454.1,RUNNING
TEL-14343,MCH-HEATTREAT-01,2026-07-26 20:00:00,1.21,856.0,35.6,156.5,0.0,RUNNING
TEL-14344,MCH-TEMPERING-01,2026-07-26 20:00:00,2.41,60.7,39.7,153.9,0.0,RUNNING
TEL-14345,MCH-SHOTPEEN-01,2026-07-26 20:00:00,1.78,53.3,37.7,156.7,0.0,RUNNING
TEL-14346,MCH-STABILIZER-01,2026-07-26 20:00:00,1.26,51.2,37.9,156.8,0.0,RUNNING
TEL-14347,MCH-TESTING-01,2026-07-26 20:00:00,2.53,59.6,40.6,153.1,0.0,RUNNING
TEL-14348,MCH-COILING-01,2026-07-26 21:00:00,2.88,60.2,42.0,153.8,1461.9,RUNNING
TEL-14349,MCH-COILING-02,2026-07-26 21:00:00,1.23,54.0,36.9,156.2,1460.6,RUNNING
TEL-14350,MCH-HEATTREAT-01,2026-07-26 21:00:00,1.2,857.1,38.2,160.0,0.0,RUNNING
TEL-14351,MCH-TEMPERING-01,2026-07-26 21:00:00,2.42,59.6,41.0,150.2,0.0,RUNNING
TEL-14352,MCH-SHOTPEEN-01,2026-07-26 21:00:00,1.46,51.5,38.1,154.4,0.0,RUNNING
TEL-14353,MCH-STABILIZER-01,2026-07-26 21:00:00,1.47,52.0,37.4,156.7,0.0,RUNNING
TEL-14354,MCH-TESTING-01,2026-07-26 21:00:00,2.34,62.2,40.9,152.1,0.0,RUNNING
TEL-14355,MCH-COILING-01,2026-07-26 22:00:00,3.01,59.5,39.9,151.9,1458.2,RUNNING
TEL-14356,MCH-COILING-02,2026-07-26 22:00:00,1.36,49.1,37.0,159.5,1442.3,RUNNING
TEL-14357,MCH-HEATTREAT-01,2026-07-26 22:00:00,1.18,852.2,38.4,159.9,0.0,RUNNING
TEL-14358,MCH-TEMPERING-01,2026-07-26 22:00:00,2.46,57.5,39.2,154.4,0.0,RUNNING
TEL-14359,MCH-SHOTPEEN-01,2026-07-26 22:00:00,1.68,56.2,36.3,154.8,0.0,RUNNING
TEL-14360,MCH-STABILIZER-01,2026-07-26 22:00:00,1.39,54.1,38.0,157.0,0.0,RUNNING
TEL-14361,MCH-TESTING-01,2026-07-26 22:00:00,2.32,60.2,39.9,152.7,0.0,RUNNING
TEL-14362,MCH-COILING-01,2026-07-26 23:00:00,2.88,63.1,41.1,150.3,1439.1,RUNNING
TEL-14363,MCH-COILING-02,2026-07-26 23:00:00,1.07,48.9,35.8,155.5,1451.6,RUNNING
TEL-14364,MCH-HEATTREAT-01,2026-07-26 23:00:00,1.53,856.1,36.0,156.4,0.0,RUNNING
TEL-14365,MCH-TEMPERING-01,2026-07-26 23:00:00,2.55,58.1,40.1,151.9,0.0,RUNNING
TEL-14366,MCH-SHOTPEEN-01,2026-07-26 23:00:00,1.51,56.0,38.1,157.5,0.0,RUNNING
TEL-14367,MCH-STABILIZER-01,2026-07-26 23:00:00,1.28,51.5,35.8,156.2,0.0,RUNNING
TEL-14368,MCH-TESTING-01,2026-07-26 23:00:00,2.3,57.8,39.0,150.3,0.0,RUNNING
TEL-14369,MCH-COILING-01,2026-07-27 00:00:00,2.88,63.1,39.5,150.5,1445.2,RUNNING
TEL-14370,MCH-COILING-02,2026-07-27 00:00:00,1.21,50.7,35.9,159.5,1450.0,RUNNING
TEL-14371,MCH-HEATTREAT-01,2026-07-27 00:00:00,1.06,850.6,37.0,160.7,0.0,RUNNING
TEL-14372,MCH-TEMPERING-01,2026-07-27 00:00:00,2.38,60.2,42.0,154.0,0.0,RUNNING
TEL-14373,MCH-SHOTPEEN-01,2026-07-27 00:00:00,1.88,56.2,38.5,154.7,0.0,RUNNING
TEL-14374,MCH-STABILIZER-01,2026-07-27 00:00:00,1.52,51.6,36.7,157.0,0.0,IDLE
TEL-14375,MCH-TESTING-01,2026-07-27 00:00:00,2.78,63.5,39.6,154.4,0.0,RUNNING
TEL-14376,MCH-COILING-01,2026-07-27 01:00:00,2.87,61.4,39.9,149.9,1450.7,RUNNING
TEL-14377,MCH-COILING-02,2026-07-27 01:00:00,1.24,50.2,35.5,155.6,1460.7,RUNNING
TEL-14378,MCH-HEATTREAT-01,2026-07-27 01:00:00,1.03,854.7,35.1,160.8,0.0,RUNNING
TEL-14379,MCH-TEMPERING-01,2026-07-27 01:00:00,2.44,62.4,39.2,152.6,0.0,RUNNING
TEL-14380,MCH-SHOTPEEN-01,2026-07-27 01:00:00,1.78,52.0,39.0,153.9,0.0,IDLE
TEL-14381,MCH-STABILIZER-01,2026-07-27 01:00:00,1.47,53.1,36.7,160.0,0.0,RUNNING
TEL-14382,MCH-TESTING-01,2026-07-27 01:00:00,2.6,58.4,40.6,152.8,0.0,RUNNING
TEL-14383,MCH-COILING-01,2026-07-27 02:00:00,3.17,63.2,39.5,150.2,1450.8,RUNNING
TEL-14384,MCH-COILING-02,2026-07-27 02:00:00,1.16,54.1,38.0,159.9,1436.0,RUNNING
TEL-14385,MCH-HEATTREAT-01,2026-07-27 02:00:00,0.93,852.2,36.2,160.3,0.0,RUNNING
TEL-14386,MCH-TEMPERING-01,2026-07-27 02:00:00,2.64,58.1,41.5,152.7,0.0,RUNNING
TEL-14387,MCH-SHOTPEEN-01,2026-07-27 02:00:00,1.65,56.7,37.9,154.7,0.0,RUNNING
TEL-14388,MCH-STABILIZER-01,2026-07-27 02:00:00,1.22,54.2,37.6,159.5,0.0,RUNNING
TEL-14389,MCH-TESTING-01,2026-07-27 02:00:00,2.52,60.8,40.8,149.7,0.0,IDLE
TEL-14390,MCH-COILING-01,2026-07-27 03:00:00,2.82,60.9,42.2,153.9,1461.6,RUNNING
TEL-14391,MCH-COILING-02,2026-07-27 03:00:00,1.08,54.9,35.7,156.9,1452.4,RUNNING
TEL-14392,MCH-HEATTREAT-01,2026-07-27 03:00:00,1.14,851.1,35.0,157.9,0.0,RUNNING
TEL-14393,MCH-TEMPERING-01,2026-07-27 03:00:00,2.45,58.7,39.7,150.1,0.0,RUNNING
TEL-14394,MCH-SHOTPEEN-01,2026-07-27 03:00:00,1.82,55.8,38.8,156.9,0.0,RUNNING
TEL-14395,MCH-STABILIZER-01,2026-07-27 03:00:00,1.2,49.9,35.5,157.8,0.0,RUNNING
TEL-14396,MCH-TESTING-01,2026-07-27 03:00:00,2.43,62.6,40.2,152.6,0.0,RUNNING
TEL-14397,MCH-COILING-01,2026-07-27 04:00:00,3.19,63.0,40.2,153.7,1461.2,RUNNING
TEL-14398,MCH-COILING-02,2026-07-27 04:00:00,1.43,50.4,35.9,159.2,1460.6,RUNNING
TEL-14399,MCH-HEATTREAT-01,2026-07-27 04:00:00,1.14,853.1,37.1,157.5,0.0,RUNNING
TEL-14400,MCH-TEMPERING-01,2026-07-27 04:00:00,2.6,62.4,41.7,154.5,0.0,RUNNING
TEL-14401,MCH-SHOTPEEN-01,2026-07-27 04:00:00,1.62,52.9,38.2,155.6,0.0,RUNNING
TEL-14402,MCH-STABILIZER-01,2026-07-27 04:00:00,1.35,52.5,38.5,155.2,0.0,RUNNING
TEL-14403,MCH-TESTING-01,2026-07-27 04:00:00,2.75,60.7,40.3,150.3,0.0,RUNNING
TEL-14404,MCH-COILING-01,2026-07-27 05:00:00,3.1,58.8,39.7,151.6,1438.9,RUNNING
TEL-14405,MCH-COILING-02,2026-07-27 05:00:00,1.45,53.9,37.7,160.8,1463.8,RUNNING
TEL-14406,MCH-HEATTREAT-01,2026-07-27 05:00:00,1.07,852.9,34.7,160.3,0.0,IDLE
TEL-14407,MCH-TEMPERING-01,2026-07-27 05:00:00,2.58,58.1,42.0,149.8,0.0,RUNNING
TEL-14408,MCH-SHOTPEEN-01,2026-07-27 05:00:00,1.69,53.5,38.8,153.3,0.0,RUNNING
TEL-14409,MCH-STABILIZER-01,2026-07-27 05:00:00,1.42,52.6,35.7,157.9,0.0,RUNNING
TEL-14410,MCH-TESTING-01,2026-07-27 05:00:00,2.5,62.7,40.2,154.2,0.0,RUNNING
TEL-14411,MCH-COILING-01,2026-07-27 06:00:00,3.11,63.2,41.0,151.8,1454.5,RUNNING
TEL-14412,MCH-COILING-02,2026-07-27 06:00:00,1.34,50.0,38.1,159.1,1464.1,RUNNING
TEL-14413,MCH-HEATTREAT-01,2026-07-27 06:00:00,1.19,853.7,35.8,156.3,0.0,RUNNING
TEL-14414,MCH-TEMPERING-01,2026-07-27 06:00:00,2.65,61.4,40.1,150.2,0.0,RUNNING
TEL-14415,MCH-SHOTPEEN-01,2026-07-27 06:00:00,1.59,56.7,38.8,156.1,0.0,IDLE
TEL-14416,MCH-STABILIZER-01,2026-07-27 06:00:00,1.57,54.2,36.7,157.9,0.0,RUNNING
TEL-14417,MCH-TESTING-01,2026-07-27 06:00:00,2.63,62.3,40.6,148.8,0.0,RUNNING
TEL-14418,MCH-COILING-01,2026-07-27 07:00:00,2.96,62.9,40.1,154.5,1459.9,RUNNING
TEL-14419,MCH-COILING-02,2026-07-27 07:00:00,1.2,48.8,36.0,159.6,1455.1,RUNNING
TEL-14420,MCH-HEATTREAT-01,2026-07-27 07:00:00,0.9,853.7,36.9,157.1,0.0,RUNNING
TEL-14421,MCH-TEMPERING-01,2026-07-27 07:00:00,2.48,62.7,41.3,154.2,0.0,IDLE
TEL-14422,MCH-SHOTPEEN-01,2026-07-27 07:00:00,1.55,53.4,38.2,153.1,0.0,RUNNING
TEL-14423,MCH-STABILIZER-01,2026-07-27 07:00:00,1.48,52.0,37.6,159.0,0.0,RUNNING
TEL-14424,MCH-TESTING-01,2026-07-27 07:00:00,2.76,59.4,39.4,153.5,0.0,RUNNING
TEL-14425,MCH-COILING-01,2026-07-27 08:00:00,3.1,61.9,42.1,151.6,1443.2,RUNNING
TEL-14426,MCH-COILING-02,2026-07-27 08:00:00,1.12,52.9,36.4,159.4,1451.2,RUNNING
TEL-14427,MCH-HEATTREAT-01,2026-07-27 08:00:00,1.23,850.1,35.7,156.4,0.0,RUNNING
TEL-14428,MCH-TEMPERING-01,2026-07-27 08:00:00,2.4,62.9,41.5,151.5,0.0,RUNNING
TEL-14429,MCH-SHOTPEEN-01,2026-07-27 08:00:00,1.7,54.4,38.7,153.3,0.0,RUNNING
TEL-14430,MCH-STABILIZER-01,2026-07-27 08:00:00,1.25,50.0,38.5,156.1,0.0,RUNNING
TEL-14431,MCH-TESTING-01,2026-07-27 08:00:00,2.52,63.5,41.8,149.9,0.0,RUNNING
TEL-14432,MCH-COILING-01,2026-07-27 09:00:00,2.87,59.2,40.0,154.4,1446.9,RUNNING
TEL-14433,MCH-COILING-02,2026-07-27 09:00:00,1.15,49.8,37.6,157.4,1463.6,RUNNING
TEL-14434,MCH-HEATTREAT-01,2026-07-27 09:00:00,0.93,855.0,37.3,157.3,0.0,IDLE
TEL-14435,MCH-TEMPERING-01,2026-07-27 09:00:00,2.65,62.2,42.0,151.9,0.0,RUNNING
TEL-14436,MCH-SHOTPEEN-01,2026-07-27 09:00:00,1.63,56.8,38.8,154.1,0.0,RUNNING
TEL-14437,MCH-STABILIZER-01,2026-07-27 09:00:00,1.39,50.3,36.0,157.2,0.0,RUNNING
TEL-14438,MCH-TESTING-01,2026-07-27 09:00:00,2.53,58.8,41.5,149.9,0.0,RUNNING
TEL-14439,MCH-COILING-01,2026-07-27 10:00:00,3.04,64.6,39.6,153.3,1460.2,RUNNING
TEL-14440,MCH-COILING-02,2026-07-27 10:00:00,1.22,54.4,36.3,160.6,1440.8,RUNNING
TEL-14441,MCH-HEATTREAT-01,2026-07-27 10:00:00,0.95,855.4,34.9,159.2,0.0,RUNNING
TEL-14442,MCH-TEMPERING-01,2026-07-27 10:00:00,2.45,62.3,41.4,150.5,0.0,RUNNING
TEL-14443,MCH-SHOTPEEN-01,2026-07-27 10:00:00,1.85,57.4,37.3,156.8,0.0,RUNNING
TEL-14444,MCH-STABILIZER-01,2026-07-27 10:00:00,1.48,50.7,35.6,159.3,0.0,RUNNING
TEL-14445,MCH-TESTING-01,2026-07-27 10:00:00,2.71,62.7,41.5,149.0,0.0,RUNNING
TEL-14446,MCH-COILING-01,2026-07-27 11:00:00,3.05,59.1,40.1,154.1,1436.0,RUNNING
TEL-14447,MCH-COILING-02,2026-07-27 11:00:00,1.06,49.7,35.8,159.6,1455.5,RUNNING
TEL-14448,MCH-HEATTREAT-01,2026-07-27 11:00:00,1.07,854.3,35.1,157.7,0.0,RUNNING
TEL-14449,MCH-TEMPERING-01,2026-07-27 11:00:00,2.6,57.8,40.1,152.0,0.0,RUNNING
TEL-14450,MCH-SHOTPEEN-01,2026-07-27 11:00:00,1.9,53.6,37.3,153.4,0.0,RUNNING
TEL-14451,MCH-STABILIZER-01,2026-07-27 11:00:00,1.47,53.4,37.8,158.6,0.0,RUNNING
TEL-14452,MCH-TESTING-01,2026-07-27 11:00:00,2.76,61.7,40.5,148.8,0.0,RUNNING
TEL-14453,MCH-COILING-01,2026-07-27 12:00:00,3.06,60.1,42.0,150.7,1444.1,RUNNING
TEL-14454,MCH-COILING-02,2026-07-27 12:00:00,1.11,50.8,37.1,158.3,1441.7,RUNNING
TEL-14455,MCH-HEATTREAT-01,2026-07-27 12:00:00,0.92,850.9,35.4,160.3,0.0,RUNNING
TEL-14456,MCH-TEMPERING-01,2026-07-27 12:00:00,2.47,61.5,42.0,152.7,0.0,RUNNING
TEL-14457,MCH-SHOTPEEN-01,2026-07-27 12:00:00,1.68,53.2,38.8,153.6,0.0,RUNNING
TEL-14458,MCH-STABILIZER-01,2026-07-27 12:00:00,1.27,54.6,35.6,158.1,0.0,RUNNING
TEL-14459,MCH-TESTING-01,2026-07-27 12:00:00,2.62,63.9,41.4,151.8,0.0,RUNNING
TEL-14460,MCH-COILING-01,2026-07-27 13:00:00,2.9,62.7,39.5,149.5,1452.8,RUNNING
TEL-14461,MCH-COILING-02,2026-07-27 13:00:00,1.29,52.8,38.0,159.8,1458.4,RUNNING
TEL-14462,MCH-HEATTREAT-01,2026-07-27 13:00:00,1.15,849.8,34.5,158.6,0.0,RUNNING
TEL-14463,MCH-TEMPERING-01,2026-07-27 13:00:00,2.58,60.7,41.0,153.7,0.0,RUNNING
TEL-14464,MCH-SHOTPEEN-01,2026-07-27 13:00:00,1.71,58.3,38.1,155.6,0.0,RUNNING
TEL-14465,MCH-STABILIZER-01,2026-07-27 13:00:00,1.51,53.1,37.1,155.9,0.0,RUNNING
TEL-14466,MCH-TESTING-01,2026-07-27 13:00:00,2.52,62.0,42.0,148.7,0.0,RUNNING
TEL-14467,MCH-COILING-01,2026-07-27 14:00:00,2.89,59.2,40.9,149.5,1438.1,RUNNING
TEL-14468,MCH-COILING-02,2026-07-27 14:00:00,1.36,50.0,37.1,156.8,1452.2,RUNNING
TEL-14469,MCH-HEATTREAT-01,2026-07-27 14:00:00,0.95,852.9,36.3,161.5,0.0,RUNNING
TEL-14470,MCH-TEMPERING-01,2026-07-27 14:00:00,2.37,61.0,40.0,153.6,0.0,RUNNING
TEL-14471,MCH-SHOTPEEN-01,2026-07-27 14:00:00,1.71,56.2,37.7,153.2,0.0,RUNNING
TEL-14472,MCH-STABILIZER-01,2026-07-27 14:00:00,1.38,49.5,36.0,159.6,0.0,IDLE
TEL-14473,MCH-TESTING-01,2026-07-27 14:00:00,2.44,63.2,40.7,149.9,0.0,RUNNING
TEL-14474,MCH-COILING-01,2026-07-27 15:00:00,2.9,63.0,39.9,152.9,1454.7,RUNNING
TEL-14475,MCH-COILING-02,2026-07-27 15:00:00,1.34,53.8,35.6,159.4,1443.6,RUNNING
TEL-14476,MCH-HEATTREAT-01,2026-07-27 15:00:00,0.96,850.4,37.4,158.6,0.0,RUNNING
TEL-14477,MCH-TEMPERING-01,2026-07-27 15:00:00,2.61,61.1,39.1,149.2,0.0,RUNNING
TEL-14478,MCH-SHOTPEEN-01,2026-07-27 15:00:00,1.7,56.5,38.8,157.3,0.0,RUNNING
TEL-14479,MCH-STABILIZER-01,2026-07-27 15:00:00,1.53,50.3,36.4,160.0,0.0,RUNNING
TEL-14480,MCH-TESTING-01,2026-07-27 15:00:00,2.69,63.7,41.2,149.9,0.0,RUNNING
TEL-14481,MCH-COILING-01,2026-07-27 16:00:00,2.96,60.6,42.3,149.1,1464.8,RUNNING
TEL-14482,MCH-COILING-02,2026-07-27 16:00:00,1.37,52.4,35.2,156.2,1437.9,RUNNING
TEL-14483,MCH-HEATTREAT-01,2026-07-27 16:00:00,1.22,854.0,36.4,158.2,0.0,RUNNING
TEL-14484,MCH-TEMPERING-01,2026-07-27 16:00:00,2.33,59.2,41.3,154.0,0.0,RUNNING
TEL-14485,MCH-SHOTPEEN-01,2026-07-27 16:00:00,1.7,58.1,39.1,154.3,0.0,RUNNING
TEL-14486,MCH-STABILIZER-01,2026-07-27 16:00:00,1.27,55.6,36.2,157.1,0.0,RUNNING
TEL-14487,MCH-TESTING-01,2026-07-27 16:00:00,2.4,63.0,42.0,153.0,0.0,RUNNING
TEL-14488,MCH-COILING-01,2026-07-27 17:00:00,3.19,58.4,40.4,151.2,1462.6,RUNNING
TEL-14489,MCH-COILING-02,2026-07-27 17:00:00,1.13,51.9,37.8,159.5,1448.3,RUNNING
TEL-14490,MCH-HEATTREAT-01,2026-07-27 17:00:00,1.23,852.5,35.2,158.7,0.0,RUNNING
TEL-14491,MCH-TEMPERING-01,2026-07-27 17:00:00,2.4,57.6,41.5,152.2,0.0,RUNNING
TEL-14492,MCH-SHOTPEEN-01,2026-07-27 17:00:00,1.73,54.4,38.9,153.1,0.0,RUNNING
TEL-14493,MCH-STABILIZER-01,2026-07-27 17:00:00,1.39,53.0,37.3,158.5,0.0,RUNNING
TEL-14494,MCH-TESTING-01,2026-07-27 17:00:00,2.7,64.2,39.8,154.3,0.0,RUNNING
TEL-14495,MCH-COILING-01,2026-07-27 18:00:00,3.16,60.5,41.0,152.1,1440.3,RUNNING
TEL-14496,MCH-COILING-02,2026-07-27 18:00:00,1.38,52.9,36.3,160.0,1450.1,RUNNING
TEL-14497,MCH-HEATTREAT-01,2026-07-27 18:00:00,1.07,849.3,35.5,157.9,0.0,RUNNING
TEL-14498,MCH-TEMPERING-01,2026-07-27 18:00:00,2.44,57.3,39.9,153.9,0.0,RUNNING
TEL-14499,MCH-SHOTPEEN-01,2026-07-27 18:00:00,1.69,54.7,38.0,157.2,0.0,RUNNING
TEL-14500,MCH-STABILIZER-01,2026-07-27 18:00:00,1.45,55.1,36.8,155.6,0.0,RUNNING
TEL-14501,MCH-TESTING-01,2026-07-27 18:00:00,2.52,64.4,40.1,152.1,0.0,RUNNING
TEL-14502,MCH-COILING-01,2026-07-27 19:00:00,3.09,64.6,41.1,151.0,1450.1,RUNNING
TEL-14503,MCH-COILING-02,2026-07-27 19:00:00,1.08,52.1,37.0,155.3,1459.9,RUNNING
TEL-14504,MCH-HEATTREAT-01,2026-07-27 19:00:00,1.07,850.4,35.1,156.8,0.0,RUNNING
TEL-14505,MCH-TEMPERING-01,2026-07-27 19:00:00,2.58,61.6,39.1,154.0,0.0,RUNNING
TEL-14506,MCH-SHOTPEEN-01,2026-07-27 19:00:00,1.66,51.8,39.2,153.8,0.0,RUNNING
TEL-14507,MCH-STABILIZER-01,2026-07-27 19:00:00,1.52,50.6,37.1,155.1,0.0,RUNNING
TEL-14508,MCH-TESTING-01,2026-07-27 19:00:00,2.39,59.2,40.2,150.8,0.0,RUNNING
TEL-14509,MCH-COILING-01,2026-07-27 20:00:00,3.2,58.8,40.6,148.9,1457.4,RUNNING
TEL-14510,MCH-COILING-02,2026-07-27 20:00:00,1.09,50.3,36.8,158.5,1440.7,RUNNING
TEL-14511,MCH-HEATTREAT-01,2026-07-27 20:00:00,1.17,851.4,37.1,158.0,0.0,RUNNING
TEL-14512,MCH-TEMPERING-01,2026-07-27 20:00:00,2.56,62.1,40.8,154.1,0.0,RUNNING
TEL-14513,MCH-SHOTPEEN-01,2026-07-27 20:00:00,1.74,52.4,37.9,156.7,0.0,RUNNING
TEL-14514,MCH-STABILIZER-01,2026-07-27 20:00:00,1.19,49.4,36.4,160.1,0.0,RUNNING
TEL-14515,MCH-TESTING-01,2026-07-27 20:00:00,2.46,59.0,41.8,154.4,0.0,RUNNING
TEL-14516,MCH-COILING-01,2026-07-27 21:00:00,3.1,63.3,42.3,150.7,1449.7,RUNNING
TEL-14517,MCH-COILING-02,2026-07-27 21:00:00,1.1,51.2,35.6,158.6,1441.2,RUNNING
TEL-14518,MCH-HEATTREAT-01,2026-07-27 21:00:00,1.16,850.8,35.5,161.8,0.0,IDLE
TEL-14519,MCH-TEMPERING-01,2026-07-27 21:00:00,2.64,62.9,41.5,149.4,0.0,RUNNING
TEL-14520,MCH-SHOTPEEN-01,2026-07-27 21:00:00,1.93,53.2,39.2,153.2,0.0,RUNNING
TEL-14521,MCH-STABILIZER-01,2026-07-27 21:00:00,1.38,52.7,36.6,155.4,0.0,RUNNING
TEL-14522,MCH-TESTING-01,2026-07-27 21:00:00,2.6,60.5,39.7,152.8,0.0,RUNNING
TEL-14523,MCH-COILING-01,2026-07-27 22:00:00,3.21,64.1,41.8,153.0,1456.6,RUNNING
TEL-14524,MCH-COILING-02,2026-07-27 22:00:00,1.42,54.9,36.9,160.0,1463.3,RUNNING
TEL-14525,MCH-HEATTREAT-01,2026-07-27 22:00:00,1.05,849.6,34.8,159.3,0.0,IDLE
TEL-14526,MCH-TEMPERING-01,2026-07-27 22:00:00,2.55,60.8,41.7,153.1,0.0,RUNNING
TEL-14527,MCH-SHOTPEEN-01,2026-07-27 22:00:00,1.8,56.0,37.3,156.8,0.0,RUNNING
TEL-14528,MCH-STABILIZER-01,2026-07-27 22:00:00,1.55,50.6,36.1,156.6,0.0,RUNNING
TEL-14529,MCH-TESTING-01,2026-07-27 22:00:00,2.58,61.2,41.5,149.5,0.0,RUNNING
TEL-14530,MCH-COILING-01,2026-07-27 23:00:00,2.87,58.9,40.3,152.5,1453.0,RUNNING
TEL-14531,MCH-COILING-02,2026-07-27 23:00:00,1.33,53.0,38.1,159.9,1460.4,RUNNING
TEL-14532,MCH-HEATTREAT-01,2026-07-27 23:00:00,1.14,853.1,36.2,158.4,0.0,RUNNING
TEL-14533,MCH-TEMPERING-01,2026-07-27 23:00:00,2.68,59.6,40.1,149.7,0.0,RUNNING
TEL-14534,MCH-SHOTPEEN-01,2026-07-27 23:00:00,1.55,53.3,37.9,155.9,0.0,RUNNING
TEL-14535,MCH-STABILIZER-01,2026-07-27 23:00:00,1.29,50.0,37.6,157.8,0.0,IDLE
TEL-14536,MCH-TESTING-01,2026-07-27 23:00:00,2.48,63.1,40.6,148.9,0.0,RUNNING
TEL-14537,MCH-COILING-01,2026-07-28 00:00:00,3.12,60.9,42.7,149.7,1446.0,RUNNING
TEL-14538,MCH-COILING-02,2026-07-28 00:00:00,1.33,52.2,36.7,154.8,1442.9,RUNNING
TEL-14539,MCH-HEATTREAT-01,2026-07-28 00:00:00,1.13,855.6,36.9,158.7,0.0,RUNNING
TEL-14540,MCH-TEMPERING-01,2026-07-28 00:00:00,2.8,60.2,41.6,153.5,0.0,RUNNING
TEL-14541,MCH-SHOTPEEN-01,2026-07-28 00:00:00,1.9,53.3,38.8,154.3,0.0,RUNNING
TEL-14542,MCH-STABILIZER-01,2026-07-28 00:00:00,1.62,51.5,38.6,157.3,0.0,RUNNING
TEL-14543,MCH-TESTING-01,2026-07-28 00:00:00,2.55,63.9,41.9,150.5,0.0,RUNNING
TEL-14544,MCH-COILING-01,2026-07-28 01:00:00,3.16,61.9,40.6,153.5,1437.5,RUNNING
TEL-14545,MCH-COILING-02,2026-07-28 01:00:00,1.22,48.9,37.8,154.8,1446.6,RUNNING
TEL-14546,MCH-HEATTREAT-01,2026-07-28 01:00:00,1.07,850.6,37.1,159.1,0.0,RUNNING
TEL-14547,MCH-TEMPERING-01,2026-07-28 01:00:00,2.56,61.2,40.3,149.8,0.0,RUNNING
TEL-14548,MCH-SHOTPEEN-01,2026-07-28 01:00:00,1.93,58.0,37.2,153.1,0.0,RUNNING
TEL-14549,MCH-STABILIZER-01,2026-07-28 01:00:00,1.37,55.4,38.5,158.7,0.0,RUNNING
TEL-14550,MCH-TESTING-01,2026-07-28 01:00:00,2.57,61.7,41.6,148.3,0.0,IDLE
TEL-14551,MCH-COILING-01,2026-07-28 02:00:00,2.91,60.1,41.6,149.5,1444.0,RUNNING
TEL-14552,MCH-COILING-02,2026-07-28 02:00:00,1.26,53.5,37.4,159.6,1456.5,RUNNING
TEL-14553,MCH-HEATTREAT-01,2026-07-28 02:00:00,1.25,853.1,35.1,161.1,0.0,RUNNING
TEL-14554,MCH-TEMPERING-01,2026-07-28 02:00:00,2.44,62.8,42.2,153.8,0.0,RUNNING
TEL-14555,MCH-SHOTPEEN-01,2026-07-28 02:00:00,1.84,53.4,38.7,153.7,0.0,RUNNING
TEL-14556,MCH-STABILIZER-01,2026-07-28 02:00:00,1.65,53.4,37.3,155.7,0.0,RUNNING
TEL-14557,MCH-TESTING-01,2026-07-28 02:00:00,2.89,60.2,40.1,149.1,0.0,RUNNING
TEL-14558,MCH-COILING-01,2026-07-28 03:00:00,3.14,60.5,39.8,153.4,1435.4,RUNNING
TEL-14559,MCH-COILING-02,2026-07-28 03:00:00,1.39,55.2,37.5,160.0,1461.3,RUNNING
TEL-14560,MCH-HEATTREAT-01,2026-07-28 03:00:00,1.27,853.3,35.7,158.4,0.0,RUNNING
TEL-14561,MCH-TEMPERING-01,2026-07-28 03:00:00,2.52,61.2,40.1,150.8,0.0,RUNNING
TEL-14562,MCH-SHOTPEEN-01,2026-07-28 03:00:00,2.01,54.7,36.9,156.4,0.0,RUNNING
TEL-14563,MCH-STABILIZER-01,2026-07-28 03:00:00,1.67,51.0,38.4,157.3,0.0,RUNNING
TEL-14564,MCH-TESTING-01,2026-07-28 03:00:00,2.85,60.1,41.8,151.3,0.0,RUNNING
TEL-14565,MCH-COILING-01,2026-07-28 04:00:00,3.23,60.2,42.3,150.6,1463.8,RUNNING
TEL-14566,MCH-COILING-02,2026-07-28 04:00:00,1.34,50.6,36.6,157.3,1456.2,RUNNING
TEL-14567,MCH-HEATTREAT-01,2026-07-28 04:00:00,1.04,855.2,37.5,159.9,0.0,RUNNING
TEL-14568,MCH-TEMPERING-01,2026-07-28 04:00:00,2.65,63.7,41.2,152.5,0.0,IDLE
TEL-14569,MCH-SHOTPEEN-01,2026-07-28 04:00:00,1.78,56.7,38.1,157.7,0.0,RUNNING
TEL-14570,MCH-STABILIZER-01,2026-07-28 04:00:00,1.68,50.7,36.4,157.9,0.0,RUNNING
TEL-14571,MCH-TESTING-01,2026-07-28 04:00:00,2.91,62.3,41.9,151.6,0.0,RUNNING
TEL-14572,MCH-COILING-01,2026-07-28 05:00:00,2.93,65.1,41.7,154.0,1459.0,RUNNING
TEL-14573,MCH-COILING-02,2026-07-28 05:00:00,1.18,50.6,35.7,160.0,1457.5,RUNNING
TEL-14574,MCH-HEATTREAT-01,2026-07-28 05:00:00,1.23,852.8,36.9,157.4,0.0,RUNNING
TEL-14575,MCH-TEMPERING-01,2026-07-28 05:00:00,2.79,63.3,40.2,154.2,0.0,RUNNING
TEL-14576,MCH-SHOTPEEN-01,2026-07-28 05:00:00,1.89,57.2,38.6,157.9,0.0,RUNNING
TEL-14577,MCH-STABILIZER-01,2026-07-28 05:00:00,1.61,55.3,38.0,157.4,0.0,RUNNING
TEL-14578,MCH-TESTING-01,2026-07-28 05:00:00,2.54,60.5,41.5,149.3,0.0,RUNNING
TEL-14579,MCH-COILING-01,2026-07-28 06:00:00,3.2,61.5,42.4,150.5,1452.3,RUNNING
TEL-14580,MCH-COILING-02,2026-07-28 06:00:00,1.28,51.7,36.8,157.7,1452.0,RUNNING
TEL-14581,MCH-HEATTREAT-01,2026-07-28 06:00:00,1.18,850.2,37.3,157.4,0.0,RUNNING
TEL-14582,MCH-TEMPERING-01,2026-07-28 06:00:00,2.81,58.7,40.5,153.2,0.0,RUNNING
TEL-14583,MCH-SHOTPEEN-01,2026-07-28 06:00:00,1.62,56.0,38.5,154.2,0.0,RUNNING
TEL-14584,MCH-STABILIZER-01,2026-07-28 06:00:00,1.48,50.9,36.4,157.6,0.0,RUNNING
TEL-14585,MCH-TESTING-01,2026-07-28 06:00:00,2.7,61.5,40.8,148.2,0.0,RUNNING
TEL-14586,MCH-COILING-01,2026-07-28 07:00:00,2.93,62.8,40.7,151.3,1435.0,RUNNING
TEL-14587,MCH-COILING-02,2026-07-28 07:00:00,1.42,51.6,36.1,158.5,1457.7,RUNNING
TEL-14588,MCH-HEATTREAT-01,2026-07-28 07:00:00,1.19,849.8,34.8,159.9,0.0,RUNNING
TEL-14589,MCH-TEMPERING-01,2026-07-28 07:00:00,2.45,64.3,41.8,154.0,0.0,RUNNING
TEL-14590,MCH-SHOTPEEN-01,2026-07-28 07:00:00,1.8,56.4,37.8,156.1,0.0,RUNNING
TEL-14591,MCH-STABILIZER-01,2026-07-28 07:00:00,1.52,56.3,36.9,159.4,0.0,RUNNING
TEL-14592,MCH-TESTING-01,2026-07-28 07:00:00,2.77,59.1,41.1,153.7,0.0,RUNNING
TEL-14593,MCH-COILING-01,2026-07-28 08:00:00,3.16,61.3,40.2,148.4,1455.3,RUNNING
TEL-14594,MCH-COILING-02,2026-07-28 08:00:00,1.44,53.8,36.7,157.3,1441.7,RUNNING
TEL-14595,MCH-HEATTREAT-01,2026-07-28 08:00:00,1.1,854.9,36.5,158.2,0.0,RUNNING
TEL-14596,MCH-TEMPERING-01,2026-07-28 08:00:00,2.52,60.6,42.4,149.2,0.0,RUNNING
TEL-14597,MCH-SHOTPEEN-01,2026-07-28 08:00:00,1.87,54.8,38.9,156.1,0.0,RUNNING
TEL-14598,MCH-STABILIZER-01,2026-07-28 08:00:00,1.63,53.1,36.2,158.0,0.0,RUNNING
TEL-14599,MCH-TESTING-01,2026-07-28 08:00:00,2.76,64.3,41.1,151.1,0.0,RUNNING
TEL-14600,MCH-COILING-01,2026-07-28 09:00:00,2.97,64.2,40.9,153.0,1452.6,RUNNING
TEL-14601,MCH-COILING-02,2026-07-28 09:00:00,1.28,52.5,36.9,158.6,1451.5,RUNNING
TEL-14602,MCH-HEATTREAT-01,2026-07-28 09:00:00,0.97,854.6,35.8,159.2,0.0,RUNNING
TEL-14603,MCH-TEMPERING-01,2026-07-28 09:00:00,2.55,60.7,42.4,153.7,0.0,RUNNING
TEL-14604,MCH-SHOTPEEN-01,2026-07-28 09:00:00,1.95,54.4,37.5,156.6,0.0,RUNNING
TEL-14605,MCH-STABILIZER-01,2026-07-28 09:00:00,1.63,51.8,38.5,154.3,0.0,RUNNING
TEL-14606,MCH-TESTING-01,2026-07-28 09:00:00,2.57,61.4,41.2,150.6,0.0,RUNNING
TEL-14607,MCH-COILING-01,2026-07-28 10:00:00,3.25,62.7,42.1,152.9,1457.1,RUNNING
TEL-14608,MCH-COILING-02,2026-07-28 10:00:00,1.38,51.4,37.2,159.7,1454.0,RUNNING
TEL-14609,MCH-HEATTREAT-01,2026-07-28 10:00:00,1.25,852.0,37.3,160.4,0.0,RUNNING
TEL-14610,MCH-TEMPERING-01,2026-07-28 10:00:00,2.76,64.1,42.0,152.4,0.0,RUNNING
TEL-14611,MCH-SHOTPEEN-01,2026-07-28 10:00:00,1.67,52.6,38.0,155.0,0.0,RUNNING
TEL-14612,MCH-STABILIZER-01,2026-07-28 10:00:00,1.54,53.7,36.6,159.0,0.0,RUNNING
TEL-14613,MCH-TESTING-01,2026-07-28 10:00:00,2.67,64.6,41.7,149.6,0.0,RUNNING
TEL-14614,MCH-COILING-01,2026-07-28 11:00:00,2.99,64.0,40.8,151.5,1463.3,RUNNING
TEL-14615,MCH-COILING-02,2026-07-28 11:00:00,1.31,48.9,36.0,156.0,1456.9,RUNNING
TEL-14616,MCH-HEATTREAT-01,2026-07-28 11:00:00,1.12,850.9,36.9,156.3,0.0,RUNNING
TEL-14617,MCH-TEMPERING-01,2026-07-28 11:00:00,2.57,64.6,41.0,152.7,0.0,RUNNING
TEL-14618,MCH-SHOTPEEN-01,2026-07-28 11:00:00,1.93,55.5,38.3,152.7,0.0,RUNNING
TEL-14619,MCH-STABILIZER-01,2026-07-28 11:00:00,1.39,52.3,38.0,156.3,0.0,RUNNING
TEL-14620,MCH-TESTING-01,2026-07-28 11:00:00,2.9,60.6,39.8,148.7,0.0,RUNNING
TEL-14621,MCH-COILING-01,2026-07-28 12:00:00,3.25,61.4,41.3,153.4,1448.6,RUNNING
TEL-14622,MCH-COILING-02,2026-07-28 12:00:00,1.2,54.7,38.1,157.6,1454.4,RUNNING
TEL-14623,MCH-HEATTREAT-01,2026-07-28 12:00:00,1.35,854.8,37.5,160.7,0.0,RUNNING
TEL-14624,MCH-TEMPERING-01,2026-07-28 12:00:00,2.51,63.7,42.3,153.9,0.0,RUNNING
TEL-14625,MCH-SHOTPEEN-01,2026-07-28 12:00:00,1.93,56.5,37.7,154.4,0.0,RUNNING
TEL-14626,MCH-STABILIZER-01,2026-07-28 12:00:00,1.3,56.3,37.6,158.9,0.0,RUNNING
TEL-14627,MCH-TESTING-01,2026-07-28 12:00:00,2.86,59.0,41.6,150.7,0.0,RUNNING
TEL-14628,MCH-COILING-01,2026-07-28 13:00:00,3.11,63.2,41.5,148.8,1444.0,RUNNING
TEL-14629,MCH-COILING-02,2026-07-28 13:00:00,1.36,51.9,37.0,157.6,1450.6,RUNNING
TEL-14630,MCH-HEATTREAT-01,2026-07-28 13:00:00,1.3,849.8,35.0,157.0,0.0,RUNNING
TEL-14631,MCH-TEMPERING-01,2026-07-28 13:00:00,2.59,62.5,40.3,154.2,0.0,RUNNING
TEL-14632,MCH-SHOTPEEN-01,2026-07-28 13:00:00,1.7,54.7,39.7,157.8,0.0,RUNNING
TEL-14633,MCH-STABILIZER-01,2026-07-28 13:00:00,1.59,54.5,37.1,155.1,0.0,RUNNING
TEL-14634,MCH-TESTING-01,2026-07-28 13:00:00,2.8,64.5,41.2,150.7,0.0,RUNNING
TEL-14635,MCH-COILING-01,2026-07-28 14:00:00,3.09,62.9,42.4,151.4,1463.3,RUNNING
TEL-14636,MCH-COILING-02,2026-07-28 14:00:00,1.36,50.4,37.5,160.3,1460.9,RUNNING
TEL-14637,MCH-HEATTREAT-01,2026-07-28 14:00:00,1.01,852.9,35.5,159.1,0.0,RUNNING
TEL-14638,MCH-TEMPERING-01,2026-07-28 14:00:00,2.8,64.4,39.8,152.9,0.0,RUNNING
TEL-14639,MCH-SHOTPEEN-01,2026-07-28 14:00:00,1.98,55.7,39.7,155.0,0.0,RUNNING
TEL-14640,MCH-STABILIZER-01,2026-07-28 14:00:00,1.56,55.1,35.9,157.4,0.0,RUNNING
TEL-14641,MCH-TESTING-01,2026-07-28 14:00:00,2.76,63.8,42.3,150.3,0.0,RUNNING
TEL-14642,MCH-COILING-01,2026-07-28 15:00:00,3.22,60.5,41.2,153.9,1450.8,RUNNING
TEL-14643,MCH-COILING-02,2026-07-28 15:00:00,1.39,50.8,36.9,156.4,1464.1,RUNNING
TEL-14644,MCH-HEATTREAT-01,2026-07-28 15:00:00,1.05,853.1,37.1,158.3,0.0,RUNNING
TEL-14645,MCH-TEMPERING-01,2026-07-28 15:00:00,2.76,62.5,41.5,148.6,0.0,RUNNING
TEL-14646,MCH-SHOTPEEN-01,2026-07-28 15:00:00,1.72,53.3,37.4,152.7,0.0,IDLE
TEL-14647,MCH-STABILIZER-01,2026-07-28 15:00:00,1.33,53.0,38.4,157.0,0.0,RUNNING
TEL-14648,MCH-TESTING-01,2026-07-28 15:00:00,2.82,64.1,40.5,152.5,0.0,RUNNING
TEL-14649,MCH-COILING-01,2026-07-28 16:00:00,3.09,62.2,41.9,151.2,1443.0,RUNNING
TEL-14650,MCH-COILING-02,2026-07-28 16:00:00,1.23,49.1,37.0,158.2,1444.5,RUNNING
TEL-14651,MCH-HEATTREAT-01,2026-07-28 16:00:00,1.04,851.0,35.3,159.3,0.0,RUNNING
TEL-14652,MCH-TEMPERING-01,2026-07-28 16:00:00,2.77,61.0,42.0,153.5,0.0,RUNNING
TEL-14653,MCH-SHOTPEEN-01,2026-07-28 16:00:00,1.86,57.5,37.3,154.5,0.0,RUNNING
TEL-14654,MCH-STABILIZER-01,2026-07-28 16:00:00,1.65,50.3,36.2,159.6,0.0,RUNNING
TEL-14655,MCH-TESTING-01,2026-07-28 16:00:00,2.67,60.1,39.8,151.7,0.0,RUNNING
TEL-14656,MCH-COILING-01,2026-07-28 17:00:00,3.26,61.1,42.6,150.3,1464.1,RUNNING
TEL-14657,MCH-COILING-02,2026-07-28 17:00:00,1.13,52.8,37.1,159.6,1443.3,RUNNING
TEL-14658,MCH-HEATTREAT-01,2026-07-28 17:00:00,0.98,850.9,36.2,161.1,0.0,IDLE
TEL-14659,MCH-TEMPERING-01,2026-07-28 17:00:00,2.47,64.5,41.3,149.8,0.0,RUNNING
TEL-14660,MCH-SHOTPEEN-01,2026-07-28 17:00:00,1.98,52.5,37.8,153.6,0.0,RUNNING
TEL-14661,MCH-STABILIZER-01,2026-07-28 17:00:00,1.5,54.6,38.1,158.1,0.0,RUNNING
TEL-14662,MCH-TESTING-01,2026-07-28 17:00:00,2.71,64.1,39.9,151.3,0.0,RUNNING
TEL-14663,MCH-COILING-01,2026-07-28 18:00:00,3.17,62.5,42.4,148.5,1463.8,RUNNING
TEL-14664,MCH-COILING-02,2026-07-28 18:00:00,1.23,51.8,38.0,156.9,1457.7,RUNNING
TEL-14665,MCH-HEATTREAT-01,2026-07-28 18:00:00,1.13,851.0,37.2,161.2,0.0,RUNNING
TEL-14666,MCH-TEMPERING-01,2026-07-28 18:00:00,2.75,60.3,41.5,149.9,0.0,RUNNING
TEL-14667,MCH-SHOTPEEN-01,2026-07-28 18:00:00,1.76,53.0,37.4,153.2,0.0,RUNNING
TEL-14668,MCH-STABILIZER-01,2026-07-28 18:00:00,1.59,55.7,37.1,155.6,0.0,RUNNING
TEL-14669,MCH-TESTING-01,2026-07-28 18:00:00,2.65,65.1,41.3,149.2,0.0,RUNNING
TEL-14670,MCH-COILING-01,2026-07-28 19:00:00,3.15,63.2,42.0,152.8,1454.8,RUNNING
TEL-14671,MCH-COILING-02,2026-07-28 19:00:00,1.48,52.7,36.0,160.4,1438.7,RUNNING
TEL-14672,MCH-HEATTREAT-01,2026-07-28 19:00:00,1.25,855.1,35.8,157.4,0.0,RUNNING
TEL-14673,MCH-TEMPERING-01,2026-07-28 19:00:00,2.6,58.9,41.8,148.6,0.0,RUNNING
TEL-14674,MCH-SHOTPEEN-01,2026-07-28 19:00:00,1.73,56.0,38.6,153.1,0.0,RUNNING
TEL-14675,MCH-STABILIZER-01,2026-07-28 19:00:00,1.41,50.3,37.5,157.9,0.0,RUNNING
TEL-14676,MCH-TESTING-01,2026-07-28 19:00:00,2.79,59.1,42.5,148.2,0.0,RUNNING
TEL-14677,MCH-COILING-01,2026-07-28 20:00:00,3.06,64.8,40.7,150.3,1455.9,RUNNING
TEL-14678,MCH-COILING-02,2026-07-28 20:00:00,1.2,54.5,36.8,155.2,1436.9,RUNNING
TEL-14679,MCH-HEATTREAT-01,2026-07-28 20:00:00,1.01,850.7,36.1,157.5,0.0,RUNNING
TEL-14680,MCH-TEMPERING-01,2026-07-28 20:00:00,2.75,62.3,42.2,150.2,0.0,RUNNING
TEL-14681,MCH-SHOTPEEN-01,2026-07-28 20:00:00,1.69,54.3,39.0,153.1,0.0,RUNNING
TEL-14682,MCH-STABILIZER-01,2026-07-28 20:00:00,1.34,51.9,37.6,158.8,0.0,RUNNING
TEL-14683,MCH-TESTING-01,2026-07-28 20:00:00,2.7,59.1,41.2,152.3,0.0,RUNNING
TEL-14684,MCH-COILING-01,2026-07-28 21:00:00,3.25,62.7,40.6,153.1,1452.1,RUNNING
TEL-14685,MCH-COILING-02,2026-07-28 21:00:00,1.3,50.6,37.5,160.1,1448.1,RUNNING
TEL-14686,MCH-HEATTREAT-01,2026-07-28 21:00:00,1.23,851.9,36.0,160.6,0.0,RUNNING
TEL-14687,MCH-TEMPERING-01,2026-07-28 21:00:00,2.55,62.0,40.5,148.7,0.0,RUNNING
TEL-14688,MCH-SHOTPEEN-01,2026-07-28 21:00:00,1.79,55.3,38.8,157.1,0.0,RUNNING
TEL-14689,MCH-STABILIZER-01,2026-07-28 21:00:00,1.33,51.1,38.2,154.9,0.0,RUNNING
TEL-14690,MCH-TESTING-01,2026-07-28 21:00:00,2.7,61.2,42.2,153.7,0.0,RUNNING
TEL-14691,MCH-COILING-01,2026-07-28 22:00:00,3.27,63.3,40.3,148.8,1462.2,RUNNING
TEL-14692,MCH-COILING-02,2026-07-28 22:00:00,1.14,51.1,38.2,156.8,1442.2,RUNNING
TEL-14693,MCH-HEATTREAT-01,2026-07-28 22:00:00,1.1,856.0,37.4,157.7,0.0,RUNNING
TEL-14694,MCH-TEMPERING-01,2026-07-28 22:00:00,2.49,59.0,42.4,154.3,0.0,RUNNING
TEL-14695,MCH-SHOTPEEN-01,2026-07-28 22:00:00,1.7,57.6,39.7,155.3,0.0,RUNNING
TEL-14696,MCH-STABILIZER-01,2026-07-28 22:00:00,1.59,52.8,36.0,158.9,0.0,RUNNING
TEL-14697,MCH-TESTING-01,2026-07-28 22:00:00,2.81,60.8,42.2,151.6,0.0,IDLE
TEL-14698,MCH-COILING-01,2026-07-28 23:00:00,3.06,63.5,40.6,148.6,1437.7,RUNNING
TEL-14699,MCH-COILING-02,2026-07-28 23:00:00,1.39,52.5,37.6,155.3,1456.5,RUNNING
TEL-14700,MCH-HEATTREAT-01,2026-07-28 23:00:00,1.05,852.2,35.9,155.8,0.0,RUNNING
TEL-14701,MCH-TEMPERING-01,2026-07-28 23:00:00,2.69,59.8,39.7,152.6,0.0,IDLE
TEL-14702,MCH-SHOTPEEN-01,2026-07-28 23:00:00,1.84,58.7,38.4,155.4,0.0,RUNNING
TEL-14703,MCH-STABILIZER-01,2026-07-28 23:00:00,1.55,56.4,35.9,156.2,0.0,RUNNING
TEL-14704,MCH-TESTING-01,2026-07-28 23:00:00,2.59,59.4,40.1,153.1,0.0,RUNNING
TEL-14705,MCH-COILING-01,2026-07-29 00:00:00,1.6,52.5,35.4,155.7,1443.7,RUNNING
TEL-14706,MCH-COILING-02,2026-07-29 00:00:00,1.65,55.2,35.9,159.7,1435.2,RUNNING
TEL-14707,MCH-HEATTREAT-01,2026-07-29 00:00:00,1.38,855.5,36.3,156.2,0.0,RUNNING
TEL-14708,MCH-TEMPERING-01,2026-07-29 00:00:00,1.03,53.1,37.7,161.1,0.0,RUNNING
TEL-14709,MCH-SHOTPEEN-01,2026-07-29 00:00:00,1.95,56.2,38.3,157.4,0.0,RUNNING
TEL-14710,MCH-STABILIZER-01,2026-07-29 00:00:00,1.44,57.4,36.9,158.4,0.0,IDLE
TEL-14711,MCH-TESTING-01,2026-07-29 00:00:00,0.89,50.5,35.6,157.8,0.0,RUNNING
TEL-14712,MCH-COILING-01,2026-07-29 01:00:00,1.63,51.1,36.3,155.3,1441.6,RUNNING
TEL-14713,MCH-COILING-02,2026-07-29 01:00:00,1.62,56.2,36.8,154.2,1457.9,RUNNING
TEL-14714,MCH-HEATTREAT-01,2026-07-29 01:00:00,1.22,852.9,36.5,160.5,0.0,RUNNING
TEL-14715,MCH-TEMPERING-01,2026-07-29 01:00:00,1.3,50.9,37.7,159.7,0.0,RUNNING
TEL-14716,MCH-SHOTPEEN-01,2026-07-29 01:00:00,2.02,54.0,37.3,157.6,0.0,RUNNING
TEL-14717,MCH-STABILIZER-01,2026-07-29 01:00:00,1.74,56.9,39.0,156.7,0.0,IDLE
TEL-14718,MCH-TESTING-01,2026-07-29 01:00:00,1.02,48.6,37.1,161.0,0.0,RUNNING
TEL-14719,MCH-COILING-01,2026-07-29 02:00:00,1.5,51.9,37.7,157.7,1455.6,RUNNING
TEL-14720,MCH-COILING-02,2026-07-29 02:00:00,1.33,51.5,38.2,155.2,1459.1,RUNNING
TEL-14721,MCH-HEATTREAT-01,2026-07-29 02:00:00,1.46,850.8,37.8,156.5,0.0,RUNNING
TEL-14722,MCH-TEMPERING-01,2026-07-29 02:00:00,1.26,50.3,35.3,160.4,0.0,RUNNING
TEL-14723,MCH-SHOTPEEN-01,2026-07-29 02:00:00,2.06,59.1,39.0,152.9,0.0,RUNNING
TEL-14724,MCH-STABILIZER-01,2026-07-29 02:00:00,1.68,52.4,36.6,154.5,0.0,RUNNING
TEL-14725,MCH-TESTING-01,2026-07-29 02:00:00,0.96,50.0,35.3,161.9,0.0,RUNNING
TEL-14726,MCH-COILING-01,2026-07-29 03:00:00,1.51,48.6,37.3,156.8,1460.7,RUNNING
TEL-14727,MCH-COILING-02,2026-07-29 03:00:00,1.29,54.5,37.4,154.3,1444.5,IDLE
TEL-14728,MCH-HEATTREAT-01,2026-07-29 03:00:00,1.18,852.5,37.5,159.2,0.0,RUNNING
TEL-14729,MCH-TEMPERING-01,2026-07-29 03:00:00,1.19,53.2,35.0,158.1,0.0,RUNNING
TEL-14730,MCH-SHOTPEEN-01,2026-07-29 03:00:00,2.01,54.5,39.4,152.1,0.0,RUNNING
TEL-14731,MCH-STABILIZER-01,2026-07-29 03:00:00,1.62,52.7,37.4,159.3,0.0,RUNNING
TEL-14732,MCH-TESTING-01,2026-07-29 03:00:00,1.16,46.7,36.2,156.9,0.0,RUNNING
TEL-14733,MCH-COILING-01,2026-07-29 04:00:00,1.79,53.3,36.4,155.7,1440.5,RUNNING
TEL-14734,MCH-COILING-02,2026-07-29 04:00:00,1.61,51.0,38.5,159.1,1441.7,RUNNING
TEL-14735,MCH-HEATTREAT-01,2026-07-29 04:00:00,1.45,856.0,37.4,155.4,0.0,RUNNING
TEL-14736,MCH-TEMPERING-01,2026-07-29 04:00:00,1.37,50.7,36.6,157.9,0.0,RUNNING
TEL-14737,MCH-SHOTPEEN-01,2026-07-29 04:00:00,1.88,55.6,37.5,157.5,0.0,RUNNING
TEL-14738,MCH-STABILIZER-01,2026-07-29 04:00:00,1.68,54.6,36.3,157.6,0.0,RUNNING
TEL-14739,MCH-TESTING-01,2026-07-29 04:00:00,1.07,51.2,36.9,159.9,0.0,RUNNING
TEL-14740,MCH-COILING-01,2026-07-29 05:00:00,1.71,52.0,35.9,158.9,1449.6,RUNNING
TEL-14741,MCH-COILING-02,2026-07-29 05:00:00,1.62,51.8,37.3,157.2,1456.4,RUNNING
TEL-14742,MCH-HEATTREAT-01,2026-07-29 05:00:00,1.21,853.2,37.3,159.7,0.0,RUNNING
TEL-14743,MCH-TEMPERING-01,2026-07-29 05:00:00,1.43,50.5,35.5,159.6,0.0,RUNNING
TEL-14744,MCH-SHOTPEEN-01,2026-07-29 05:00:00,2.1,55.7,37.3,154.8,0.0,RUNNING
TEL-14745,MCH-STABILIZER-01,2026-07-29 05:00:00,1.55,53.3,37.9,155.8,0.0,RUNNING
TEL-14746,MCH-TESTING-01,2026-07-29 05:00:00,0.98,52.2,35.2,157.2,0.0,RUNNING
TEL-14747,MCH-COILING-01,2026-07-29 06:00:00,1.54,49.2,37.1,156.0,1435.8,RUNNING
TEL-14748,MCH-COILING-02,2026-07-29 06:00:00,1.64,54.0,36.9,158.5,1463.8,RUNNING
TEL-14749,MCH-HEATTREAT-01,2026-07-29 06:00:00,1.26,856.3,35.3,155.6,0.0,RUNNING
TEL-14750,MCH-TEMPERING-01,2026-07-29 06:00:00,1.38,53.3,36.3,155.2,0.0,RUNNING
TEL-14751,MCH-SHOTPEEN-01,2026-07-29 06:00:00,1.97,58.8,37.3,155.2,0.0,RUNNING
TEL-14752,MCH-STABILIZER-01,2026-07-29 06:00:00,1.42,56.6,39.2,156.4,0.0,RUNNING
TEL-14753,MCH-TESTING-01,2026-07-29 06:00:00,0.86,46.7,37.0,161.1,0.0,RUNNING
TEL-14754,MCH-COILING-01,2026-07-29 07:00:00,1.67,51.5,36.6,158.0,1436.5,RUNNING
TEL-14755,MCH-COILING-02,2026-07-29 07:00:00,1.5,50.8,36.9,154.8,1463.8,RUNNING
TEL-14756,MCH-HEATTREAT-01,2026-07-29 07:00:00,1.22,854.9,37.5,158.5,0.0,RUNNING
TEL-14757,MCH-TEMPERING-01,2026-07-29 07:00:00,1.2,54.5,36.4,159.0,0.0,RUNNING
TEL-14758,MCH-SHOTPEEN-01,2026-07-29 07:00:00,1.87,57.8,38.9,152.5,0.0,RUNNING
TEL-14759,MCH-STABILIZER-01,2026-07-29 07:00:00,1.47,51.1,38.8,158.8,0.0,RUNNING
TEL-14760,MCH-TESTING-01,2026-07-29 07:00:00,0.87,49.1,36.8,160.7,0.0,RUNNING
TEL-14761,MCH-COILING-01,2026-07-29 08:00:00,1.76,51.5,36.0,158.2,1455.1,RUNNING
TEL-14762,MCH-COILING-02,2026-07-29 08:00:00,1.28,53.1,36.1,156.9,1443.0,RUNNING
TEL-14763,MCH-HEATTREAT-01,2026-07-29 08:00:00,1.3,854.8,35.8,158.1,0.0,RUNNING
TEL-14764,MCH-TEMPERING-01,2026-07-29 08:00:00,1.32,51.4,36.5,158.2,0.0,RUNNING
TEL-14765,MCH-SHOTPEEN-01,2026-07-29 08:00:00,1.84,56.2,38.0,157.0,0.0,RUNNING
TEL-14766,MCH-STABILIZER-01,2026-07-29 08:00:00,1.65,55.3,37.2,156.7,0.0,RUNNING
TEL-14767,MCH-TESTING-01,2026-07-29 08:00:00,0.89,49.0,36.0,159.1,0.0,RUNNING
TEL-14768,MCH-COILING-01,2026-07-29 09:00:00,1.6,53.5,37.6,158.7,1436.8,RUNNING
TEL-14769,MCH-COILING-02,2026-07-29 09:00:00,1.36,54.1,36.1,156.4,1449.7,RUNNING
TEL-14770,MCH-HEATTREAT-01,2026-07-29 09:00:00,1.32,856.9,36.9,156.2,0.0,RUNNING
TEL-14771,MCH-TEMPERING-01,2026-07-29 09:00:00,1.04,52.3,35.7,158.5,0.0,RUNNING
TEL-14772,MCH-SHOTPEEN-01,2026-07-29 09:00:00,1.75,57.4,38.8,154.9,0.0,RUNNING
TEL-14773,MCH-STABILIZER-01,2026-07-29 09:00:00,1.71,53.3,36.9,158.5,0.0,RUNNING
TEL-14774,MCH-TESTING-01,2026-07-29 09:00:00,1.07,46.9,36.0,158.0,0.0,RUNNING
TEL-14775,MCH-COILING-01,2026-07-29 10:00:00,1.66,51.6,35.5,156.1,1439.7,RUNNING
TEL-14776,MCH-COILING-02,2026-07-29 10:00:00,1.53,51.2,38.0,154.8,1441.9,RUNNING
TEL-14777,MCH-HEATTREAT-01,2026-07-29 10:00:00,1.41,851.6,35.9,157.5,0.0,RUNNING
TEL-14778,MCH-TEMPERING-01,2026-07-29 10:00:00,1.2,54.1,35.0,156.6,0.0,RUNNING
TEL-14779,MCH-SHOTPEEN-01,2026-07-29 10:00:00,2.0,58.5,38.6,156.8,0.0,RUNNING
TEL-14780,MCH-STABILIZER-01,2026-07-29 10:00:00,1.42,53.0,37.6,157.4,0.0,RUNNING
TEL-14781,MCH-TESTING-01,2026-07-29 10:00:00,1.1,50.2,35.6,157.5,0.0,RUNNING
TEL-14782,MCH-COILING-01,2026-07-29 11:00:00,1.73,49.8,37.0,156.3,1442.4,RUNNING
TEL-14783,MCH-COILING-02,2026-07-29 11:00:00,1.29,54.4,37.2,154.3,1452.6,RUNNING
TEL-14784,MCH-HEATTREAT-01,2026-07-29 11:00:00,1.27,851.0,36.0,155.1,0.0,RUNNING
TEL-14785,MCH-TEMPERING-01,2026-07-29 11:00:00,1.18,52.8,36.1,159.0,0.0,RUNNING
TEL-14786,MCH-SHOTPEEN-01,2026-07-29 11:00:00,1.8,57.3,37.8,155.3,0.0,RUNNING
TEL-14787,MCH-STABILIZER-01,2026-07-29 11:00:00,1.55,56.3,37.6,153.4,0.0,RUNNING
TEL-14788,MCH-TESTING-01,2026-07-29 11:00:00,0.92,46.6,36.0,158.0,0.0,RUNNING
TEL-14789,MCH-COILING-01,2026-07-29 12:00:00,1.69,54.4,35.9,155.7,1458.6,RUNNING
TEL-14790,MCH-COILING-02,2026-07-29 12:00:00,1.38,55.5,38.1,157.6,1442.8,RUNNING
TEL-14791,MCH-HEATTREAT-01,2026-07-29 12:00:00,1.2,854.5,35.6,160.6,0.0,RUNNING
TEL-14792,MCH-TEMPERING-01,2026-07-29 12:00:00,1.24,48.7,36.6,159.0,0.0,RUNNING
TEL-14793,MCH-SHOTPEEN-01,2026-07-29 12:00:00,2.09,57.3,37.6,157.6,0.0,RUNNING
TEL-14794,MCH-STABILIZER-01,2026-07-29 12:00:00,1.75,54.7,37.3,159.2,0.0,RUNNING
TEL-14795,MCH-TESTING-01,2026-07-29 12:00:00,1.0,51.7,36.9,156.8,0.0,RUNNING
TEL-14796,MCH-COILING-01,2026-07-29 13:00:00,1.75,48.7,35.7,157.8,1446.9,RUNNING
TEL-14797,MCH-COILING-02,2026-07-29 13:00:00,1.61,55.3,36.6,159.7,1455.6,RUNNING
TEL-14798,MCH-HEATTREAT-01,2026-07-29 13:00:00,1.21,856.8,37.9,156.6,0.0,RUNNING
TEL-14799,MCH-TEMPERING-01,2026-07-29 13:00:00,1.03,49.4,35.4,156.6,0.0,RUNNING
TEL-14800,MCH-SHOTPEEN-01,2026-07-29 13:00:00,2.05,57.3,39.3,152.7,0.0,RUNNING
TEL-14801,MCH-STABILIZER-01,2026-07-29 13:00:00,1.51,54.1,38.8,157.9,0.0,RUNNING
TEL-14802,MCH-TESTING-01,2026-07-29 13:00:00,0.91,48.3,35.4,156.7,0.0,RUNNING
TEL-14803,MCH-COILING-01,2026-07-29 14:00:00,1.71,50.7,37.9,157.9,1436.5,RUNNING
TEL-14804,MCH-COILING-02,2026-07-29 14:00:00,1.43,55.1,36.5,157.5,1460.6,RUNNING
TEL-14805,MCH-HEATTREAT-01,2026-07-29 14:00:00,1.27,857.1,36.3,157.2,0.0,RUNNING
TEL-14806,MCH-TEMPERING-01,2026-07-29 14:00:00,1.06,52.3,37.2,159.6,0.0,IDLE
TEL-14807,MCH-SHOTPEEN-01,2026-07-29 14:00:00,1.8,55.2,37.6,153.8,0.0,RUNNING
TEL-14808,MCH-STABILIZER-01,2026-07-29 14:00:00,1.61,56.8,37.2,154.9,0.0,RUNNING
TEL-14809,MCH-TESTING-01,2026-07-29 14:00:00,1.0,52.7,35.3,157.1,0.0,RUNNING
TEL-14810,MCH-COILING-01,2026-07-29 15:00:00,1.54,51.0,37.3,155.1,1450.5,RUNNING
TEL-14811,MCH-COILING-02,2026-07-29 15:00:00,1.5,55.9,36.7,156.6,1457.8,RUNNING
TEL-14812,MCH-HEATTREAT-01,2026-07-29 15:00:00,1.14,854.9,35.5,157.1,0.0,RUNNING
TEL-14813,MCH-TEMPERING-01,2026-07-29 15:00:00,1.1,48.6,36.0,159.6,0.0,RUNNING
TEL-14814,MCH-SHOTPEEN-01,2026-07-29 15:00:00,1.8,53.8,39.0,152.5,0.0,RUNNING
TEL-14815,MCH-STABILIZER-01,2026-07-29 15:00:00,1.66,51.9,37.9,157.0,0.0,RUNNING
TEL-14816,MCH-TESTING-01,2026-07-29 15:00:00,0.91,48.4,36.5,157.6,0.0,RUNNING
TEL-14817,MCH-COILING-01,2026-07-29 16:00:00,1.61,53.0,37.8,158.5,1452.4,RUNNING
TEL-14818,MCH-COILING-02,2026-07-29 16:00:00,1.33,52.0,35.8,154.8,1439.9,RUNNING
TEL-14819,MCH-HEATTREAT-01,2026-07-29 16:00:00,1.13,852.6,35.3,155.2,0.0,RUNNING
TEL-14820,MCH-TEMPERING-01,2026-07-29 16:00:00,1.29,52.8,36.3,161.1,0.0,RUNNING
TEL-14821,MCH-SHOTPEEN-01,2026-07-29 16:00:00,1.94,55.9,39.1,155.1,0.0,RUNNING
TEL-14822,MCH-STABILIZER-01,2026-07-29 16:00:00,1.46,52.1,38.6,154.1,0.0,RUNNING
TEL-14823,MCH-TESTING-01,2026-07-29 16:00:00,0.97,50.9,37.1,162.0,0.0,RUNNING
TEL-14824,MCH-COILING-01,2026-07-29 17:00:00,1.59,50.2,37.0,155.8,1462.3,RUNNING
TEL-14825,MCH-COILING-02,2026-07-29 17:00:00,1.58,54.6,37.4,154.2,1437.9,RUNNING
TEL-14826,MCH-HEATTREAT-01,2026-07-29 17:00:00,1.3,856.4,35.9,157.0,0.0,RUNNING
TEL-14827,MCH-TEMPERING-01,2026-07-29 17:00:00,1.24,49.3,37.9,156.9,0.0,RUNNING
TEL-14828,MCH-SHOTPEEN-01,2026-07-29 17:00:00,2.1,59.6,39.4,152.7,0.0,RUNNING
TEL-14829,MCH-STABILIZER-01,2026-07-29 17:00:00,1.69,52.5,36.7,155.8,0.0,RUNNING
TEL-14830,MCH-TESTING-01,2026-07-29 17:00:00,1.04,53.0,34.7,162.3,0.0,RUNNING
TEL-14831,MCH-COILING-01,2026-07-29 18:00:00,1.84,54.8,37.8,156.0,1451.1,RUNNING
TEL-14832,MCH-COILING-02,2026-07-29 18:00:00,1.28,52.8,36.9,155.9,1439.0,RUNNING
TEL-14833,MCH-HEATTREAT-01,2026-07-29 18:00:00,1.17,857.1,38.0,158.9,0.0,RUNNING
TEL-14834,MCH-TEMPERING-01,2026-07-29 18:00:00,1.23,52.8,37.7,159.4,0.0,RUNNING
TEL-14835,MCH-SHOTPEEN-01,2026-07-29 18:00:00,1.85,59.6,39.4,157.2,0.0,RUNNING
TEL-14836,MCH-STABILIZER-01,2026-07-29 18:00:00,1.75,51.4,37.5,155.4,0.0,RUNNING
TEL-14837,MCH-TESTING-01,2026-07-29 18:00:00,1.13,46.9,35.0,157.6,0.0,IDLE
TEL-14838,MCH-COILING-01,2026-07-29 19:00:00,1.78,54.0,35.2,159.1,1459.1,RUNNING
TEL-14839,MCH-COILING-02,2026-07-29 19:00:00,1.61,56.2,36.2,158.9,1459.1,RUNNING
TEL-14840,MCH-HEATTREAT-01,2026-07-29 19:00:00,1.2,853.5,36.1,155.3,0.0,RUNNING
TEL-14841,MCH-TEMPERING-01,2026-07-29 19:00:00,1.29,51.7,37.0,158.7,0.0,RUNNING
TEL-14842,MCH-SHOTPEEN-01,2026-07-29 19:00:00,2.07,58.2,40.1,156.1,0.0,RUNNING
TEL-14843,MCH-STABILIZER-01,2026-07-29 19:00:00,1.62,55.4,36.9,157.3,0.0,RUNNING
TEL-14844,MCH-TESTING-01,2026-07-29 19:00:00,0.86,52.5,36.0,161.8,0.0,RUNNING
TEL-14845,MCH-COILING-01,2026-07-29 20:00:00,1.85,52.5,37.5,157.8,1454.5,RUNNING
TEL-14846,MCH-COILING-02,2026-07-29 20:00:00,1.45,56.3,38.5,155.7,1454.5,RUNNING
TEL-14847,MCH-HEATTREAT-01,2026-07-29 20:00:00,1.45,853.6,37.2,155.4,0.0,RUNNING
TEL-14848,MCH-TEMPERING-01,2026-07-29 20:00:00,1.18,49.8,37.5,159.5,0.0,RUNNING
TEL-14849,MCH-SHOTPEEN-01,2026-07-29 20:00:00,1.97,57.7,39.2,153.7,0.0,RUNNING
TEL-14850,MCH-STABILIZER-01,2026-07-29 20:00:00,1.59,51.3,36.2,156.2,0.0,RUNNING
TEL-14851,MCH-TESTING-01,2026-07-29 20:00:00,1.05,49.7,35.4,160.7,0.0,RUNNING
TEL-14852,MCH-COILING-01,2026-07-29 21:00:00,1.77,50.4,36.0,158.5,1453.4,RUNNING
TEL-14853,MCH-COILING-02,2026-07-29 21:00:00,1.34,52.2,36.9,156.6,1463.7,RUNNING
TEL-14854,MCH-HEATTREAT-01,2026-07-29 21:00:00,1.12,854.2,35.2,156.8,0.0,RUNNING
TEL-14855,MCH-TEMPERING-01,2026-07-29 21:00:00,1.06,53.3,35.8,156.9,0.0,RUNNING
TEL-14856,MCH-SHOTPEEN-01,2026-07-29 21:00:00,2.03,54.3,38.4,153.8,0.0,RUNNING
TEL-14857,MCH-STABILIZER-01,2026-07-29 21:00:00,1.73,56.3,38.3,157.9,0.0,RUNNING
TEL-14858,MCH-TESTING-01,2026-07-29 21:00:00,0.93,47.1,35.5,160.3,0.0,RUNNING
TEL-14859,MCH-COILING-01,2026-07-29 22:00:00,1.83,53.0,37.9,155.2,1447.3,RUNNING
TEL-14860,MCH-COILING-02,2026-07-29 22:00:00,1.31,51.4,38.3,159.7,1441.9,RUNNING
TEL-14861,MCH-HEATTREAT-01,2026-07-29 22:00:00,1.38,850.7,37.8,159.3,0.0,RUNNING
TEL-14862,MCH-TEMPERING-01,2026-07-29 22:00:00,1.22,51.5,37.8,156.0,0.0,RUNNING
TEL-14863,MCH-SHOTPEEN-01,2026-07-29 22:00:00,1.78,58.9,38.7,154.8,0.0,RUNNING
TEL-14864,MCH-STABILIZER-01,2026-07-29 22:00:00,1.75,57.1,39.2,154.6,0.0,RUNNING
TEL-14865,MCH-TESTING-01,2026-07-29 22:00:00,1.06,47.9,36.7,157.0,0.0,RUNNING
TEL-14866,MCH-COILING-01,2026-07-29 23:00:00,1.64,54.2,37.7,159.9,1454.6,RUNNING
TEL-14867,MCH-COILING-02,2026-07-29 23:00:00,1.35,56.0,36.7,156.7,1455.5,RUNNING
TEL-14868,MCH-HEATTREAT-01,2026-07-29 23:00:00,1.44,856.9,35.6,160.3,0.0,RUNNING
TEL-14869,MCH-TEMPERING-01,2026-07-29 23:00:00,1.16,52.0,35.7,160.3,0.0,RUNNING
TEL-14870,MCH-SHOTPEEN-01,2026-07-29 23:00:00,1.82,53.8,39.1,157.5,0.0,RUNNING
TEL-14871,MCH-STABILIZER-01,2026-07-29 23:00:00,1.8,56.7,39.2,156.4,0.0,RUNNING
TEL-14872,MCH-TESTING-01,2026-07-29 23:00:00,0.89,51.8,36.4,158.3,0.0,RUNNING
TEL-14873,MCH-COILING-01,2026-07-30 00:00:00,1.6,52.0,35.5,156.4,1443.8,RUNNING
TEL-14874,MCH-COILING-02,2026-07-30 00:00:00,1.39,52.3,37.1,155.8,1447.7,RUNNING
TEL-14875,MCH-HEATTREAT-01,2026-07-30 00:00:00,1.58,857.1,37.5,156.0,0.0,RUNNING
TEL-14876,MCH-TEMPERING-01,2026-07-30 00:00:00,1.44,54.2,37.4,154.8,0.0,RUNNING
TEL-14877,MCH-SHOTPEEN-01,2026-07-30 00:00:00,1.12,54.6,37.4,157.8,0.0,RUNNING
TEL-14878,MCH-STABILIZER-01,2026-07-30 00:00:00,1.41,54.9,37.0,156.4,0.0,RUNNING
TEL-14879,MCH-TESTING-01,2026-07-30 00:00:00,0.95,50.2,35.4,159.1,0.0,RUNNING
TEL-14880,MCH-COILING-01,2026-07-30 01:00:00,1.91,50.2,35.6,157.2,1464.3,RUNNING
TEL-14881,MCH-COILING-02,2026-07-30 01:00:00,1.48,56.0,38.9,157.6,1459.5,RUNNING
TEL-14882,MCH-HEATTREAT-01,2026-07-30 01:00:00,1.5,852.4,36.6,154.9,0.0,RUNNING
TEL-14883,MCH-TEMPERING-01,2026-07-30 01:00:00,1.19,50.9,36.2,159.1,0.0,RUNNING
TEL-14884,MCH-SHOTPEEN-01,2026-07-30 01:00:00,1.32,49.2,37.7,160.0,0.0,RUNNING
TEL-14885,MCH-STABILIZER-01,2026-07-30 01:00:00,1.12,54.1,38.2,158.9,0.0,RUNNING
TEL-14886,MCH-TESTING-01,2026-07-30 01:00:00,0.94,47.8,36.5,156.8,0.0,RUNNING
TEL-14887,MCH-COILING-01,2026-07-30 02:00:00,1.86,50.7,37.3,155.4,1460.1,RUNNING
TEL-14888,MCH-COILING-02,2026-07-30 02:00:00,1.64,50.9,36.2,154.1,1457.1,RUNNING
TEL-14889,MCH-HEATTREAT-01,2026-07-30 02:00:00,1.27,856.5,36.6,155.2,0.0,RUNNING
TEL-14890,MCH-TEMPERING-01,2026-07-30 02:00:00,1.44,51.0,37.4,157.0,0.0,RUNNING
TEL-14891,MCH-SHOTPEEN-01,2026-07-30 02:00:00,1.29,54.4,37.3,157.4,0.0,RUNNING
TEL-14892,MCH-STABILIZER-01,2026-07-30 02:00:00,1.22,49.7,37.6,155.5,0.0,RUNNING
TEL-14893,MCH-TESTING-01,2026-07-30 02:00:00,0.93,51.6,36.5,159.6,0.0,RUNNING
TEL-14894,MCH-COILING-01,2026-07-30 03:00:00,1.66,53.8,36.6,158.9,1451.0,RUNNING
TEL-14895,MCH-COILING-02,2026-07-30 03:00:00,1.51,52.1,38.4,159.5,1444.5,RUNNING
TEL-14896,MCH-HEATTREAT-01,2026-07-30 03:00:00,1.35,852.2,37.4,156.6,0.0,RUNNING
TEL-14897,MCH-TEMPERING-01,2026-07-30 03:00:00,1.28,53.2,37.9,158.4,0.0,RUNNING
TEL-14898,MCH-SHOTPEEN-01,2026-07-30 03:00:00,1.1,49.5,35.6,158.5,0.0,RUNNING
TEL-14899,MCH-STABILIZER-01,2026-07-30 03:00:00,1.44,52.1,37.4,160.5,0.0,RUNNING
TEL-14900,MCH-TESTING-01,2026-07-30 03:00:00,1.13,52.9,35.1,159.0,0.0,RUNNING
TEL-14901,MCH-COILING-01,2026-07-30 04:00:00,1.9,52.2,35.5,157.7,1455.0,RUNNING
TEL-14902,MCH-COILING-02,2026-07-30 04:00:00,1.65,56.6,38.6,158.3,1445.8,RUNNING
TEL-14903,MCH-HEATTREAT-01,2026-07-30 04:00:00,1.52,857.3,36.6,156.1,0.0,RUNNING
TEL-14904,MCH-TEMPERING-01,2026-07-30 04:00:00,1.37,52.4,36.3,160.0,0.0,RUNNING
TEL-14905,MCH-SHOTPEEN-01,2026-07-30 04:00:00,1.13,52.0,35.1,157.7,0.0,RUNNING
TEL-14906,MCH-STABILIZER-01,2026-07-30 04:00:00,1.13,48.9,37.0,160.0,0.0,RUNNING
TEL-14907,MCH-TESTING-01,2026-07-30 04:00:00,1.04,50.7,34.9,160.3,0.0,RUNNING
TEL-14908,MCH-COILING-01,2026-07-30 05:00:00,1.86,54.2,36.8,158.2,1458.6,RUNNING
TEL-14909,MCH-COILING-02,2026-07-30 05:00:00,1.6,56.6,38.7,157.4,1446.4,RUNNING
TEL-14910,MCH-HEATTREAT-01,2026-07-30 05:00:00,1.24,851.5,38.1,154.6,0.0,RUNNING
TEL-14911,MCH-TEMPERING-01,2026-07-30 05:00:00,1.32,54.5,36.5,155.7,0.0,RUNNING
TEL-14912,MCH-SHOTPEEN-01,2026-07-30 05:00:00,1.06,51.0,36.7,161.1,0.0,RUNNING
TEL-14913,MCH-STABILIZER-01,2026-07-30 05:00:00,1.44,49.7,37.2,156.3,0.0,IDLE
TEL-14914,MCH-TESTING-01,2026-07-30 05:00:00,1.11,49.8,35.0,159.9,0.0,RUNNING
TEL-14915,MCH-COILING-01,2026-07-30 06:00:00,1.58,52.1,36.0,158.8,1458.2,RUNNING
TEL-14916,MCH-COILING-02,2026-07-30 06:00:00,1.53,55.0,36.8,157.6,1455.8,RUNNING
TEL-14917,MCH-HEATTREAT-01,2026-07-30 06:00:00,1.29,855.5,37.0,157.6,0.0,RUNNING
TEL-14918,MCH-TEMPERING-01,2026-07-30 06:00:00,1.55,52.2,37.2,155.4,0.0,RUNNING
TEL-14919,MCH-SHOTPEEN-01,2026-07-30 06:00:00,1.2,53.3,36.5,160.6,0.0,RUNNING
TEL-14920,MCH-STABILIZER-01,2026-07-30 06:00:00,1.4,51.0,37.7,158.4,0.0,RUNNING
TEL-14921,MCH-TESTING-01,2026-07-30 06:00:00,1.02,51.2,37.1,160.3,0.0,RUNNING
TEL-14922,MCH-COILING-01,2026-07-30 07:00:00,1.6,53.7,37.5,157.6,1461.2,RUNNING
TEL-14923,MCH-COILING-02,2026-07-30 07:00:00,1.73,56.0,37.5,154.1,1441.9,RUNNING
TEL-14924,MCH-HEATTREAT-01,2026-07-30 07:00:00,1.56,853.2,35.6,155.7,0.0,RUNNING
TEL-14925,MCH-TEMPERING-01,2026-07-30 07:00:00,1.33,53.6,35.9,156.8,0.0,RUNNING
TEL-14926,MCH-SHOTPEEN-01,2026-07-30 07:00:00,1.4,50.0,35.1,159.2,0.0,RUNNING
TEL-14927,MCH-STABILIZER-01,2026-07-30 07:00:00,1.22,54.8,36.3,157.0,0.0,RUNNING
TEL-14928,MCH-TESTING-01,2026-07-30 07:00:00,1.1,48.7,34.8,156.6,0.0,IDLE
TEL-14929,MCH-COILING-01,2026-07-30 08:00:00,1.54,49.9,38.0,155.5,1456.6,RUNNING
TEL-14930,MCH-COILING-02,2026-07-30 08:00:00,1.57,55.0,38.2,155.5,1445.7,RUNNING
TEL-14931,MCH-HEATTREAT-01,2026-07-30 08:00:00,1.56,857.7,38.4,157.1,0.0,RUNNING
TEL-14932,MCH-TEMPERING-01,2026-07-30 08:00:00,1.34,52.4,36.3,155.7,0.0,RUNNING
TEL-14933,MCH-SHOTPEEN-01,2026-07-30 08:00:00,1.31,49.6,37.3,160.1,0.0,RUNNING
TEL-14934,MCH-STABILIZER-01,2026-07-30 08:00:00,1.29,53.6,35.7,157.4,0.0,RUNNING
TEL-14935,MCH-TESTING-01,2026-07-30 08:00:00,1.13,52.2,36.3,156.4,0.0,RUNNING
TEL-14936,MCH-COILING-01,2026-07-30 09:00:00,1.58,49.1,36.5,157.6,1457.7,RUNNING
TEL-14937,MCH-COILING-02,2026-07-30 09:00:00,1.46,54.8,36.9,159.5,1450.7,RUNNING
TEL-14938,MCH-HEATTREAT-01,2026-07-30 09:00:00,1.42,856.5,38.4,160.0,0.0,RUNNING
TEL-14939,MCH-TEMPERING-01,2026-07-30 09:00:00,1.52,49.7,38.2,157.4,0.0,RUNNING
TEL-14940,MCH-SHOTPEEN-01,2026-07-30 09:00:00,1.04,49.4,36.7,158.5,0.0,RUNNING
TEL-14941,MCH-STABILIZER-01,2026-07-30 09:00:00,1.29,49.0,37.7,160.7,0.0,RUNNING
TEL-14942,MCH-TESTING-01,2026-07-30 09:00:00,1.13,52.6,35.9,161.0,0.0,RUNNING
TEL-14943,MCH-COILING-01,2026-07-30 10:00:00,1.58,49.8,36.8,155.8,1463.4,RUNNING
TEL-14944,MCH-COILING-02,2026-07-30 10:00:00,1.68,54.1,36.3,159.4,1439.8,RUNNING
TEL-14945,MCH-HEATTREAT-01,2026-07-30 10:00:00,1.46,857.9,37.3,159.4,0.0,RUNNING
TEL-14946,MCH-TEMPERING-01,2026-07-30 10:00:00,1.38,51.9,37.6,154.5,0.0,RUNNING
TEL-14947,MCH-SHOTPEEN-01,2026-07-30 10:00:00,1.09,48.4,37.0,158.1,0.0,RUNNING
TEL-14948,MCH-STABILIZER-01,2026-07-30 10:00:00,1.49,49.6,37.0,159.3,0.0,RUNNING
TEL-14949,MCH-TESTING-01,2026-07-30 10:00:00,0.95,51.0,36.5,157.8,0.0,RUNNING
TEL-14950,MCH-COILING-01,2026-07-30 11:00:00,1.55,50.5,35.6,156.6,1453.6,RUNNING
TEL-14951,MCH-COILING-02,2026-07-30 11:00:00,1.63,55.4,39.0,154.2,1445.8,RUNNING
TEL-14952,MCH-HEATTREAT-01,2026-07-30 11:00:00,1.2,852.5,35.6,160.0,0.0,RUNNING
TEL-14953,MCH-TEMPERING-01,2026-07-30 11:00:00,1.19,52.1,35.5,158.1,0.0,RUNNING
TEL-14954,MCH-SHOTPEEN-01,2026-07-30 11:00:00,1.21,48.3,37.9,159.6,0.0,RUNNING
TEL-14955,MCH-STABILIZER-01,2026-07-30 11:00:00,1.2,49.0,36.6,158.5,0.0,RUNNING
TEL-14956,MCH-TESTING-01,2026-07-30 11:00:00,1.14,50.5,36.9,157.8,0.0,RUNNING
TEL-14957,MCH-COILING-01,2026-07-30 12:00:00,1.67,55.4,37.1,158.1,1437.9,RUNNING
TEL-14958,MCH-COILING-02,2026-07-30 12:00:00,1.5,56.1,37.4,158.9,1446.7,RUNNING
TEL-14959,MCH-HEATTREAT-01,2026-07-30 12:00:00,1.46,852.2,36.1,157.0,0.0,RUNNING
TEL-14960,MCH-TEMPERING-01,2026-07-30 12:00:00,1.39,50.1,37.8,155.3,0.0,RUNNING
TEL-14961,MCH-SHOTPEEN-01,2026-07-30 12:00:00,1.41,49.7,36.7,159.8,0.0,RUNNING
TEL-14962,MCH-STABILIZER-01,2026-07-30 12:00:00,1.13,55.0,36.0,157.2,0.0,RUNNING
TEL-14963,MCH-TESTING-01,2026-07-30 12:00:00,1.23,48.9,35.1,157.7,0.0,RUNNING
TEL-14964,MCH-COILING-01,2026-07-30 13:00:00,1.88,54.9,35.7,159.4,1462.6,RUNNING
TEL-14965,MCH-COILING-02,2026-07-30 13:00:00,1.73,53.7,39.0,156.1,1461.8,RUNNING
TEL-14966,MCH-HEATTREAT-01,2026-07-30 13:00:00,1.54,854.1,37.1,159.4,0.0,RUNNING
TEL-14967,MCH-TEMPERING-01,2026-07-30 13:00:00,1.53,55.4,37.1,157.2,0.0,RUNNING
TEL-14968,MCH-SHOTPEEN-01,2026-07-30 13:00:00,1.41,48.8,36.2,160.1,0.0,RUNNING
TEL-14969,MCH-STABILIZER-01,2026-07-30 13:00:00,1.37,55.2,36.1,155.3,0.0,RUNNING
TEL-14970,MCH-TESTING-01,2026-07-30 13:00:00,0.98,50.9,36.2,161.2,0.0,RUNNING
TEL-14971,MCH-COILING-01,2026-07-30 14:00:00,1.72,49.5,35.8,158.1,1461.4,RUNNING
TEL-14972,MCH-COILING-02,2026-07-30 14:00:00,1.68,53.1,38.1,156.6,1439.4,RUNNING
TEL-14973,MCH-HEATTREAT-01,2026-07-30 14:00:00,1.58,857.8,36.8,154.5,0.0,RUNNING
TEL-14974,MCH-TEMPERING-01,2026-07-30 14:00:00,1.29,52.4,37.2,156.8,0.0,RUNNING
TEL-14975,MCH-SHOTPEEN-01,2026-07-30 14:00:00,1.23,51.1,36.2,158.7,0.0,RUNNING
TEL-14976,MCH-STABILIZER-01,2026-07-30 14:00:00,1.47,54.7,35.7,155.1,0.0,RUNNING
TEL-14977,MCH-TESTING-01,2026-07-30 14:00:00,1.19,53.4,36.5,161.6,0.0,RUNNING
TEL-14978,MCH-COILING-01,2026-07-30 15:00:00,1.91,55.2,37.7,155.4,1445.9,RUNNING
TEL-14979,MCH-COILING-02,2026-07-30 15:00:00,1.78,57.2,36.6,155.0,1435.8,RUNNING
TEL-14980,MCH-HEATTREAT-01,2026-07-30 15:00:00,1.37,854.7,37.2,159.1,0.0,RUNNING
TEL-14981,MCH-TEMPERING-01,2026-07-30 15:00:00,1.26,53.8,36.0,159.2,0.0,RUNNING
TEL-14982,MCH-SHOTPEEN-01,2026-07-30 15:00:00,1.03,51.7,37.2,155.2,0.0,RUNNING
TEL-14983,MCH-STABILIZER-01,2026-07-30 15:00:00,1.48,54.1,35.9,158.7,0.0,IDLE
TEL-14984,MCH-TESTING-01,2026-07-30 15:00:00,1.26,47.4,37.2,157.5,0.0,RUNNING
TEL-14985,MCH-COILING-01,2026-07-30 16:00:00,1.92,54.3,36.6,158.6,1438.8,RUNNING
TEL-14986,MCH-COILING-02,2026-07-30 16:00:00,1.55,56.8,36.9,158.8,1453.1,RUNNING
TEL-14987,MCH-HEATTREAT-01,2026-07-30 16:00:00,1.53,856.6,38.0,154.6,0.0,RUNNING
TEL-14988,MCH-TEMPERING-01,2026-07-30 16:00:00,1.19,49.5,37.0,160.1,0.0,RUNNING
TEL-14989,MCH-SHOTPEEN-01,2026-07-30 16:00:00,1.14,49.8,37.6,155.4,0.0,RUNNING
TEL-14990,MCH-STABILIZER-01,2026-07-30 16:00:00,1.22,52.7,37.5,158.8,0.0,RUNNING
TEL-14991,MCH-TESTING-01,2026-07-30 16:00:00,1.24,49.0,35.7,158.5,0.0,RUNNING
TEL-14992,MCH-COILING-01,2026-07-30 17:00:00,1.79,54.5,36.5,157.7,1456.1,RUNNING
TEL-14993,MCH-COILING-02,2026-07-30 17:00:00,1.73,56.6,38.8,157.7,1459.0,RUNNING
TEL-14994,MCH-HEATTREAT-01,2026-07-30 17:00:00,1.48,853.0,36.6,157.4,0.0,RUNNING
TEL-14995,MCH-TEMPERING-01,2026-07-30 17:00:00,1.38,51.1,37.1,157.5,0.0,RUNNING
TEL-14996,MCH-SHOTPEEN-01,2026-07-30 17:00:00,1.1,51.5,37.7,159.0,0.0,RUNNING
TEL-14997,MCH-STABILIZER-01,2026-07-30 17:00:00,1.4,52.7,36.8,155.8,0.0,RUNNING
TEL-14998,MCH-TESTING-01,2026-07-30 17:00:00,0.99,50.9,34.8,156.9,0.0,RUNNING
TEL-14999,MCH-COILING-01,2026-07-30 18:00:00,1.62,54.6,37.9,157.8,1460.2,RUNNING
TEL-15000,MCH-COILING-02,2026-07-30 18:00:00,1.43,54.4,36.2,156.3,1459.7,RUNNING
TEL-15001,MCH-HEATTREAT-01,2026-07-30 18:00:00,1.58,855.7,35.5,158.7,0.0,RUNNING
TEL-15002,MCH-TEMPERING-01,2026-07-30 18:00:00,1.27,54.3,36.7,160.0,0.0,RUNNING
TEL-15003,MCH-SHOTPEEN-01,2026-07-30 18:00:00,1.17,53.6,35.8,159.6,0.0,RUNNING
TEL-15004,MCH-STABILIZER-01,2026-07-30 18:00:00,1.39,51.3,36.2,157.3,0.0,RUNNING
TEL-15005,MCH-TESTING-01,2026-07-30 18:00:00,0.97,47.7,34.8,160.0,0.0,RUNNING
TEL-15006,MCH-COILING-01,2026-07-30 19:00:00,1.68,53.2,36.8,159.4,1455.0,RUNNING
TEL-15007,MCH-COILING-02,2026-07-30 19:00:00,1.71,56.8,38.6,157.8,1446.5,RUNNING
TEL-15008,MCH-HEATTREAT-01,2026-07-30 19:00:00,1.38,853.9,37.2,155.2,0.0,RUNNING
TEL-15009,MCH-TEMPERING-01,2026-07-30 19:00:00,1.47,51.5,37.4,158.0,0.0,RUNNING
TEL-15010,MCH-SHOTPEEN-01,2026-07-30 19:00:00,1.38,54.2,35.2,157.4,0.0,RUNNING
TEL-15011,MCH-STABILIZER-01,2026-07-30 19:00:00,1.36,52.2,36.9,158.4,0.0,RUNNING
TEL-15012,MCH-TESTING-01,2026-07-30 19:00:00,1.28,50.2,35.4,157.5,0.0,RUNNING
TEL-15013,MCH-COILING-01,2026-07-30 20:00:00,1.71,53.4,37.0,158.8,1447.4,RUNNING
TEL-15014,MCH-COILING-02,2026-07-30 20:00:00,1.62,54.2,38.5,154.9,1450.8,RUNNING
TEL-15015,MCH-HEATTREAT-01,2026-07-30 20:00:00,1.3,851.8,37.9,155.3,0.0,RUNNING
TEL-15016,MCH-TEMPERING-01,2026-07-30 20:00:00,1.56,50.6,35.6,155.5,0.0,RUNNING
TEL-15017,MCH-SHOTPEEN-01,2026-07-30 20:00:00,1.13,48.6,35.3,159.4,0.0,RUNNING
TEL-15018,MCH-STABILIZER-01,2026-07-30 20:00:00,1.44,50.4,37.7,160.2,0.0,RUNNING
TEL-15019,MCH-TESTING-01,2026-07-30 20:00:00,0.93,52.8,35.3,156.0,0.0,RUNNING
TEL-15020,MCH-COILING-01,2026-07-30 21:00:00,1.73,51.1,36.9,156.6,1439.0,RUNNING
TEL-15021,MCH-COILING-02,2026-07-30 21:00:00,1.44,53.3,37.2,155.2,1447.4,RUNNING
TEL-15022,MCH-HEATTREAT-01,2026-07-30 21:00:00,1.29,854.3,38.4,155.7,0.0,RUNNING
TEL-15023,MCH-TEMPERING-01,2026-07-30 21:00:00,1.35,53.0,37.1,158.4,0.0,RUNNING
TEL-15024,MCH-SHOTPEEN-01,2026-07-30 21:00:00,1.4,52.5,36.0,161.0,0.0,RUNNING
TEL-15025,MCH-STABILIZER-01,2026-07-30 21:00:00,1.48,51.6,37.9,158.7,0.0,RUNNING
TEL-15026,MCH-TESTING-01,2026-07-30 21:00:00,1.22,51.8,36.3,160.1,0.0,RUNNING
TEL-15027,MCH-COILING-01,2026-07-30 22:00:00,1.71,50.6,36.7,157.9,1439.2,RUNNING
TEL-15028,MCH-COILING-02,2026-07-30 22:00:00,1.53,51.1,36.5,157.2,1452.5,RUNNING
TEL-15029,MCH-HEATTREAT-01,2026-07-30 22:00:00,1.52,856.1,35.9,159.6,0.0,RUNNING
TEL-15030,MCH-TEMPERING-01,2026-07-30 22:00:00,1.29,52.3,37.6,155.5,0.0,RUNNING
TEL-15031,MCH-SHOTPEEN-01,2026-07-30 22:00:00,1.35,52.7,36.6,156.0,0.0,RUNNING
TEL-15032,MCH-STABILIZER-01,2026-07-30 22:00:00,1.25,49.6,38.2,157.5,0.0,RUNNING
TEL-15033,MCH-TESTING-01,2026-07-30 22:00:00,1.11,52.6,37.2,156.2,0.0,RUNNING
TEL-15034,MCH-COILING-01,2026-07-30 23:00:00,1.54,53.2,38.1,159.8,1459.4,RUNNING
TEL-15035,MCH-COILING-02,2026-07-30 23:00:00,1.4,55.9,38.0,158.6,1457.2,RUNNING
TEL-15036,MCH-HEATTREAT-01,2026-07-30 23:00:00,1.52,852.6,38.4,157.1,0.0,RUNNING
TEL-15037,MCH-TEMPERING-01,2026-07-30 23:00:00,1.22,54.3,37.9,158.3,0.0,RUNNING
TEL-15038,MCH-SHOTPEEN-01,2026-07-30 23:00:00,1.28,54.1,37.2,157.5,0.0,RUNNING
TEL-15039,MCH-STABILIZER-01,2026-07-30 23:00:00,1.44,53.5,36.5,155.9,0.0,IDLE
TEL-15040,MCH-TESTING-01,2026-07-30 23:00:00,1.04,49.9,35.2,160.6,0.0,RUNNING
